antecedents,consequents,antecedent support,consequent support,support,confidence,lift,representativity,leverage,conviction,zhangs_metric,jaccard,certainty,kulczynski,antecedents_str,consequents_str,분류,priority,rank,도메인_목록
frozenset({'유형=FILE'}),frozenset({'표준=N'}),0.8711614860848983,0.9968718392542465,0.8711614860848983,1.0,1.0031379768417308,1.0,0.00272513316398304,inf,0.024279702168986356,0.8738951706536405,1.0,0.9369475853268203,유형=FILE,표준=N,BR,0.8738951706536405,1,[]
frozenset({'유형=FILE'}),"frozenset({'국가중점=N', '표준=N'})",0.8711614860848983,0.9578428203497283,0.8547803509796357,0.9811962129100985,1.0243812367376135,1.0,0.020344576168016104,2.241951552031347,0.18473467018890494,0.8773961533109996,0.5539600313423643,0.9367988467119619,유형=FILE,국가중점=N AND 표준=N,BR,0.8591559631024416,2,[]
"frozenset({'국가중점=N', '유형=FILE'})",frozenset({'표준=N'}),0.8547803509796357,0.9968718392542465,0.8547803509796357,1.0,1.0031379768417308,1.0,0.002673890340175955,inf,0.021540891792920555,0.8574626319257764,1.0,0.9287313159628882,국가중점=N AND 유형=FILE,표준=N,BR,0.8574626319257763,3,[]
"frozenset({'표준=N', '유형=FILE'})",frozenset({'국가중점=N'}),0.8711614860848983,0.9609709810954818,0.8547803509796357,0.9811962129100985,1.0210466623992749,1.0,0.017619443004032953,2.0755935343194007,0.1599896682723393,0.8745879164844075,0.5182101006457867,0.9353463703439382,유형=FILE AND 표준=N,국가중점=N,BR,0.8563592314517174,4,[]
frozenset({'유형=FILE'}),frozenset({'국가중점=N'}),0.8711614860848983,0.9609709810954818,0.8547803509796357,0.9811962129100985,1.0210466623992749,1.0,0.017619443004032953,2.0755935343194007,0.1599896682723393,0.8745879164844075,0.5182101006457867,0.9353463703439382,유형=FILE,국가중점=N,BR,0.8563592314517174,4,[]
frozenset({'형식=CSV'}),"frozenset({'표준=N', '유형=FILE'})",0.6992794803082281,0.8711614860848983,0.6992794803082281,1.0,1.1478928028534836,1.0,0.09009412905423675,inf,0.42843273231622747,0.8026978826289393,1.0,0.9013489413144697,형식=CSV,유형=FILE AND 표준=N,BR,0.8026978826289393,7,[]
"frozenset({'형식=CSV', '표준=N'})",frozenset({'유형=FILE'}),0.6992794803082281,0.8711614860848983,0.6992794803082281,1.0,1.1478928028534836,1.0,0.09009412905423675,inf,0.42843273231622747,0.8026978826289393,1.0,0.9013489413144697,표준=N AND 형식=CSV,유형=FILE,BR,0.8026978826289393,7,[]
frozenset({'형식=CSV'}),frozenset({'유형=FILE'}),0.6992794803082281,0.8711614860848983,0.6992794803082281,1.0,1.1478928028534836,1.0,0.09009412905423675,inf,0.42843273231622747,0.8026978826289393,1.0,0.9013489413144697,형식=CSV,유형=FILE,BR,0.8026978826289393,7,[]
"frozenset({'형식=CSV', '국가중점=N'})",frozenset({'유형=FILE'}),0.6867564101227281,0.8711614860848983,0.6867564101227281,1.0,1.1478928028534836,1.0,0.08848067530188242,inf,0.41130455044772146,0.7883227404933748,1.0,0.8941613702466875,국가중점=N AND 형식=CSV,유형=FILE,BR,0.7883227404933749,10,[]
"frozenset({'형식=CSV', '국가중점=N'})","frozenset({'표준=N', '유형=FILE'})",0.6867564101227281,0.8711614860848983,0.6867564101227281,1.0,1.1478928028534836,1.0,0.08848067530188242,inf,0.41130455044772146,0.7883227404933748,1.0,0.8941613702466875,국가중점=N AND 형식=CSV,유형=FILE AND 표준=N,BR,0.7883227404933749,10,[]
"frozenset({'형식=CSV', '국가중점=N', '표준=N'})",frozenset({'유형=FILE'}),0.6867564101227281,0.8711614860848983,0.6867564101227281,1.0,1.1478928028534836,1.0,0.08848067530188242,inf,0.41130455044772146,0.7883227404933748,1.0,0.8941613702466875,국가중점=N AND 표준=N AND 형식=CSV,유형=FILE,BR,0.7883227404933749,10,[]
"frozenset({'국가중점=N', '표준=N'})",frozenset({'유형=FILE'}),0.9578428203497283,0.8711614860848983,0.8547803509796357,0.8924014805138254,1.0243812367376135,1.0,0.020344576168016104,1.197400433856864,0.5645762020415799,0.8773961533109996,0.16485749317881157,0.9367988467119619,국가중점=N AND 표준=N,유형=FILE,BI,0.7814054348935303,12,[]
frozenset({'국가중점=N'}),"frozenset({'표준=N', '유형=FILE'})",0.9609709810954818,0.8711614860848983,0.8547803509796357,0.8894965277777778,1.0210466623992749,1.0,0.017619443004032953,1.165922765358972,0.5281411544678124,0.8745879164844075,0.1423102544085643,0.9353463703439382,국가중점=N,유형=FILE AND 표준=N,BI,0.7763264399967083,13,[]
frozenset({'국가중점=N'}),frozenset({'유형=FILE'}),0.9609709810954818,0.8711614860848983,0.8547803509796357,0.8894965277777778,1.0210466623992749,1.0,0.017619443004032953,1.165922765358972,0.5281411544678124,0.8745879164844075,0.1423102544085643,0.9353463703439382,국가중점=N,유형=FILE,BI,0.7763264399967083,13,[]
frozenset({'형식=CSV'}),"frozenset({'국가중점=N', '표준=N', '유형=FILE'})",0.6992794803082281,0.8547803509796357,0.6867564101227281,0.9820914662332434,1.1489401518269584,1.0,0.08902605051200374,8.10896363218377,0.43107349642220444,0.7918294720896402,0.8766796787654729,0.8927608692540278,형식=CSV,국가중점=N AND 유형=FILE AND 표준=N,BR,0.7749114285613842,16,[]
frozenset({'형식=CSV'}),"frozenset({'국가중점=N', '유형=FILE'})",0.6992794803082281,0.8547803509796357,0.6867564101227281,0.9820914662332434,1.1489401518269584,1.0,0.08902605051200374,8.10896363218377,0.43107349642220444,0.7918294720896402,0.8766796787654729,0.8927608692540278,형식=CSV,국가중점=N AND 유형=FILE,BR,0.7749114285613842,16,[]
"frozenset({'형식=CSV', '표준=N'})","frozenset({'국가중점=N', '유형=FILE'})",0.6992794803082281,0.8547803509796357,0.6867564101227281,0.9820914662332434,1.1489401518269584,1.0,0.08902605051200374,8.10896363218377,0.43107349642220444,0.7918294720896402,0.8766796787654729,0.8927608692540278,표준=N AND 형식=CSV,국가중점=N AND 유형=FILE,BR,0.7749114285613842,16,[]
frozenset({'표준=N'}),frozenset({'유형=FILE'}),0.9968718392542465,0.8711614860848983,0.8711614860848983,0.8738951706536405,1.0031379768417308,1.0,0.00272513316398304,1.021677873741329,0.99999999999999,0.8738951706536405,0.021217914470385763,0.9369475853268203,표준=N,유형=FILE,BI,0.7636927692917554,18,[]
frozenset({'표준=N'}),"frozenset({'국가중점=N', '유형=FILE'})",0.9968718392542465,0.8547803509796357,0.8547803509796357,0.8574626319257763,1.0031379768417308,1.0,0.002673890340175955,1.0188180894763252,1.0000000000000204,0.8574626319257764,0.018470509770785272,0.9287313159628882,표준=N,국가중점=N AND 유형=FILE,BI,0.7352421651490794,19,[]
"frozenset({'형식=CSV', '유형=FILE'})",frozenset({'표준=N'}),0.6992794803082281,0.9968718392542465,0.6992794803082281,1.0,1.0031379768417308,1.0,0.0021874586206110935,inf,0.010402219140083081,0.7014738031233329,1.0,0.8507369015616664,유형=FILE AND 형식=CSV,표준=N,BR,0.7014738031233329,20,[]
frozenset({'형식=CSV'}),frozenset({'표준=N'}),0.6992794803082281,0.9968718392542465,0.6992794803082281,1.0,1.0031379768417308,1.0,0.0021874586206110935,inf,0.010402219140083081,0.7014738031233329,1.0,0.8507369015616664,형식=CSV,표준=N,BR,0.7014738031233329,20,[]
"frozenset({'형식=CSV', '유형=FILE'})","frozenset({'국가중점=N', '표준=N'})",0.6992794803082281,0.9578428203497283,0.6867564101227281,0.9820914662332434,1.025315892512157,1.0,0.016956580491602646,2.35402742621663,0.08210554548743147,0.7077293388207734,0.5751961133234584,0.8495369153504557,유형=FILE AND 형식=CSV,국가중점=N AND 표준=N,BR,0.6915321061152627,22,[]
frozenset({'형식=CSV'}),"frozenset({'국가중점=N', '표준=N'})",0.6992794803082281,0.9578428203497283,0.6867564101227281,0.9820914662332434,1.025315892512157,1.0,0.016956580491602646,2.35402742621663,0.08210554548743147,0.7077293388207734,0.5751961133234584,0.8495369153504557,형식=CSV,국가중점=N AND 표준=N,BR,0.6915321061152627,22,[]
frozenset({'형식=CSV'}),frozenset({'국가중점=N'}),0.6992794803082281,0.9609709810954818,0.6867564101227281,0.9820914662332434,1.0219782756745523,1.0,0.014769121870991553,2.1793531180630348,0.07151364086577723,0.705455168646437,0.5411482463710241,0.8483699518666217,형식=CSV,국가중점=N,BR,0.6892810250406688,25,[]
"frozenset({'형식=CSV', '유형=FILE'})",frozenset({'국가중점=N'}),0.6992794803082281,0.9609709810954818,0.6867564101227281,0.9820914662332434,1.0219782756745523,1.0,0.014769121870991553,2.1793531180630348,0.07151364086577723,0.705455168646437,0.5411482463710241,0.8483699518666217,유형=FILE AND 형식=CSV,국가중점=N,BR,0.6892810250406688,25,[]
"frozenset({'형식=CSV', '표준=N'})",frozenset({'국가중점=N'}),0.6992794803082281,0.9609709810954818,0.6867564101227281,0.9820914662332434,1.0219782756745523,1.0,0.014769121870991553,2.1793531180630348,0.07151364086577723,0.705455168646437,0.5411482463710241,0.8483699518666217,표준=N AND 형식=CSV,국가중점=N,BR,0.6892810250406688,25,[]
"frozenset({'형식=CSV', '표준=N', '유형=FILE'})",frozenset({'국가중점=N'}),0.6992794803082281,0.9609709810954818,0.6867564101227281,0.9820914662332434,1.0219782756745523,1.0,0.014769121870991553,2.1793531180630348,0.07151364086577723,0.705455168646437,0.5411482463710241,0.8483699518666217,유형=FILE AND 표준=N AND 형식=CSV,국가중점=N,BR,0.6892810250406688,25,[]
"frozenset({'형식=CSV', '국가중점=N'})",frozenset({'표준=N'}),0.6867564101227281,0.9968718392542465,0.6867564101227281,1.0,1.0031379768417308,1.0,0.0021482844440404714,inf,0.009986351985619405,0.6889114358336035,1.0,0.8444557179168017,국가중점=N AND 형식=CSV,표준=N,BR,0.6889114358336035,28,[]
"frozenset({'형식=CSV', '국가중점=N', '유형=FILE'})",frozenset({'표준=N'}),0.6867564101227281,0.9968718392542465,0.6867564101227281,1.0,1.0031379768417308,1.0,0.0021482844440404714,inf,0.009986351985619405,0.6889114358336035,1.0,0.8444557179168017,국가중점=N AND 유형=FILE AND 형식=CSV,표준=N,BR,0.6889114358336035,28,[]
frozenset({'유형=FILE'}),"frozenset({'형식=CSV', '표준=N'})",0.8711614860848983,0.6992794803082281,0.6992794803082281,0.8026978826289394,1.1478928028534836,1.0,0.09009412905423675,1.5241626582557914,1.0000000000000002,0.8026978826289393,0.343902047079167,0.9013489413144697,유형=FILE,표준=N AND 형식=CSV,BI,0.6443238907769825,31,[]
frozenset({'유형=FILE'}),frozenset({'형식=CSV'}),0.8711614860848983,0.6992794803082281,0.6992794803082281,0.8026978826289394,1.1478928028534836,1.0,0.09009412905423675,1.5241626582557914,1.0000000000000002,0.8026978826289393,0.343902047079167,0.9013489413144697,유형=FILE,형식=CSV,BI,0.6443238907769825,31,[]
"frozenset({'표준=N', '유형=FILE'})",frozenset({'형식=CSV'}),0.8711614860848983,0.6992794803082281,0.6992794803082281,0.8026978826289394,1.1478928028534836,1.0,0.09009412905423675,1.5241626582557914,1.0000000000000002,0.8026978826289393,0.343902047079167,0.9013489413144697,유형=FILE AND 표준=N,형식=CSV,BI,0.6443238907769825,31,[]
"frozenset({'국가중점=N', '유형=FILE'})","frozenset({'형식=CSV', '표준=N'})",0.8547803509796357,0.6992794803082281,0.6867564101227281,0.8034302722748121,1.1489401518269584,1.0,0.08902605051200374,1.5298414622224583,0.8926660182965733,0.7918294720896402,0.3463374966009469,0.8927608692540278,국가중점=N AND 유형=FILE,표준=N AND 형식=CSV,BI,0.6339402402363145,34,[]
"frozenset({'국가중점=N', '표준=N', '유형=FILE'})",frozenset({'형식=CSV'}),0.8547803509796357,0.6992794803082281,0.6867564101227281,0.8034302722748121,1.1489401518269584,1.0,0.08902605051200374,1.5298414622224583,0.8926660182965733,0.7918294720896402,0.3463374966009469,0.8927608692540278,국가중점=N AND 유형=FILE AND 표준=N,형식=CSV,BI,0.6339402402363145,34,[]
"frozenset({'국가중점=N', '유형=FILE'})",frozenset({'형식=CSV'}),0.8547803509796357,0.6992794803082281,0.6867564101227281,0.8034302722748121,1.1489401518269584,1.0,0.08902605051200374,1.5298414622224583,0.8926660182965733,0.7918294720896402,0.3463374966009469,0.8927608692540278,국가중점=N AND 유형=FILE,형식=CSV,BI,0.6339402402363145,34,[]
frozenset({'유형=FILE'}),"frozenset({'형식=CSV', '국가중점=N'})",0.8711614860848983,0.6867564101227281,0.6867564101227281,0.7883227404933749,1.1478928028534836,1.0,0.08848067530188242,1.4798169184889127,1.0000000000000002,0.7883227404933748,0.3242407303863432,0.8941613702466875,유형=FILE,국가중점=N AND 형식=CSV,BI,0.621452743178985,37,[]
frozenset({'유형=FILE'}),"frozenset({'형식=CSV', '국가중점=N', '표준=N'})",0.8711614860848983,0.6867564101227281,0.6867564101227281,0.7883227404933749,1.1478928028534836,1.0,0.08848067530188242,1.4798169184889127,1.0000000000000002,0.7883227404933748,0.3242407303863432,0.8941613702466875,유형=FILE,국가중점=N AND 표준=N AND 형식=CSV,BI,0.621452743178985,37,[]
"frozenset({'표준=N', '유형=FILE'})","frozenset({'형식=CSV', '국가중점=N'})",0.8711614860848983,0.6867564101227281,0.6867564101227281,0.7883227404933749,1.1478928028534836,1.0,0.08848067530188242,1.4798169184889127,1.0000000000000002,0.7883227404933748,0.3242407303863432,0.8941613702466875,유형=FILE AND 표준=N,국가중점=N AND 형식=CSV,BI,0.621452743178985,37,[]
"frozenset({'심의=자동승인', '표준=N'})",frozenset({'유형=API'}),0.06878825479911994,0.1257103531693482,0.06878825479911994,1.0,7.954794293297943,1.0,0.06014085899441947,inf,0.9388730880343987,0.5471964167219642,1.0,0.773598208360982,심의=자동승인 AND 표준=N,유형=API,BR,0.5471964167219642,40,[]
frozenset({'심의=자동승인'}),frozenset({'유형=API'}),0.06878825479911994,0.1257103531693482,0.06878825479911994,1.0,7.954794293297943,1.0,0.06014085899441947,inf,0.9388730880343987,0.5471964167219642,1.0,0.773598208360982,심의=자동승인,유형=API,BR,0.5471964167219642,40,[]
frozenset({'심의=자동승인'}),"frozenset({'유형=API', '표준=N'})",0.06878825479911994,0.1257103531693482,0.06878825479911994,1.0,7.954794293297943,1.0,0.06014085899441947,inf,0.9388730880343987,0.5471964167219642,1.0,0.773598208360982,심의=자동승인,유형=API AND 표준=N,BR,0.5471964167219642,40,[]
frozenset({'주기=수시'}),"frozenset({'표준=N', '유형=FILE'})",0.4467951993159755,0.8711614860848983,0.4467951993159755,1.0,1.1478928028534836,1.0,0.05756442950427193,inf,0.23289478644400036,0.5128729936442961,1.0,0.756436496822148,주기=수시,유형=FILE AND 표준=N,BR,0.512872993644296,43,[]
"frozenset({'표준=N', '주기=수시'})",frozenset({'유형=FILE'}),0.4467951993159755,0.8711614860848983,0.4467951993159755,1.0,1.1478928028534836,1.0,0.05756442950427193,inf,0.23289478644400036,0.5128729936442961,1.0,0.756436496822148,주기=수시 AND 표준=N,유형=FILE,BR,0.512872993644296,43,[]
frozenset({'주기=수시'}),frozenset({'유형=FILE'}),0.4467951993159755,0.8711614860848983,0.4467951993159755,1.0,1.1478928028534836,1.0,0.05756442950427193,inf,0.23289478644400036,0.5128729936442961,1.0,0.756436496822148,주기=수시,유형=FILE,BR,0.512872993644296,43,[]
"frozenset({'국가중점=N', '주기=수시'})",frozenset({'유형=FILE'}),0.4374211442812008,0.8711614860848983,0.4374211442812008,1.0,1.1478928028534836,1.0,0.05635669018423323,inf,0.22901414193835384,0.5021125833363256,1.0,0.7510562916681629,국가중점=N AND 주기=수시,유형=FILE,BR,0.5021125833363257,46,[]
"frozenset({'국가중점=N', '표준=N', '주기=수시'})",frozenset({'유형=FILE'}),0.4374211442812008,0.8711614860848983,0.4374211442812008,1.0,1.1478928028534836,1.0,0.05635669018423323,inf,0.22901414193835384,0.5021125833363256,1.0,0.7510562916681629,국가중점=N AND 주기=수시 AND 표준=N,유형=FILE,BR,0.5021125833363257,46,[]
"frozenset({'국가중점=N', '주기=수시'})","frozenset({'표준=N', '유형=FILE'})",0.4374211442812008,0.8711614860848983,0.4374211442812008,1.0,1.1478928028534836,1.0,0.05635669018423323,inf,0.22901414193835384,0.5021125833363256,1.0,0.7510562916681629,국가중점=N AND 주기=수시,유형=FILE AND 표준=N,BR,0.5021125833363257,46,[]
frozenset({'주기=수시'}),"frozenset({'국가중점=N', '유형=FILE'})",0.4467951993159755,0.8547803509796357,0.4374211442812008,0.9790193470092652,1.145346106619371,1.0,0.05550938699387503,6.921598154475659,0.22939329451949786,0.506184012066365,0.8555246956436819,0.7453772445010218,주기=수시,국가중점=N AND 유형=FILE,BR,0.49048732668444295,49,[]
"frozenset({'표준=N', '주기=수시'})","frozenset({'국가중점=N', '유형=FILE'})",0.4467951993159755,0.8547803509796357,0.4374211442812008,0.9790193470092652,1.145346106619371,1.0,0.05550938699387503,6.921598154475659,0.22939329451949786,0.506184012066365,0.8555246956436819,0.7453772445010218,주기=수시 AND 표준=N,국가중점=N AND 유형=FILE,BR,0.49048732668444295,49,[]
frozenset({'주기=수시'}),"frozenset({'국가중점=N', '표준=N', '유형=FILE'})",0.4467951993159755,0.8547803509796357,0.4374211442812008,0.9790193470092652,1.145346106619371,1.0,0.05550938699387503,6.921598154475659,0.22939329451949786,0.506184012066365,0.8555246956436819,0.7453772445010218,주기=수시,국가중점=N AND 유형=FILE AND 표준=N,BR,0.49048732668444295,49,[]
frozenset({'형식=JSON+XML'}),frozenset({'유형=API'}),0.05926821892954339,0.1257103531693482,0.05926821892954339,1.0,7.954794293297943,1.0,0.05181759019619224,inf,0.9293718618029461,0.47146648971466487,1.0,0.7357332448573324,형식=JSON+XML,유형=API,BR,0.47146648971466487,52,[]
frozenset({'형식=JSON+XML'}),"frozenset({'유형=API', '표준=N'})",0.05926821892954339,0.1257103531693482,0.05926821892954339,1.0,7.954794293297943,1.0,0.05181759019619224,inf,0.9293718618029461,0.47146648971466487,1.0,0.7357332448573324,형식=JSON+XML,유형=API AND 표준=N,BR,0.47146648971466487,52,[]
"frozenset({'형식=JSON+XML', '표준=N'})",frozenset({'유형=API'}),0.05926821892954339,0.1257103531693482,0.05926821892954339,1.0,7.954794293297943,1.0,0.05181759019619224,inf,0.9293718618029461,0.47146648971466487,1.0,0.7357332448573324,표준=N AND 형식=JSON+XML,유형=API,BR,0.47146648971466487,52,[]
"frozenset({'표준=N', '주기=연간'})","frozenset({'형식=CSV', '유형=FILE'})",0.38915362397422393,0.6992794803082281,0.3646079893225447,0.936925591490046,1.3398442509382205,1.0,0.09248084538978579,4.767710499327376,0.4152346708921694,0.5037238716740857,0.7902557212437544,0.7291654186518419,주기=연간 AND 표준=N,유형=FILE AND 형식=CSV,BI,0.4577049395941488,58,[]
"frozenset({'표준=N', '주기=연간', '유형=FILE'})",frozenset({'형식=CSV'}),0.38915362397422393,0.6992794803082281,0.3646079893225447,0.936925591490046,1.3398442509382205,1.0,0.09248084538978579,4.767710499327376,0.4152346708921694,0.5037238716740857,0.7902557212437544,0.7291654186518419,유형=FILE AND 주기=연간 AND 표준=N,형식=CSV,BI,0.4577049395941488,58,[]
"frozenset({'주기=연간', '유형=FILE'})","frozenset({'형식=CSV', '표준=N'})",0.38915362397422393,0.6992794803082281,0.3646079893225447,0.936925591490046,1.3398442509382205,1.0,0.09248084538978579,4.767710499327376,0.4152346708921694,0.5037238716740857,0.7902557212437544,0.7291654186518419,유형=FILE AND 주기=연간,표준=N AND 형식=CSV,BI,0.4577049395941488,58,[]
"frozenset({'주기=연간', '유형=FILE'})",frozenset({'형식=CSV'}),0.38915362397422393,0.6992794803082281,0.3646079893225447,0.936925591490046,1.3398442509382205,1.0,0.09248084538978579,4.767710499327376,0.4152346708921694,0.5037238716740857,0.7902557212437544,0.7291654186518419,유형=FILE AND 주기=연간,형식=CSV,BI,0.4577049395941488,58,[]
frozenset({'주기=연간'}),"frozenset({'형식=CSV', '유형=FILE'})",0.38915362397422393,0.6992794803082281,0.3646079893225447,0.936925591490046,1.3398442509382205,1.0,0.09248084538978579,4.767710499327376,0.4152346708921694,0.5037238716740857,0.7902557212437544,0.7291654186518419,주기=연간,유형=FILE AND 형식=CSV,BI,0.4577049395941488,58,[]
"frozenset({'표준=N', '주기=연간'})",frozenset({'형식=CSV'}),0.38915362397422393,0.6992794803082281,0.3646079893225447,0.936925591490046,1.3398442509382205,1.0,0.09248084538978579,4.767710499327376,0.4152346708921694,0.5037238716740857,0.7902557212437544,0.7291654186518419,주기=연간 AND 표준=N,형식=CSV,BI,0.4577049395941488,58,[]
frozenset({'주기=연간'}),"frozenset({'형식=CSV', '표준=N'})",0.38915362397422393,0.6992794803082281,0.3646079893225447,0.936925591490046,1.3398442509382205,1.0,0.09248084538978579,4.767710499327376,0.4152346708921694,0.5037238716740857,0.7902557212437544,0.7291654186518419,주기=연간,표준=N AND 형식=CSV,BI,0.4577049395941488,58,[]
frozenset({'주기=연간'}),"frozenset({'형식=CSV', '표준=N', '유형=FILE'})",0.38915362397422393,0.6992794803082281,0.3646079893225447,0.936925591490046,1.3398442509382205,1.0,0.09248084538978579,4.767710499327376,0.4152346708921694,0.5037238716740857,0.7902557212437544,0.7291654186518419,주기=연간,유형=FILE AND 표준=N AND 형식=CSV,BI,0.4577049395941488,58,[]
frozenset({'주기=연간'}),frozenset({'형식=CSV'}),0.38915362397422393,0.6992794803082281,0.3646079893225447,0.936925591490046,1.3398442509382205,1.0,0.09248084538978579,4.767710499327376,0.4152346708921694,0.5037238716740857,0.7902557212437544,0.7291654186518419,주기=연간,형식=CSV,BI,0.4577049395941488,58,[]
frozenset({'심의=심의필요'}),"frozenset({'유형=API', '표준=N'})",0.05692209837022825,0.1257103531693482,0.05692209837022825,1.0,7.954794293297943,1.0,0.049766401280966474,inf,0.9270598381318826,0.45280358327803577,1.0,0.7264017916390179,심의=심의필요,유형=API AND 표준=N,BR,0.4528035832780358,64,[]
"frozenset({'표준=N', '심의=심의필요'})",frozenset({'유형=API'}),0.05692209837022825,0.1257103531693482,0.05692209837022825,1.0,7.954794293297943,1.0,0.049766401280966474,inf,0.9270598381318826,0.45280358327803577,1.0,0.7264017916390179,심의=심의필요 AND 표준=N,유형=API,BR,0.4528035832780358,64,[]
frozenset({'심의=심의필요'}),frozenset({'유형=API'}),0.05692209837022825,0.1257103531693482,0.05692209837022825,1.0,7.954794293297943,1.0,0.049766401280966474,inf,0.9270598381318826,0.45280358327803577,1.0,0.7264017916390179,심의=심의필요,유형=API,BR,0.4528035832780358,64,[]
"frozenset({'국가중점=N', '주기=연간', '유형=FILE'})",frozenset({'형식=CSV'}),0.38285559367277355,0.6992794803082281,0.3586957655130705,0.936895715880927,1.339801527520817,1.0,0.09097270493647525,4.765453310972282,0.4109585886707965,0.4958201210723551,0.7901563744843462,0.7249231125517992,국가중점=N AND 유형=FILE AND 주기=연간,형식=CSV,BI,0.4502544060927724,70,[]
"frozenset({'국가중점=N', '주기=연간'})","frozenset({'형식=CSV', '유형=FILE'})",0.38285559367277355,0.6992794803082281,0.3586957655130705,0.936895715880927,1.339801527520817,1.0,0.09097270493647525,4.765453310972282,0.4109585886707965,0.4958201210723551,0.7901563744843462,0.7249231125517992,국가중점=N AND 주기=연간,유형=FILE AND 형식=CSV,BI,0.4502544060927724,70,[]
"frozenset({'국가중점=N', '표준=N', '주기=연간'})",frozenset({'형식=CSV'}),0.38285559367277355,0.6992794803082281,0.3586957655130705,0.936895715880927,1.339801527520817,1.0,0.09097270493647525,4.765453310972282,0.4109585886707965,0.4958201210723551,0.7901563744843462,0.7249231125517992,국가중점=N AND 주기=연간 AND 표준=N,형식=CSV,BI,0.4502544060927724,70,[]
"frozenset({'국가중점=N', '주기=연간', '유형=FILE'})","frozenset({'형식=CSV', '표준=N'})",0.38285559367277355,0.6992794803082281,0.3586957655130705,0.936895715880927,1.339801527520817,1.0,0.09097270493647525,4.765453310972282,0.4109585886707965,0.4958201210723551,0.7901563744843462,0.7249231125517992,국가중점=N AND 유형=FILE AND 주기=연간,표준=N AND 형식=CSV,BI,0.4502544060927724,70,[]
"frozenset({'국가중점=N', '표준=N', '주기=연간'})","frozenset({'형식=CSV', '유형=FILE'})",0.38285559367277355,0.6992794803082281,0.3586957655130705,0.936895715880927,1.339801527520817,1.0,0.09097270493647525,4.765453310972282,0.4109585886707965,0.4958201210723551,0.7901563744843462,0.7249231125517992,국가중점=N AND 주기=연간 AND 표준=N,유형=FILE AND 형식=CSV,BI,0.4502544060927724,70,[]
"frozenset({'국가중점=N', '주기=연간'})","frozenset({'형식=CSV', '표준=N', '유형=FILE'})",0.38285559367277355,0.6992794803082281,0.3586957655130705,0.936895715880927,1.339801527520817,1.0,0.09097270493647525,4.765453310972282,0.4109585886707965,0.4958201210723551,0.7901563744843462,0.7249231125517992,국가중점=N AND 주기=연간,유형=FILE AND 표준=N AND 형식=CSV,BI,0.4502544060927724,70,[]
"frozenset({'국가중점=N', '주기=연간'})",frozenset({'형식=CSV'}),0.38285559367277355,0.6992794803082281,0.3586957655130705,0.936895715880927,1.339801527520817,1.0,0.09097270493647525,4.765453310972282,0.4109585886707965,0.4958201210723551,0.7901563744843462,0.7249231125517992,국가중점=N AND 주기=연간,형식=CSV,BI,0.4502544060927724,70,[]
"frozenset({'국가중점=N', '주기=연간'})","frozenset({'형식=CSV', '표준=N'})",0.38285559367277355,0.6992794803082281,0.3586957655130705,0.936895715880927,1.339801527520817,1.0,0.09097270493647525,4.765453310972282,0.4109585886707965,0.4958201210723551,0.7901563744843462,0.7249231125517992,국가중점=N AND 주기=연간,표준=N AND 형식=CSV,BI,0.4502544060927724,70,[]
"frozenset({'국가중점=N', '표준=N', '주기=연간', '유형=FILE'})",frozenset({'형식=CSV'}),0.38285559367277355,0.6992794803082281,0.3586957655130705,0.936895715880927,1.339801527520817,1.0,0.09097270493647525,4.765453310972282,0.4109585886707965,0.4958201210723551,0.7901563744843462,0.7249231125517992,국가중점=N AND 유형=FILE AND 주기=연간 AND 표준=N,형식=CSV,BI,0.4502544060927724,70,[]
"frozenset({'주기=수시', '유형=FILE'})",frozenset({'표준=N'}),0.4467951993159755,0.9968718392542465,0.4467951993159755,1.0,1.0031379768417308,1.0,0.0013976472038913501,inf,0.0056546160515700775,0.4481972323044256,1.0,0.7240986161522127,유형=FILE AND 주기=수시,표준=N,BR,0.44819723230442554,75,[]
frozenset({'주기=수시'}),frozenset({'표준=N'}),0.4467951993159755,0.9968718392542465,0.4467951993159755,1.0,1.0031379768417308,1.0,0.0013976472038913501,inf,0.0056546160515700775,0.4481972323044256,1.0,0.7240986161522127,주기=수시,표준=N,BR,0.44819723230442554,75,[]
"frozenset({'심의=자동승인', '국가중점=N', '표준=N'})",frozenset({'유형=API'}),0.056327747828535085,0.1257103531693482,0.056327747828535085,1.0,7.954794293297943,1.0,0.04924676675577595,inf,0.9264759505419831,0.44807564698075647,1.0,0.7240378234903783,국가중점=N AND 심의=자동승인 AND 표준=N,유형=API,BR,0.44807564698075647,78,[]
"frozenset({'국가중점=N', '심의=자동승인'})","frozenset({'유형=API', '표준=N'})",0.056327747828535085,0.1257103531693482,0.056327747828535085,1.0,7.954794293297943,1.0,0.04924676675577595,inf,0.9264759505419831,0.44807564698075647,1.0,0.7240378234903783,국가중점=N AND 심의=자동승인,유형=API AND 표준=N,BR,0.44807564698075647,78,[]
"frozenset({'국가중점=N', '심의=자동승인'})",frozenset({'유형=API'}),0.056327747828535085,0.1257103531693482,0.056327747828535085,1.0,7.954794293297943,1.0,0.04924676675577595,inf,0.9264759505419831,0.44807564698075647,1.0,0.7240378234903783,국가중점=N AND 심의=자동승인,유형=API,BR,0.44807564698075647,78,[]
frozenset({'주기=연간'}),"frozenset({'표준=N', '유형=FILE'})",0.38915362397422393,0.8711614860848983,0.38915362397422393,1.0,1.1478928028534836,1.0,0.05013797459751529,inf,0.2109180294288347,0.4467066441643626,1.0,0.7233533220821813,주기=연간,유형=FILE AND 표준=N,BR,0.4467066441643625,81,[]
"frozenset({'표준=N', '주기=연간'})",frozenset({'유형=FILE'}),0.38915362397422393,0.8711614860848983,0.38915362397422393,1.0,1.1478928028534836,1.0,0.05013797459751529,inf,0.2109180294288347,0.4467066441643626,1.0,0.7233533220821813,주기=연간 AND 표준=N,유형=FILE,BR,0.4467066441643625,81,[]
frozenset({'주기=연간'}),frozenset({'유형=FILE'}),0.38915362397422393,0.8711614860848983,0.38915362397422393,1.0,1.1478928028534836,1.0,0.05013797459751529,inf,0.2109180294288347,0.4467066441643626,1.0,0.7233533220821813,주기=연간,유형=FILE,BR,0.4467066441643625,81,[]
frozenset({'주기=연간'}),"frozenset({'형식=CSV', '국가중점=N'})",0.38915362397422393,0.6867564101227281,0.3586957655130705,0.9217330725328904,1.3421543052916975,1.0,0.09144201972628241,4.0022471817219,0.41733764260472106,0.500123577046654,0.7501403699983951,0.7220186421848807,주기=연간,국가중점=N AND 형식=CSV,BI,0.44374540525389045,87,[]
frozenset({'주기=연간'}),"frozenset({'형식=CSV', '국가중점=N', '표준=N', '유형=FILE'})",0.38915362397422393,0.6867564101227281,0.3586957655130705,0.9217330725328904,1.3421543052916975,1.0,0.09144201972628241,4.0022471817219,0.41733764260472106,0.500123577046654,0.7501403699983951,0.7220186421848807,주기=연간,국가중점=N AND 유형=FILE AND 표준=N AND 형식=CSV,BI,0.44374540525389045,87,[]
"frozenset({'표준=N', '주기=연간'})","frozenset({'형식=CSV', '국가중점=N', '유형=FILE'})",0.38915362397422393,0.6867564101227281,0.3586957655130705,0.9217330725328904,1.3421543052916975,1.0,0.09144201972628241,4.0022471817219,0.41733764260472106,0.500123577046654,0.7501403699983951,0.7220186421848807,주기=연간 AND 표준=N,국가중점=N AND 유형=FILE AND 형식=CSV,BI,0.44374540525389045,87,[]
"frozenset({'표준=N', '주기=연간'})","frozenset({'형식=CSV', '국가중점=N'})",0.38915362397422393,0.6867564101227281,0.3586957655130705,0.9217330725328904,1.3421543052916975,1.0,0.09144201972628241,4.0022471817219,0.41733764260472106,0.500123577046654,0.7501403699983951,0.7220186421848807,주기=연간 AND 표준=N,국가중점=N AND 형식=CSV,BI,0.44374540525389045,87,[]
frozenset({'주기=연간'}),"frozenset({'형식=CSV', '국가중점=N', '유형=FILE'})",0.38915362397422393,0.6867564101227281,0.3586957655130705,0.9217330725328904,1.3421543052916975,1.0,0.09144201972628241,4.0022471817219,0.41733764260472106,0.500123577046654,0.7501403699983951,0.7220186421848807,주기=연간,국가중점=N AND 유형=FILE AND 형식=CSV,BI,0.44374540525389045,87,[]
"frozenset({'주기=연간', '유형=FILE'})","frozenset({'형식=CSV', '국가중점=N'})",0.38915362397422393,0.6867564101227281,0.3586957655130705,0.9217330725328904,1.3421543052916975,1.0,0.09144201972628241,4.0022471817219,0.41733764260472106,0.500123577046654,0.7501403699983951,0.7220186421848807,유형=FILE AND 주기=연간,국가중점=N AND 형식=CSV,BI,0.44374540525389045,87,[]
frozenset({'주기=연간'}),"frozenset({'형식=CSV', '국가중점=N', '표준=N'})",0.38915362397422393,0.6867564101227281,0.3586957655130705,0.9217330725328904,1.3421543052916975,1.0,0.09144201972628241,4.0022471817219,0.41733764260472106,0.500123577046654,0.7501403699983951,0.7220186421848807,주기=연간,국가중점=N AND 표준=N AND 형식=CSV,BI,0.44374540525389045,87,[]
"frozenset({'주기=연간', '유형=FILE'})","frozenset({'형식=CSV', '국가중점=N', '표준=N'})",0.38915362397422393,0.6867564101227281,0.3586957655130705,0.9217330725328904,1.3421543052916975,1.0,0.09144201972628241,4.0022471817219,0.41733764260472106,0.500123577046654,0.7501403699983951,0.7220186421848807,유형=FILE AND 주기=연간,국가중점=N AND 표준=N AND 형식=CSV,BI,0.44374540525389045,87,[]
"frozenset({'표준=N', '주기=연간', '유형=FILE'})","frozenset({'형식=CSV', '국가중점=N'})",0.38915362397422393,0.6867564101227281,0.3586957655130705,0.9217330725328904,1.3421543052916975,1.0,0.09144201972628241,4.0022471817219,0.41733764260472106,0.500123577046654,0.7501403699983951,0.7220186421848807,유형=FILE AND 주기=연간 AND 표준=N,국가중점=N AND 형식=CSV,BI,0.44374540525389045,87,[]
"frozenset({'국가중점=N', '주기=연간'})",frozenset({'유형=FILE'}),0.38285559367277355,0.8711614860848983,0.38285559367277355,1.0,1.1478928028534836,1.0,0.04932654573288414,inf,0.20876558645625645,0.43947718050917456,1.0,0.7197385902545872,국가중점=N AND 주기=연간,유형=FILE,BR,0.4394771805091745,93,[]
"frozenset({'국가중점=N', '주기=연간'})","frozenset({'표준=N', '유형=FILE'})",0.38285559367277355,0.8711614860848983,0.38285559367277355,1.0,1.1478928028534836,1.0,0.04932654573288414,inf,0.20876558645625645,0.43947718050917456,1.0,0.7197385902545872,국가중점=N AND 주기=연간,유형=FILE AND 표준=N,BR,0.4394771805091745,93,[]
"frozenset({'국가중점=N', '표준=N', '주기=연간'})",frozenset({'유형=FILE'}),0.38285559367277355,0.8711614860848983,0.38285559367277355,1.0,1.1478928028534836,1.0,0.04932654573288414,inf,0.20876558645625645,0.43947718050917456,1.0,0.7197385902545872,국가중점=N AND 주기=연간 AND 표준=N,유형=FILE,BR,0.4394771805091745,93,[]
"frozenset({'국가중점=N', '주기=수시', '유형=FILE'})",frozenset({'표준=N'}),0.4374211442812008,0.9968718392542465,0.4374211442812008,1.0,1.0031379768417308,1.0,0.001368323652903014,inf,0.005560395158749176,0.4387937617020386,1.0,0.7193968808510194,국가중점=N AND 유형=FILE AND 주기=수시,표준=N,BR,0.4387937617020386,95,[]
"frozenset({'국가중점=N', '주기=수시'})",frozenset({'표준=N'}),0.4374211442812008,0.9968718392542465,0.4374211442812008,1.0,1.0031379768417308,1.0,0.001368323652903014,inf,0.005560395158749176,0.4387937617020386,1.0,0.7193968808510194,국가중점=N AND 주기=수시,표준=N,BR,0.4387937617020386,95,[]
frozenset({'주기=수시'}),"frozenset({'국가중점=N', '표준=N'})",0.4467951993159755,0.9578428203497283,0.4374211442812008,0.9790193470092652,1.0221085612478724,1.0,0.009461570449667833,2.0093359186145694,0.0391000681923783,0.4522472212938907,0.5023231353523523,0.7178462726772866,주기=수시,국가중점=N AND 표준=N,BR,0.43771161650646523,97,[]
"frozenset({'주기=수시', '유형=FILE'})","frozenset({'국가중점=N', '표준=N'})",0.4467951993159755,0.9578428203497283,0.4374211442812008,0.9790193470092652,1.0221085612478724,1.0,0.009461570449667833,2.0093359186145694,0.0391000681923783,0.4522472212938907,0.5023231353523523,0.7178462726772866,유형=FILE AND 주기=수시,국가중점=N AND 표준=N,BR,0.43771161650646523,97,[]
"frozenset({'주기=수시', '유형=FILE'})",frozenset({'국가중점=N'}),0.4467951993159755,0.9609709810954818,0.4374211442812008,0.9790193470092652,1.018781384941727,1.0,0.008063923245776483,1.860238521734934,0.03332427216868995,0.45078928421753944,0.46243452744578184,0.7171029894768548,유형=FILE AND 주기=수시,국가중점=N,BR,0.4362867740048166,100,[]
"frozenset({'표준=N', '주기=수시'})",frozenset({'국가중점=N'}),0.4467951993159755,0.9609709810954818,0.4374211442812008,0.9790193470092652,1.018781384941727,1.0,0.008063923245776483,1.860238521734934,0.03332427216868995,0.45078928421753944,0.46243452744578184,0.7171029894768548,주기=수시 AND 표준=N,국가중점=N,BR,0.4362867740048166,100,[]
"frozenset({'표준=N', '주기=수시', '유형=FILE'})",frozenset({'국가중점=N'}),0.4467951993159755,0.9609709810954818,0.4374211442812008,0.9790193470092652,1.018781384941727,1.0,0.008063923245776483,1.860238521734934,0.03332427216868995,0.45078928421753944,0.46243452744578184,0.7171029894768548,유형=FILE AND 주기=수시 AND 표준=N,국가중점=N,BR,0.4362867740048166,100,[]
frozenset({'주기=수시'}),frozenset({'국가중점=N'}),0.4467951993159755,0.9609709810954818,0.4374211442812008,0.9790193470092652,1.018781384941727,1.0,0.008063923245776483,1.860238521734934,0.03332427216868995,0.45078928421753944,0.46243452744578184,0.7171029894768548,주기=수시,국가중점=N,BR,0.4362867740048166,100,[]
frozenset({'주기=연간'}),"frozenset({'국가중점=N', '표준=N', '유형=FILE'})",0.38915362397422393,0.8547803509796357,0.38285559367277355,0.9838160820985505,1.1509577647298879,1.0,0.05021472238708924,8.973083644187183,0.21471583174615258,0.44462339549527735,0.8885555914049897,0.7158577336422294,주기=연간,국가중점=N AND 유형=FILE AND 표준=N,BR,0.4335191648780308,104,[]
frozenset({'주기=연간'}),"frozenset({'국가중점=N', '유형=FILE'})",0.38915362397422393,0.8547803509796357,0.38285559367277355,0.9838160820985505,1.1509577647298879,1.0,0.05021472238708924,8.973083644187183,0.21471583174615258,0.44462339549527735,0.8885555914049897,0.7158577336422294,주기=연간,국가중점=N AND 유형=FILE,BR,0.4335191648780308,104,[]
"frozenset({'표준=N', '주기=연간'})","frozenset({'국가중점=N', '유형=FILE'})",0.38915362397422393,0.8547803509796357,0.38285559367277355,0.9838160820985505,1.1509577647298879,1.0,0.05021472238708924,8.973083644187183,0.21471583174615258,0.44462339549527735,0.8885555914049897,0.7158577336422294,주기=연간 AND 표준=N,국가중점=N AND 유형=FILE,BR,0.4335191648780308,104,[]
"frozenset({'형식=CSV', '주기=연간'})",frozenset({'유형=FILE'}),0.3646079893225447,0.8711614860848983,0.3646079893225447,1.0,1.1478928028534836,1.0,0.046975551505889945,inf,0.20277011946960752,0.4185308868062288,1.0,0.7092654434031145,주기=연간 AND 형식=CSV,유형=FILE,BR,0.41853088680622885,107,[]
"frozenset({'형식=CSV', '주기=연간'})","frozenset({'표준=N', '유형=FILE'})",0.3646079893225447,0.8711614860848983,0.3646079893225447,1.0,1.1478928028534836,1.0,0.046975551505889945,inf,0.20277011946960752,0.4185308868062288,1.0,0.7092654434031145,주기=연간 AND 형식=CSV,유형=FILE AND 표준=N,BR,0.41853088680622885,107,[]
"frozenset({'형식=CSV', '표준=N', '주기=연간'})",frozenset({'유형=FILE'}),0.3646079893225447,0.8711614860848983,0.3646079893225447,1.0,1.1478928028534836,1.0,0.046975551505889945,inf,0.20277011946960752,0.4185308868062288,1.0,0.7092654434031145,주기=연간 AND 표준=N AND 형식=CSV,유형=FILE,BR,0.41853088680622885,107,[]
"frozenset({'형식=CSV', '국가중점=N', '주기=연간'})",frozenset({'유형=FILE'}),0.3586957655130705,0.8711614860848983,0.3586957655130705,1.0,1.1478928028534836,1.0,0.046213829376343774,inf,0.20090076906817544,0.41174428764647447,1.0,0.7058721438232372,국가중점=N AND 주기=연간 AND 형식=CSV,유형=FILE,BR,0.4117442876464744,110,[]
"frozenset({'형식=CSV', '국가중점=N', '주기=연간'})","frozenset({'표준=N', '유형=FILE'})",0.3586957655130705,0.8711614860848983,0.3586957655130705,1.0,1.1478928028534836,1.0,0.046213829376343774,inf,0.20090076906817544,0.41174428764647447,1.0,0.7058721438232372,국가중점=N AND 주기=연간 AND 형식=CSV,유형=FILE AND 표준=N,BR,0.4117442876464744,110,[]
"frozenset({'형식=CSV', '국가중점=N', '표준=N', '주기=연간'})",frozenset({'유형=FILE'}),0.3586957655130705,0.8711614860848983,0.3586957655130705,1.0,1.1478928028534836,1.0,0.046213829376343774,inf,0.20090076906817544,0.41174428764647447,1.0,0.7058721438232372,국가중점=N AND 주기=연간 AND 표준=N AND 형식=CSV,유형=FILE,BR,0.4117442876464744,110,[]
"frozenset({'형식=CSV', '주기=연간'})","frozenset({'국가중점=N', '유형=FILE'})",0.3646079893225447,0.8547803509796357,0.3586957655130705,0.9837847112992248,1.1509210643082068,1.0,0.04703602042996646,8.95572392820994,0.20637760624185167,0.4167524805253019,0.88833956830111,0.7017098632128016,주기=연간 AND 형식=CSV,국가중점=N AND 유형=FILE,BR,0.4061363462672223,113,[]
"frozenset({'형식=CSV', '주기=연간'})","frozenset({'국가중점=N', '표준=N', '유형=FILE'})",0.3646079893225447,0.8547803509796357,0.3586957655130705,0.9837847112992248,1.1509210643082068,1.0,0.04703602042996646,8.95572392820994,0.20637760624185167,0.4167524805253019,0.88833956830111,0.7017098632128016,주기=연간 AND 형식=CSV,국가중점=N AND 유형=FILE AND 표준=N,BR,0.4061363462672223,113,[]
"frozenset({'형식=CSV', '표준=N', '주기=연간'})","frozenset({'국가중점=N', '유형=FILE'})",0.3646079893225447,0.8547803509796357,0.3586957655130705,0.9837847112992248,1.1509210643082068,1.0,0.04703602042996646,8.95572392820994,0.20637760624185167,0.4167524805253019,0.88833956830111,0.7017098632128016,주기=연간 AND 표준=N AND 형식=CSV,국가중점=N AND 유형=FILE,BR,0.4061363462672223,113,[]
"frozenset({'주기=연간', '유형=FILE'})",frozenset({'표준=N'}),0.38915362397422393,0.9968718392542465,0.38915362397422393,1.0,1.0031379768417308,1.0,0.0012173350905838598,inf,0.005121026936601543,0.39037477903413076,1.0,0.6951873895170654,유형=FILE AND 주기=연간,표준=N,BR,0.39037477903413065,115,[]
frozenset({'주기=연간'}),frozenset({'표준=N'}),0.38915362397422393,0.9968718392542465,0.38915362397422393,1.0,1.0031379768417308,1.0,0.0012173350905838598,inf,0.005121026936601543,0.39037477903413076,1.0,0.6951873895170654,주기=연간,표준=N,BR,0.39037477903413065,115,[]
"frozenset({'주기=연간', '유형=FILE'})","frozenset({'국가중점=N', '표준=N'})",0.38915362397422393,0.9578428203497283,0.38285559367277355,0.9838160820985505,1.027116413253835,1.0,0.010107588935985234,2.6048809631254977,0.043219583065867484,0.3970950856549577,0.6161052984163475,0.6917610782798436,유형=FILE AND 주기=연간,국가중점=N AND 표준=N,BR,0.3868731445682719,117,[]
frozenset({'주기=연간'}),"frozenset({'국가중점=N', '표준=N'})",0.38915362397422393,0.9578428203497283,0.38285559367277355,0.9838160820985505,1.027116413253835,1.0,0.010107588935985234,2.6048809631254977,0.043219583065867484,0.3970950856549577,0.6161052984163475,0.6917610782798436,주기=연간,국가중점=N AND 표준=N,BR,0.3868731445682719,117,[]
"frozenset({'표준=N', '주기=연간', '유형=FILE'})",frozenset({'국가중점=N'}),0.38915362397422393,0.9609709810954818,0.38285559367277355,0.9838160820985505,1.0237729353461078,1.0,0.008890253845401375,2.41159273929724,0.038014314489978766,0.3958108749083697,0.5853362868013076,0.6911105150076087,유형=FILE AND 주기=연간 AND 표준=N,국가중점=N,BR,0.3856137918841304,120,[]
frozenset({'주기=연간'}),frozenset({'국가중점=N'}),0.38915362397422393,0.9609709810954818,0.38285559367277355,0.9838160820985505,1.0237729353461078,1.0,0.008890253845401375,2.41159273929724,0.038014314489978766,0.3958108749083697,0.5853362868013076,0.6911105150076087,주기=연간,국가중점=N,BR,0.3856137918841304,120,[]
"frozenset({'표준=N', '주기=연간'})",frozenset({'국가중점=N'}),0.38915362397422393,0.9609709810954818,0.38285559367277355,0.9838160820985505,1.0237729353461078,1.0,0.008890253845401375,2.41159273929724,0.038014314489978766,0.3958108749083697,0.5853362868013076,0.6911105150076087,주기=연간 AND 표준=N,국가중점=N,BR,0.3856137918841304,120,[]
"frozenset({'주기=연간', '유형=FILE'})",frozenset({'국가중점=N'}),0.38915362397422393,0.9609709810954818,0.38285559367277355,0.9838160820985505,1.0237729353461078,1.0,0.008890253845401375,2.41159273929724,0.038014314489978766,0.3958108749083697,0.5853362868013076,0.6911105150076087,유형=FILE AND 주기=연간,국가중점=N,BR,0.3856137918841304,120,[]
"frozenset({'국가중점=N', '주기=연간'})",frozenset({'표준=N'}),0.38285559367277355,0.9968718392542465,0.38285559367277355,1.0,1.0031379768417308,1.0,0.001197633839419343,inf,0.005068766262291811,0.3840569856594459,1.0,0.6920284928297229,국가중점=N AND 주기=연간,표준=N,BR,0.3840569856594458,123,[]
"frozenset({'국가중점=N', '주기=연간', '유형=FILE'})",frozenset({'표준=N'}),0.38285559367277355,0.9968718392542465,0.38285559367277355,1.0,1.0031379768417308,1.0,0.001197633839419343,inf,0.005068766262291811,0.3840569856594459,1.0,0.6920284928297229,국가중점=N AND 유형=FILE AND 주기=연간,표준=N,BR,0.3840569856594458,123,[]
frozenset({'심의=자동승인'}),"frozenset({'유형=API', '국가중점=N'})",0.06878825479911994,0.1030624693700927,0.056327747828535085,0.8188570562376838,7.945249723225677,1.0,0.04923826042527865,4.951545514280752,0.9387109176969743,0.4875891325931943,0.7980428540713399,0.6826984593207844,심의=자동승인,국가중점=N AND 유형=API,BI,0.3664696679409576,126,[]
"frozenset({'심의=자동승인', '표준=N'})","frozenset({'유형=API', '국가중점=N'})",0.06878825479911994,0.1030624693700927,0.056327747828535085,0.8188570562376838,7.945249723225677,1.0,0.04923826042527865,4.951545514280752,0.9387109176969743,0.4875891325931943,0.7980428540713399,0.6826984593207844,심의=자동승인 AND 표준=N,국가중점=N AND 유형=API,BI,0.3664696679409576,126,[]
frozenset({'심의=자동승인'}),"frozenset({'유형=API', '국가중점=N', '표준=N'})",0.06878825479911994,0.1030624693700927,0.056327747828535085,0.8188570562376838,7.945249723225677,1.0,0.04923826042527865,4.951545514280752,0.9387109176969743,0.4875891325931943,0.7980428540713399,0.6826984593207844,심의=자동승인,국가중점=N AND 유형=API AND 표준=N,BI,0.3664696679409576,126,[]
"frozenset({'형식=CSV', '주기=연간', '유형=FILE'})",frozenset({'표준=N'}),0.3646079893225447,0.9968718392542465,0.3646079893225447,1.0,1.0031379768417308,1.0,0.0011405523997868872,inf,0.004923198109491856,0.3657521207493489,1.0,0.6828760603746744,유형=FILE AND 주기=연간 AND 형식=CSV,표준=N,BR,0.3657521207493489,128,[]
"frozenset({'형식=CSV', '주기=연간'})",frozenset({'표준=N'}),0.3646079893225447,0.9968718392542465,0.3646079893225447,1.0,1.0031379768417308,1.0,0.0011405523997868872,inf,0.004923198109491856,0.3657521207493489,1.0,0.6828760603746744,주기=연간 AND 형식=CSV,표준=N,BR,0.3657521207493489,128,[]
"frozenset({'형식=CSV', '주기=연간', '유형=FILE'})","frozenset({'국가중점=N', '표준=N'})",0.3646079893225447,0.9578428203497283,0.3586957655130705,0.9837847112992248,1.0270836617431913,1.0,0.009458620698320652,2.5998414476737857,0.04150111935969408,0.3721856167570082,0.6153611594681082,0.6791338100367232,유형=FILE AND 주기=연간 AND 형식=CSV,국가중점=N AND 표준=N,BR,0.36243667669934476,130,[]
"frozenset({'형식=CSV', '주기=연간'})","frozenset({'국가중점=N', '표준=N'})",0.3646079893225447,0.9578428203497283,0.3586957655130705,0.9837847112992248,1.0270836617431913,1.0,0.009458620698320652,2.5998414476737857,0.04150111935969408,0.3721856167570082,0.6153611594681082,0.6791338100367232,주기=연간 AND 형식=CSV,국가중점=N AND 표준=N,BR,0.36243667669934476,130,[]
"frozenset({'형식=CSV', '표준=N', '주기=연간', '유형=FILE'})",frozenset({'국가중점=N'}),0.3646079893225447,0.9609709810954818,0.3586957655130705,0.9837847112992248,1.0237402904484545,1.0,0.008318068298533765,2.40692716760895,0.03649677435113008,0.37098148327887237,0.5845325054046386,0.6785243000940568,유형=FILE AND 주기=연간 AND 표준=N AND 형식=CSV,국가중점=N,BR,0.3612568698090474,133,[]
"frozenset({'형식=CSV', '주기=연간'})",frozenset({'국가중점=N'}),0.3646079893225447,0.9609709810954818,0.3586957655130705,0.9837847112992248,1.0237402904484545,1.0,0.008318068298533765,2.40692716760895,0.03649677435113008,0.37098148327887237,0.5845325054046386,0.6785243000940568,주기=연간 AND 형식=CSV,국가중점=N,BR,0.3612568698090474,133,[]
"frozenset({'형식=CSV', '주기=연간', '유형=FILE'})",frozenset({'국가중점=N'}),0.3646079893225447,0.9609709810954818,0.3586957655130705,0.9837847112992248,1.0237402904484545,1.0,0.008318068298533765,2.40692716760895,0.03649677435113008,0.37098148327887237,0.5845325054046386,0.6785243000940568,유형=FILE AND 주기=연간 AND 형식=CSV,국가중점=N,BR,0.3612568698090474,133,[]
"frozenset({'형식=CSV', '표준=N', '주기=연간'})",frozenset({'국가중점=N'}),0.3646079893225447,0.9609709810954818,0.3586957655130705,0.9837847112992248,1.0237402904484545,1.0,0.008318068298533765,2.40692716760895,0.03649677435113008,0.37098148327887237,0.5845325054046386,0.6785243000940568,주기=연간 AND 표준=N AND 형식=CSV,국가중점=N,BR,0.3612568698090474,133,[]
"frozenset({'형식=CSV', '국가중점=N', '주기=연간', '유형=FILE'})",frozenset({'표준=N'}),0.3586957655130705,0.9968718392542465,0.3586957655130705,1.0,1.0031379768417308,1.0,0.0011220580133459723,inf,0.004877810838495577,0.35982134451847747,1.0,0.6799106722592387,국가중점=N AND 유형=FILE AND 주기=연간 AND 형식=CSV,표준=N,BR,0.35982134451847736,136,[]
"frozenset({'형식=CSV', '국가중점=N', '주기=연간'})",frozenset({'표준=N'}),0.3586957655130705,0.9968718392542465,0.3586957655130705,1.0,1.0031379768417308,1.0,0.0011220580133459723,inf,0.004877810838495577,0.35982134451847747,1.0,0.6799106722592387,국가중점=N AND 주기=연간 AND 형식=CSV,표준=N,BR,0.35982134451847736,136,[]
"frozenset({'형식=CSV', '주기=수시'})","frozenset({'표준=N', '유형=FILE'})",0.303608854780351,0.8711614860848983,0.303608854780351,1.0,1.1478928028534836,1.0,0.03911651366136637,inf,0.18500883418680575,0.3485104192849534,1.0,0.6742552096424768,주기=수시 AND 형식=CSV,유형=FILE AND 표준=N,BR,0.34851041928495335,139,[]
"frozenset({'형식=CSV', '주기=수시'})",frozenset({'유형=FILE'}),0.303608854780351,0.8711614860848983,0.303608854780351,1.0,1.1478928028534836,1.0,0.03911651366136637,inf,0.18500883418680575,0.3485104192849534,1.0,0.6742552096424768,주기=수시 AND 형식=CSV,유형=FILE,BR,0.34851041928495335,139,[]
"frozenset({'형식=CSV', '표준=N', '주기=수시'})",frozenset({'유형=FILE'}),0.303608854780351,0.8711614860848983,0.303608854780351,1.0,1.1478928028534836,1.0,0.03911651366136637,inf,0.18500883418680575,0.3485104192849534,1.0,0.6742552096424768,주기=수시 AND 표준=N AND 형식=CSV,유형=FILE,BR,0.34851041928495335,139,[]
"frozenset({'형식=CSV', '다운로드=L0(최소)', '국가중점=N', '표준=N'})","frozenset({'유형=FILE', '조회수=L0(최소)'})",0.10829692501798692,0.1842173863174249,0.09051854477962108,0.835836703254381,4.537230279742169,1.0,0.07056836830659338,4.9693362027608385,0.874283431213387,0.4481209993805492,0.798765879546563,0.6636023953244792,국가중점=N AND 다운로드=L0(최소) AND 표준=N AND 형식=CSV,유형=FILE AND 조회수=L0(최소),BI,0.34328104462085174,142,[]
"frozenset({'형식=CSV', '다운로드=L0(최소)', '국가중점=N'})","frozenset({'유형=FILE', '조회수=L0(최소)'})",0.10829692501798692,0.1842173863174249,0.09051854477962108,0.835836703254381,4.537230279742169,1.0,0.07056836830659338,4.9693362027608385,0.874283431213387,0.4481209993805492,0.798765879546563,0.6636023953244792,국가중점=N AND 다운로드=L0(최소) AND 형식=CSV,유형=FILE AND 조회수=L0(최소),BI,0.34328104462085174,142,[]
"frozenset({'형식=CSV', '다운로드=L0(최소)', '국가중점=N'})","frozenset({'표준=N', '유형=FILE', '조회수=L0(최소)'})",0.10829692501798692,0.1842173863174249,0.09051854477962108,0.835836703254381,4.537230279742169,1.0,0.07056836830659338,4.9693362027608385,0.874283431213387,0.4481209993805492,0.798765879546563,0.6636023953244792,국가중점=N AND 다운로드=L0(최소) AND 형식=CSV,유형=FILE AND 조회수=L0(최소) AND 표준=N,BI,0.34328104462085174,142,[]
"frozenset({'형식=CSV', '국가중점=N', '주기=수시'})","frozenset({'표준=N', '유형=FILE'})",0.297550650136075,0.8711614860848983,0.297550650136075,1.0,1.1478928028534836,1.0,0.038335983578004273,inf,0.183413243873113,0.3415562497755754,1.0,0.6707781248877878,국가중점=N AND 주기=수시 AND 형식=CSV,유형=FILE AND 표준=N,BR,0.3415562497755754,145,[]
"frozenset({'형식=CSV', '국가중점=N', '표준=N', '주기=수시'})",frozenset({'유형=FILE'}),0.297550650136075,0.8711614860848983,0.297550650136075,1.0,1.1478928028534836,1.0,0.038335983578004273,inf,0.183413243873113,0.3415562497755754,1.0,0.6707781248877878,국가중점=N AND 주기=수시 AND 표준=N AND 형식=CSV,유형=FILE,BR,0.3415562497755754,145,[]
"frozenset({'형식=CSV', '국가중점=N', '주기=수시'})",frozenset({'유형=FILE'}),0.297550650136075,0.8711614860848983,0.297550650136075,1.0,1.1478928028534836,1.0,0.038335983578004273,inf,0.183413243873113,0.3415562497755754,1.0,0.6707781248877878,국가중점=N AND 주기=수시 AND 형식=CSV,유형=FILE,BR,0.3415562497755754,145,[]
"frozenset({'형식=CSV', '다운로드=L0(최소)'})","frozenset({'표준=N', '유형=FILE', '조회수=L0(최소)'})",0.10865144990250565,0.1842173863174249,0.09052897198210692,0.8332053742802304,4.522946454383706,1.0,0.0705134858614687,4.890940641295995,0.8738502878973798,0.4474104612213347,0.7955403523901649,0.6623150321902086,다운로드=L0(최소) AND 형식=CSV,유형=FILE AND 조회수=L0(최소) AND 표준=N,BI,0.3411623502192314,148,[]
"frozenset({'형식=CSV', '다운로드=L0(최소)', '표준=N'})","frozenset({'유형=FILE', '조회수=L0(최소)'})",0.10865144990250565,0.1842173863174249,0.09052897198210692,0.8332053742802304,4.522946454383706,1.0,0.0705134858614687,4.890940641295995,0.8738502878973798,0.4474104612213347,0.7955403523901649,0.6623150321902086,다운로드=L0(최소) AND 표준=N AND 형식=CSV,유형=FILE AND 조회수=L0(최소),BI,0.3411623502192314,148,[]
"frozenset({'형식=CSV', '다운로드=L0(최소)'})","frozenset({'유형=FILE', '조회수=L0(최소)'})",0.10865144990250565,0.1842173863174249,0.09052897198210692,0.8332053742802304,4.522946454383706,1.0,0.0705134858614687,4.890940641295995,0.8738502878973798,0.4474104612213347,0.7955403523901649,0.6623150321902086,다운로드=L0(최소) AND 형식=CSV,유형=FILE AND 조회수=L0(최소),BI,0.3411623502192314,148,[]
"frozenset({'형식=CSV', '다운로드=L0(최소)'})","frozenset({'국가중점=N', '유형=FILE', '조회수=L0(최소)'})",0.10865144990250565,0.18416525030499567,0.09051854477962108,0.8331094049904032,4.523705767568488,1.0,0.07050872331232544,4.888440535837811,0.8738919228028296,0.44745116231122106,0.7954357851611641,0.6623082977845234,다운로드=L0(최소) AND 형식=CSV,국가중점=N AND 유형=FILE AND 조회수=L0(최소),BI,0.34114102523005035,151,[]
"frozenset({'형식=CSV', '다운로드=L0(최소)'})","frozenset({'국가중점=N', '표준=N', '유형=FILE', '조회수=L0(최소)'})",0.10865144990250565,0.18416525030499567,0.09051854477962108,0.8331094049904032,4.523705767568488,1.0,0.07050872331232544,4.888440535837811,0.8738919228028296,0.44745116231122106,0.7954357851611641,0.6623082977845234,다운로드=L0(최소) AND 형식=CSV,국가중점=N AND 유형=FILE AND 조회수=L0(최소) AND 표준=N,BI,0.34114102523005035,151,[]
"frozenset({'형식=CSV', '다운로드=L0(최소)', '표준=N'})","frozenset({'국가중점=N', '유형=FILE', '조회수=L0(최소)'})",0.10865144990250565,0.18416525030499567,0.09051854477962108,0.8331094049904032,4.523705767568488,1.0,0.07050872331232544,4.888440535837811,0.8738919228028296,0.44745116231122106,0.7954357851611641,0.6623082977845234,다운로드=L0(최소) AND 표준=N AND 형식=CSV,국가중점=N AND 유형=FILE AND 조회수=L0(최소),BI,0.34114102523005035,151,[]
"frozenset({'형식=CSV', '주기=수시'})","frozenset({'국가중점=N', '유형=FILE'})",0.303608854780351,0.8547803509796357,0.297550650136075,0.9800460212247141,1.1465472037366273,1.0,0.03803176668640135,7.2777289509913,0.18354068840828744,0.34565209491623966,0.8625944979905044,0.6640739523514027,주기=수시 AND 형식=CSV,국가중점=N AND 유형=FILE,BR,0.334348448976628,154,[]
"frozenset({'형식=CSV', '표준=N', '주기=수시'})","frozenset({'국가중점=N', '유형=FILE'})",0.303608854780351,0.8547803509796357,0.297550650136075,0.9800460212247141,1.1465472037366273,1.0,0.03803176668640135,7.2777289509913,0.18354068840828744,0.34565209491623966,0.8625944979905044,0.6640739523514027,주기=수시 AND 표준=N AND 형식=CSV,국가중점=N AND 유형=FILE,BR,0.334348448976628,154,[]
"frozenset({'형식=CSV', '주기=수시'})","frozenset({'국가중점=N', '표준=N', '유형=FILE'})",0.303608854780351,0.8547803509796357,0.297550650136075,0.9800460212247141,1.1465472037366273,1.0,0.03803176668640135,7.2777289509913,0.18354068840828744,0.34565209491623966,0.8625944979905044,0.6640739523514027,주기=수시 AND 형식=CSV,국가중점=N AND 유형=FILE AND 표준=N,BR,0.334348448976628,154,[]
"frozenset({'형식=CSV', '다운로드=L0(최소)', '유형=FILE'})","frozenset({'국가중점=N', '표준=N', '조회수=L0(최소)'})",0.10865144990250565,0.1958749986965997,0.09051854477962108,0.8331094049904032,4.25327076213972,1.0,0.06923644217158412,4.818276316033029,0.8581231475336587,0.42296823231338926,0.7924569006820023,0.6476167200624094,다운로드=L0(최소) AND 유형=FILE AND 형식=CSV,국가중점=N AND 조회수=L0(최소) AND 표준=N,BI,0.32074702090035395,156,[]
"frozenset({'형식=CSV', '다운로드=L0(최소)'})","frozenset({'국가중점=N', '표준=N', '조회수=L0(최소)'})",0.10865144990250565,0.1958749986965997,0.09051854477962108,0.8331094049904032,4.25327076213972,1.0,0.06923644217158412,4.818276316033029,0.8581231475336587,0.42296823231338926,0.7924569006820023,0.6476167200624094,다운로드=L0(최소) AND 형식=CSV,국가중점=N AND 조회수=L0(최소) AND 표준=N,BI,0.32074702090035395,156,[]
"frozenset({'형식=CSV', '다운로드=L0(최소)', '유형=FILE'})","frozenset({'국가중점=N', '조회수=L0(최소)'})",0.10865144990250565,0.19605226113885907,0.09051854477962108,0.8331094049904032,4.249425128539231,1.0,0.06921718235021938,4.817214168449163,0.8578844394485511,0.42261817827759113,0.7924111395026606,0.6474078032291661,다운로드=L0(최소) AND 유형=FILE AND 형식=CSV,국가중점=N AND 조회수=L0(최소),BI,0.3204570145523427,159,[]
"frozenset({'형식=CSV', '다운로드=L0(최소)', '표준=N'})","frozenset({'국가중점=N', '조회수=L0(최소)'})",0.10865144990250565,0.19605226113885907,0.09051854477962108,0.8331094049904032,4.249425128539231,1.0,0.06921718235021938,4.817214168449163,0.8578844394485511,0.42261817827759113,0.7924111395026606,0.6474078032291661,다운로드=L0(최소) AND 표준=N AND 형식=CSV,국가중점=N AND 조회수=L0(최소),BI,0.3204570145523427,159,[]
"frozenset({'형식=CSV', '다운로드=L0(최소)'})","frozenset({'국가중점=N', '조회수=L0(최소)'})",0.10865144990250565,0.19605226113885907,0.09051854477962108,0.8331094049904032,4.249425128539231,1.0,0.06921718235021938,4.817214168449163,0.8578844394485511,0.42261817827759113,0.7924111395026606,0.6474078032291661,다운로드=L0(최소) AND 형식=CSV,국가중점=N AND 조회수=L0(최소),BI,0.3204570145523427,159,[]
"frozenset({'형식=CSV', '다운로드=L0(최소)', '표준=N', '유형=FILE'})","frozenset({'국가중점=N', '조회수=L0(최소)'})",0.10865144990250565,0.19605226113885907,0.09051854477962108,0.8331094049904032,4.249425128539231,1.0,0.06921718235021938,4.817214168449163,0.8578844394485511,0.42261817827759113,0.7924111395026606,0.6474078032291661,다운로드=L0(최소) AND 유형=FILE AND 표준=N AND 형식=CSV,국가중점=N AND 조회수=L0(최소),BI,0.3204570145523427,159,[]
"frozenset({'형식=CSV', '다운로드=L0(최소)', '국가중점=N'})","frozenset({'표준=N', '조회수=L0(최소)'})",0.10829692501798692,0.19998331647602266,0.09051854477962108,0.835836703254381,4.179532162897174,1.0,0.06886096655036891,4.873298108551339,0.8531301425415244,0.41567707335759435,0.7948001583885733,0.6442335922549605,국가중점=N AND 다운로드=L0(최소) AND 형식=CSV,조회수=L0(최소) AND 표준=N,BI,0.3162180622199587,162,[]
"frozenset({'형식=CSV', '다운로드=L0(최소)', '국가중점=N', '유형=FILE'})","frozenset({'표준=N', '조회수=L0(최소)'})",0.10829692501798692,0.19998331647602266,0.09051854477962108,0.835836703254381,4.179532162897174,1.0,0.06886096655036891,4.873298108551339,0.8531301425415244,0.41567707335759435,0.7948001583885733,0.6442335922549605,국가중점=N AND 다운로드=L0(최소) AND 유형=FILE AND 형식=CSV,조회수=L0(최소) AND 표준=N,BI,0.3162180622199587,162,[]
"frozenset({'다운로드=L0(최소)', '국가중점=N', '형식=CSV', '표준=N', '유형=FILE'})",frozenset({'조회수=L0(최소)'}),0.10829692501798692,0.200160578918282,0.09051854477962108,0.835836703254381,4.175830764336576,1.0,0.06884176957295104,4.872218315164063,0.8528923079466688,0.41533897899622035,0.794754681478938,0.644033167213771,국가중점=N AND 다운로드=L0(최소) AND 유형=FILE AND 표준=N AND 형식=CSV,조회수=L0(최소),BI,0.3159380191350588,165,[]
"frozenset({'형식=CSV', '다운로드=L0(최소)', '국가중점=N', '유형=FILE'})",frozenset({'조회수=L0(최소)'}),0.10829692501798692,0.200160578918282,0.09051854477962108,0.835836703254381,4.175830764336576,1.0,0.06884176957295104,4.872218315164063,0.8528923079466688,0.41533897899622035,0.794754681478938,0.644033167213771,국가중점=N AND 다운로드=L0(최소) AND 유형=FILE AND 형식=CSV,조회수=L0(최소),BI,0.3159380191350588,165,[]
"frozenset({'형식=CSV', '다운로드=L0(최소)', '국가중점=N'})",frozenset({'조회수=L0(최소)'}),0.10829692501798692,0.200160578918282,0.09051854477962108,0.835836703254381,4.175830764336576,1.0,0.06884176957295104,4.872218315164063,0.8528923079466688,0.41533897899622035,0.794754681478938,0.644033167213771,국가중점=N AND 다운로드=L0(최소) AND 형식=CSV,조회수=L0(최소),BI,0.3159380191350588,165,[]
"frozenset({'형식=CSV', '다운로드=L0(최소)', '국가중점=N', '표준=N'})",frozenset({'조회수=L0(최소)'}),0.10829692501798692,0.200160578918282,0.09051854477962108,0.835836703254381,4.175830764336576,1.0,0.06884176957295104,4.872218315164063,0.8528923079466688,0.41533897899622035,0.794754681478938,0.644033167213771,국가중점=N AND 다운로드=L0(최소) AND 표준=N AND 형식=CSV,조회수=L0(최소),BI,0.3159380191350588,165,[]
"frozenset({'형식=CSV', '다운로드=L0(최소)'})","frozenset({'표준=N', '조회수=L0(최소)'})",0.10865144990250565,0.19998331647602266,0.09052897198210692,0.8332053742802304,4.166374420438862,1.0,0.06880049469067541,4.79641763079393,0.852621755376605,0.4150690825644212,0.7915110657629547,0.6429439979488123,다운로드=L0(최소) AND 형식=CSV,조회수=L0(최소) AND 표준=N,BI,0.3142663976913896,168,[]
"frozenset({'형식=CSV', '다운로드=L0(최소)', '유형=FILE'})","frozenset({'표준=N', '조회수=L0(최소)'})",0.10865144990250565,0.19998331647602266,0.09052897198210692,0.8332053742802304,4.166374420438862,1.0,0.06880049469067541,4.79641763079393,0.852621755376605,0.4150690825644212,0.7915110657629547,0.6429439979488123,다운로드=L0(최소) AND 유형=FILE AND 형식=CSV,조회수=L0(최소) AND 표준=N,BI,0.3142663976913896,168,[]
"frozenset({'형식=CSV', '다운로드=L0(최소)', '표준=N', '유형=FILE'})",frozenset({'조회수=L0(최소)'}),0.10865144990250565,0.200160578918282,0.09052897198210692,0.8332053742802304,4.162684674390339,1.0,0.06878123486931068,4.795354872077968,0.8523830747860937,0.4147320149039839,0.791464859916265,0.6427435498198402,다운로드=L0(최소) AND 유형=FILE AND 표준=N AND 형식=CSV,조회수=L0(최소),BI,0.3139880830028736,171,[]
"frozenset({'형식=CSV', '다운로드=L0(최소)'})",frozenset({'조회수=L0(최소)'}),0.10865144990250565,0.200160578918282,0.09052897198210692,0.8332053742802304,4.162684674390339,1.0,0.06878123486931068,4.795354872077968,0.8523830747860937,0.4147320149039839,0.791464859916265,0.6427435498198402,다운로드=L0(최소) AND 형식=CSV,조회수=L0(최소),BI,0.3139880830028736,171,[]
"frozenset({'형식=CSV', '다운로드=L0(최소)', '표준=N'})",frozenset({'조회수=L0(최소)'}),0.10865144990250565,0.200160578918282,0.09052897198210692,0.8332053742802304,4.162684674390339,1.0,0.06878123486931068,4.795354872077968,0.8523830747860937,0.4147320149039839,0.791464859916265,0.6427435498198402,다운로드=L0(최소) AND 표준=N AND 형식=CSV,조회수=L0(최소),BI,0.3139880830028736,171,[]
"frozenset({'형식=CSV', '다운로드=L0(최소)', '유형=FILE'})",frozenset({'조회수=L0(최소)'}),0.10865144990250565,0.200160578918282,0.09052897198210692,0.8332053742802304,4.162684674390339,1.0,0.06878123486931068,4.795354872077968,0.8523830747860937,0.4147320149039839,0.791464859916265,0.6427435498198402,다운로드=L0(최소) AND 유형=FILE AND 형식=CSV,조회수=L0(최소),BI,0.3139880830028736,171,[]
"frozenset({'형식=CSV', '주기=수시'})",frozenset({'표준=N'}),0.303608854780351,0.9968718392542465,0.303608854780351,1.0,1.0031379768417308,1.0,0.0009497373015870947,inf,0.004491959392687182,0.3045615723355962,1.0,0.652280786167798,주기=수시 AND 형식=CSV,표준=N,BR,0.3045615723355961,174,[]
"frozenset({'형식=CSV', '주기=수시', '유형=FILE'})",frozenset({'표준=N'}),0.303608854780351,0.9968718392542465,0.303608854780351,1.0,1.0031379768417308,1.0,0.0009497373015870947,inf,0.004491959392687182,0.3045615723355962,1.0,0.652280786167798,유형=FILE AND 주기=수시 AND 형식=CSV,표준=N,BR,0.3045615723355961,174,[]
"frozenset({'형식=CSV', '국가중점=N', '주기=수시'})",frozenset({'표준=N'}),0.297550650136075,0.9968718392542465,0.297550650136075,1.0,1.0031379768417308,1.0,0.0009307862636290798,inf,0.0044532189350867685,0.29848435718544397,1.0,0.649242178592722,국가중점=N AND 주기=수시 AND 형식=CSV,표준=N,BR,0.29848435718544397,176,[]
"frozenset({'형식=CSV', '국가중점=N', '주기=수시', '유형=FILE'})",frozenset({'표준=N'}),0.297550650136075,0.9968718392542465,0.297550650136075,1.0,1.0031379768417308,1.0,0.0009307862636290798,inf,0.0044532189350867685,0.29848435718544397,1.0,0.649242178592722,국가중점=N AND 유형=FILE AND 주기=수시 AND 형식=CSV,표준=N,BR,0.29848435718544397,176,[]
"frozenset({'형식=CSV', '주기=수시', '유형=FILE'})","frozenset({'국가중점=N', '표준=N'})",0.303608854780351,0.9578428203497283,0.297550650136075,0.9800460212247141,1.0231804220935528,1.0,0.006741088390112504,2.1127204817159364,0.03253238309817355,0.3086941941346373,0.5266766197164865,0.6453463287051069,유형=FILE AND 주기=수시 AND 형식=CSV,국가중점=N AND 표준=N,BR,0.29837305087424404,178,[]
"frozenset({'형식=CSV', '주기=수시'})","frozenset({'국가중점=N', '표준=N'})",0.303608854780351,0.9578428203497283,0.297550650136075,0.9800460212247141,1.0231804220935528,1.0,0.006741088390112504,2.1127204817159364,0.03253238309817355,0.3086941941346373,0.5266766197164865,0.6453463287051069,주기=수시 AND 형식=CSV,국가중점=N AND 표준=N,BR,0.29837305087424404,178,[]
"frozenset({'형식=CSV', '표준=N', '주기=수시', '유형=FILE'})",frozenset({'국가중점=N'}),0.303608854780351,0.9609709810954818,0.297550650136075,0.9800460212247141,1.0198497566570504,1.0,0.005791351088525465,1.9559517098844308,0.027948966304058576,0.3076956254515263,0.48873993414741,0.6448407189456904,유형=FILE AND 주기=수시 AND 표준=N AND 형식=CSV,국가중점=N,BR,0.29740178443259613,181,[]
"frozenset({'형식=CSV', '주기=수시'})",frozenset({'국가중점=N'}),0.303608854780351,0.9609709810954818,0.297550650136075,0.9800460212247141,1.0198497566570504,1.0,0.005791351088525465,1.9559517098844308,0.027948966304058576,0.3076956254515263,0.48873993414741,0.6448407189456904,주기=수시 AND 형식=CSV,국가중점=N,BR,0.29740178443259613,181,[]
"frozenset({'형식=CSV', '주기=수시', '유형=FILE'})",frozenset({'국가중점=N'}),0.303608854780351,0.9609709810954818,0.297550650136075,0.9800460212247141,1.0198497566570504,1.0,0.005791351088525465,1.9559517098844308,0.027948966304058576,0.3076956254515263,0.48873993414741,0.6448407189456904,유형=FILE AND 주기=수시 AND 형식=CSV,국가중점=N,BR,0.29740178443259613,181,[]
"frozenset({'형식=CSV', '표준=N', '주기=수시'})",frozenset({'국가중점=N'}),0.303608854780351,0.9609709810954818,0.297550650136075,0.9800460212247141,1.0198497566570504,1.0,0.005791351088525465,1.9559517098844308,0.027948966304058576,0.3076956254515263,0.48873993414741,0.6448407189456904,주기=수시 AND 표준=N AND 형식=CSV,국가중점=N,BR,0.29740178443259613,181,[]
"frozenset({'표준=N', '다운로드=L4(최대)'})",frozenset({'유형=FILE'}),0.19791873038382532,0.8711614860848983,0.19100549513571005,0.9650703334913862,1.1077972900621735,1.0,0.018586319850500466,3.6885125680581416,0.1213190972554389,0.21752760954755967,0.728888005246391,0.592162083331567,다운로드=L4(최대) AND 표준=N,유형=FILE,BR,0.20420441419300805,184,[]
"frozenset({'다운로드=L3(상)', '표준=N'})",frozenset({'유형=FILE'}),0.20000417088099434,0.8711614860848983,0.19199607937186533,0.9599603774568584,1.1019316083072412,1.0,0.017760148644000356,3.217775436725998,0.11562893170084895,0.2183834430409773,0.6892262932377053,0.5901756475719544,다운로드=L3(상) AND 표준=N,유형=FILE,BR,0.20309550378499083,185,[]
frozenset({'다운로드=L3(상)'}),frozenset({'유형=FILE'}),0.20003545248845186,0.8711614860848983,0.19199607937186533,0.9598102585487908,1.1017592878930982,1.0,0.017732897312360524,3.2057562269096205,0.11545602421528775,0.21837567304727343,0.68806112217584,0.5901005881179205,다운로드=L3(상),유형=FILE,BR,0.2030319884731533,186,[]
frozenset({'다운로드=L3(상)'}),"frozenset({'표준=N', '유형=FILE'})",0.20003545248845186,0.8711614860848983,0.19199607937186533,0.9598102585487908,1.1017592878930982,1.0,0.017732897312360524,3.2057562269096205,0.11545602421528775,0.21837567304727343,0.68806112217584,0.5901005881179205,다운로드=L3(상),유형=FILE AND 표준=N,BR,0.2030319884731533,186,[]
"frozenset({'다운로드=L3(상)', '국가중점=N', '표준=N'})",frozenset({'유형=FILE'}),0.1945820255883549,0.8711614860848983,0.1880337424272442,0.9663469267456191,1.1092626822708787,1.0,0.01852137585028321,3.828432337849845,0.12229709399575643,0.21423225423225423,0.7387964807126177,0.5910947531857292,국가중점=N AND 다운로드=L3(상) AND 표준=N,유형=FILE,BR,0.20155949539284548,188,[]
"frozenset({'다운로드=L3(상)', '국가중점=N'})",frozenset({'유형=FILE'}),0.19461330719581243,0.8711614860848983,0.1880337424272442,0.9661915987998285,1.1090843824398238,1.0,0.018494124518643407,3.810843143758251,0.12212189588101978,0.21422461925918887,0.7375908789009351,0.5910170892128339,국가중점=N AND 다운로드=L3(상),유형=FILE,BR,0.20149470436316266,189,[]
"frozenset({'다운로드=L3(상)', '국가중점=N'})","frozenset({'표준=N', '유형=FILE'})",0.19461330719581243,0.8711614860848983,0.1880337424272442,0.9661915987998285,1.1090843824398238,1.0,0.018494124518643407,3.810843143758251,0.12212189588101978,0.21422461925918887,0.7375908789009351,0.5910170892128339,국가중점=N AND 다운로드=L3(상),유형=FILE AND 표준=N,BR,0.20149470436316266,189,[]
frozenset({'다운로드=L3(상)'}),frozenset({'표준=N'}),0.20003545248845186,0.9968718392542465,0.20000417088099434,0.9998436196830693,1.0029811058069873,1.0,0.0005944614427758899,20.00354524885989,0.003715471190216529,0.2006254837562496,0.9500088615513295,0.600237699510269,다운로드=L3(상),표준=N,BR,0.20056903452140093,191,[]
frozenset({'다운로드=L4(최대)'}),frozenset({'유형=FILE'}),0.1998373356412208,0.8711614860848983,0.19100549513571005,0.955804852595878,1.0971615112272433,1.0,0.016914904843257528,2.9152185586575317,0.11067395086741834,0.21705334502452783,0.6569725460102369,0.5875293428838129,다운로드=L4(최대),유형=FILE,BR,0.20030217123045807,192,[]
frozenset({'다운로드=L4(최대)'}),"frozenset({'표준=N', '유형=FILE'})",0.1998373356412208,0.8711614860848983,0.19100549513571005,0.955804852595878,1.0971615112272433,1.0,0.016914904843257528,2.9152185586575317,0.11067395086741834,0.21705334502452783,0.6569725460102369,0.5875293428838129,다운로드=L4(최대),유형=FILE AND 표준=N,BR,0.20030217123045807,192,[]
frozenset({'조회수=L2(중)'}),frozenset({'표준=N'}),0.20017100612076785,0.9968718392542465,0.20000417088099434,0.9991665364379851,1.00230189789036,1.0,0.00045933184401145133,3.7532063647645595,0.002871377935995879,0.20059820746922682,0.7335611467069623,0.5998991578877269,조회수=L2(중),표준=N,BR,0.20029748015372312,194,[]
frozenset({'조회수=L0(최소)'}),frozenset({'표준=N'}),0.200160578918282,0.9968718392542465,0.19998331647602266,0.9991143988330903,1.0022495966788685,1.0,0.00044887202356011513,3.5322455103228085,0.002806247470977217,0.2005751934741686,0.7168939709661883,0.5998626291624736,조회수=L0(최소),표준=N,BR,0.2002556944063115,195,[]
frozenset({'조회수=L3(상)'}),frozenset({'표준=N'}),0.19982690843873496,0.9968718392542465,0.19975391802133405,0.9996347317887706,1.0027715624273137,1.0,0.0005521002735224267,8.564010361659825,0.003454130274122914,0.20036607049471813,0.8832322757948898,0.6000077364894503,조회수=L3(상),표준=N,BR,0.2002343824953034,196,[]
frozenset({'조회수=L1(하)'}),frozenset({'표준=N'}),0.19988947165365004,0.9968718392542465,0.1996496459964756,0.9988002086593637,1.0019344205836527,1.0,0.0003854607415419431,2.6072539780913098,0.0024130238971384822,0.20022797147219376,0.6164547035298535,0.5995381753107181,조회수=L1(하),표준=N,BR,0.1997958510977064,197,[]
frozenset({'다운로드=L2(중)'}),frozenset({'표준=N'}),0.1993264027194144,0.9968718392542465,0.19922213069455597,0.9994768780079515,1.0026132133049859,1.0,0.0005192530037206877,5.979792081582762,0.0032552618556161254,0.1998263834415822,0.8327701053219037,0.5996620815674936,다운로드=L2(중),표준=N,BR,0.19963825079676573,198,[]
frozenset({'다운로드=L1(하)'}),frozenset({'표준=N'}),0.19939939313681532,0.9968718392542465,0.19916999468212673,0.9988495528944203,1.0019839196597764,1.0,0.0003943548996490631,2.719082633683863,0.0024731326690344098,0.19974901960784314,0.6322289041119792,0.5993222692037137,다운로드=L1(하),표준=N,BR,0.19933554282178742,199,[]
"frozenset({'표준=N', '국가중점=N', '다운로드=L4(최대)'})",frozenset({'유형=FILE'}),0.18836741290679124,0.8711614860848983,0.18297654922160933,0.9713811237199004,1.115041400745803,1.0,0.018878113863761425,4.501871864364243,0.12711701691834779,0.20874571754853444,0.7778701770888318,0.590709293831176,국가중점=N AND 다운로드=L4(최대) AND 표준=N,유형=FILE,BR,0.19818742065411463,200,[]
frozenset({'조회수=L1(하)'}),frozenset({'국가중점=N'}),0.19988947165365004,0.9609709810954818,0.19631294120100518,0.9821074595722483,1.0219949185694155,1.0,0.004224959515339605,2.181301144022197,0.026898225913534222,0.2035285342097013,0.5415580270791699,0.5931967419389019,조회수=L1(하),국가중점=N,BR,0.1970410331494156,201,[]
frozenset({'조회수=L1(하)'}),"frozenset({'국가중점=N', '표준=N'})",0.19988947165365004,0.9578428203497283,0.19607311554383075,0.9809076682316119,1.0240799924495567,1.0,0.00461042025688152,2.2080686718461973,0.029388165700522013,0.20389044304209228,0.5471155346070438,0.5928052384267138,조회수=L1(하),국가중점=N AND 표준=N,BR,0.19696091843034236,202,[]
"frozenset({'조회수=L1(하)', '표준=N'})",frozenset({'국가중점=N'}),0.1996496459964756,0.9609709810954818,0.19607311554383075,0.9820859664699431,1.0219725525430443,1.0,0.0042155993552319415,2.178684037798276,0.026863409866114376,0.20327989362507165,0.5410073316502676,0.5930612124016382,조회수=L1(하) AND 표준=N,국가중점=N,BR,0.19679170429124948,203,[]
frozenset({'조회수=L2(중)'}),"frozenset({'국가중점=N', '표준=N'})",0.20017100612076785,0.9578428203497283,0.19613567875874582,0.9798406000937647,1.0229659598388017,1.0,0.0044033177037867965,2.091192190558832,0.02806895700816033,0.2039090702136655,0.5218038760307494,0.5923043627509973,조회수=L2(중),국가중점=N AND 표준=N,BR,0.19659533840569968,204,[]
frozenset({'조회수=L2(중)'}),frozenset({'국가중점=N'}),0.20017100612076785,0.9609709810954818,0.19630251399851933,0.9806740636557796,1.0205033064971814,1.0,0.003943985859775345,2.019515029407106,0.02511957830304679,0.20345613902367857,0.5048316128186565,0.5924746186334453,조회수=L2(중),국가중점=N,BR,0.1964558507127554,205,[]
"frozenset({'국가중점=N', '조회수=L2(중)'})",frozenset({'표준=N'}),0.19630251399851933,0.9968718392542465,0.19613567875874582,0.9991501115478594,1.0022854214593093,1.0,0.0004472305788093822,3.680672137472361,0.0028371498700213295,0.1967182254572836,0.7283104925811912,0.5979506297621937,국가중점=N AND 조회수=L2(중),표준=N,BR,0.19641685703470327,206,[]
"frozenset({'표준=N', '조회수=L2(중)'})",frozenset({'국가중점=N'}),0.20000417088099434,0.9609709810954818,0.19613567875874582,0.9806579427558522,1.0204865308606172,1.0,0.0039374744440482945,2.017831837217152,0.025094203904508897,0.20328322400060522,0.5044185637495304,0.5923797526279261,조회수=L2(중) AND 표준=N,국가중점=N,BR,0.19628243178148372,207,[]
"frozenset({'조회수=L1(하)', '국가중점=N'})",frozenset({'표준=N'}),0.19631294120100518,0.9968718392542465,0.19607311554383075,0.9987783502416743,1.0019124935747548,1.0,0.0003742727793739631,2.5606035808828342,0.0023751072062528,0.19664108087758564,0.6094670774242906,0.5977333693406838,국가중점=N AND 조회수=L1(하),표준=N,BR,0.19620811333857177,208,[]
"frozenset({'국가중점=N', '조회수=L0(최소)'})",frozenset({'표준=N'}),0.19605226113885907,0.9968718392542465,0.1958749986965997,0.9990958408679927,1.0022309804793061,1.0,0.0004360205451514054,3.4597457848032978,0.0027688544631559674,0.1964547165864882,0.7109614225436929,0.5977927453871882,국가중점=N AND 조회수=L0(최소),표준=N,BR,0.19613449471479105,209,[]
frozenset({'조회수=L0(최소)'}),"frozenset({'국가중점=N', '표준=N'})",0.200160578918282,0.9578428203497283,0.1958749986965997,0.978589289435299,1.0216595757099225,1.0,0.004152625262678067,1.968976205758184,0.026505800815251317,0.2035850917406336,0.49212184633031925,0.5915426307834017,조회수=L0(최소),국가중점=N AND 표준=N,BR,0.19583290873189338,210,[]
frozenset({'조회수=L0(최소)'}),frozenset({'국가중점=N'}),0.200160578918282,0.9609709810954818,0.19605226113885907,0.9794748906022088,1.0192554300501697,1.0,0.0037037532391179795,1.9015254997236843,0.023619319650496077,0.20314627136590532,0.47410644761518445,0.5917448237733266,조회수=L0(최소),국가중점=N,BR,0.19572585389477618,211,[]
"frozenset({'표준=N', '조회수=L0(최소)'})",frozenset({'국가중점=N'}),0.19998331647602266,0.9609709810954818,0.1958749986965997,0.97945669742948,1.0192364979772073,1.0,0.0036968348599079603,1.8998415065222072,0.02359130689740622,0.20296259480951662,0.47364030285317327,0.5916434962841844,조회수=L0(최소) AND 표준=N,국가중점=N,BR,0.19554162223187752,212,[]
"frozenset({'다운로드=L3(상)', '국가중점=N'})",frozenset({'표준=N'}),0.19461330719581243,0.9968718392542465,0.1945820255883549,0.9998392627518218,1.0029767352037904,1.0,0.000577500100713696,19.461330719591928,0.003685062810522651,0.19518649457147044,0.948616052293213,0.597515941115145,국가중점=N AND 다운로드=L3(상),표준=N,BR,0.1951298750725158,213,[]
"frozenset({'형식=CSV', '다운로드=L3(상)'})","frozenset({'표준=N', '유형=FILE'})",0.16946289479995413,0.8711614860848983,0.16946289479995413,1.0,1.1478928028534836,1.0,0.02183334752977731,inf,0.15512674040501687,0.1945252372915844,1.0,0.5972626186457922,다운로드=L3(상) AND 형식=CSV,유형=FILE AND 표준=N,BR,0.19452523729158439,215,[]
"frozenset({'형식=CSV', '다운로드=L3(상)', '표준=N'})",frozenset({'유형=FILE'}),0.16946289479995413,0.8711614860848983,0.16946289479995413,1.0,1.1478928028534836,1.0,0.02183334752977731,inf,0.15512674040501687,0.1945252372915844,1.0,0.5972626186457922,다운로드=L3(상) AND 표준=N AND 형식=CSV,유형=FILE,BR,0.19452523729158439,215,[]
"frozenset({'형식=CSV', '다운로드=L3(상)'})",frozenset({'유형=FILE'}),0.16946289479995413,0.8711614860848983,0.16946289479995413,1.0,1.1478928028534836,1.0,0.02183334752977731,inf,0.15512674040501687,0.1945252372915844,1.0,0.5972626186457922,다운로드=L3(상) AND 형식=CSV,유형=FILE,BR,0.19452523729158439,215,[]
"frozenset({'다운로드=L3(상)', '표준=N'})","frozenset({'국가중점=N', '유형=FILE'})",0.20000417088099434,0.8547803509796357,0.1880337424272442,0.940149105886033,1.0998721540669003,1.0,0.017074107044196818,2.4263572193898986,0.11350486780885312,0.21694095568066984,0.5878595319730178,0.5800640620676383,다운로드=L3(상) AND 표준=N,국가중점=N AND 유형=FILE,BI,0.19443512972860805,217,[]
frozenset({'다운로드=L3(상)'}),"frozenset({'국가중점=N', '표준=N', '유형=FILE'})",0.20003545248845186,0.8547803509796357,0.1880337424272442,0.9400020850708924,1.099700155710864,1.0,0.017047368140795077,2.420411595835509,0.11333154503771803,0.21693312642101847,0.5868471289261002,0.5799905516600681,다운로드=L3(상),국가중점=N AND 유형=FILE AND 표준=N,BI,0.1943743228290621,218,[]
frozenset({'다운로드=L3(상)'}),"frozenset({'국가중점=N', '유형=FILE'})",0.20003545248845186,0.8547803509796357,0.1880337424272442,0.9400020850708924,1.099700155710864,1.0,0.017047368140795077,2.420411595835509,0.11333154503771803,0.21693312642101847,0.5868471289261002,0.5799905516600681,다운로드=L3(상),국가중점=N AND 유형=FILE,BI,0.1943743228290621,218,[]
"frozenset({'국가중점=N', '다운로드=L4(최대)'})","frozenset({'표준=N', '유형=FILE'})",0.19028601816418672,0.8711614860848983,0.18297654922160933,0.9615869362704806,1.1037987234628162,1.0,0.017206698856518488,3.354028588354772,0.11613696874545627,0.20828981103408983,0.7018510803777844,0.5858122001064661,국가중점=N AND 다운로드=L4(최대),유형=FILE AND 표준=N,BR,0.19421102257452877,220,[]
"frozenset({'국가중점=N', '다운로드=L4(최대)'})",frozenset({'유형=FILE'}),0.19028601816418672,0.8711614860848983,0.18297654922160933,0.9615869362704806,1.1037987234628162,1.0,0.017206698856518488,3.354028588354772,0.11613696874545627,0.20828981103408983,0.7018510803777844,0.5858122001064661,국가중점=N AND 다운로드=L4(최대),유형=FILE,BR,0.19421102257452877,220,[]
"frozenset({'국가중점=N', '다운로드=L2(중)'})",frozenset({'표준=N'}),0.19364357736462884,0.9968718392542465,0.1935393053397704,0.9994615260352163,1.002597813158116,1.0,0.0005014762125208905,5.809307320940146,0.0032133209811923942,0.19412632173449215,0.8278624378511679,0.5968040766165538,국가중점=N AND 다운로드=L2(중),표준=N,BR,0.1939375976833301,222,[]
"frozenset({'조회수=L3(상)', '국가중점=N'})",frozenset({'표준=N'}),0.19307008122790736,0.9968718392542465,0.19299709081050645,0.9996219485850075,1.0027587391101531,1.0,0.0005309638318756749,8.274432052623766,0.003409403149747629,0.19358853676393684,0.8791457838265883,0.5966123298984993,국가중점=N AND 조회수=L3(상),표준=N,BR,0.19345635532440666,223,[]
"frozenset({'다운로드=L3(상)', '유형=FILE'})",frozenset({'표준=N'}),0.19199607937186533,0.9968718392542465,0.19199607937186533,1.0,1.0031379768417308,1.0,0.0006005945988296346,inf,0.0038714672861013552,0.1925985586226374,1.0,0.5962992793113187,다운로드=L3(상) AND 유형=FILE,표준=N,BR,0.19259855862263736,224,[]
frozenset({'다운로드=L3(상)'}),"frozenset({'국가중점=N', '표준=N'})",0.20003545248845186,0.9578428203497283,0.1945820255883549,0.9727376980817348,1.0155504404434206,1.0,0.0029795036068820946,1.5463543678983038,0.01914125702416345,0.2019960382321423,0.3533176995133853,0.5879418949803406,다운로드=L3(상),국가중점=N AND 표준=N,BR,0.1922206165991224,225,[]
"frozenset({'유형=FILE', '조회수=L0(최소)'})","frozenset({'국가중점=N', '표준=N'})",0.1842173863174249,0.9578428203497283,0.18416525030499567,0.9997169864719533,1.0437171582148894,1.0,0.00771394943725795,148.95817857623015,0.05134458583710578,0.19226038208240354,0.993286706312079,0.5959939167064752,유형=FILE AND 조회수=L0(최소),국가중점=N AND 표준=N,BR,0.19216203183978267,226,[]
frozenset({'다운로드=L3(상)'}),frozenset({'국가중점=N'}),0.20003545248845186,0.9609709810954818,0.19461330719581243,0.9728940783986656,1.0124073437572398,1.0,0.0023850421641062047,1.4398705743543796,0.015319789135682113,0.20138109624514464,0.30549313402811373,0.5877057197548884,다운로드=L3(상),국가중점=N,BR,0.19168731746511974,227,[]
"frozenset({'다운로드=L3(상)', '표준=N'})",frozenset({'국가중점=N'}),0.20000417088099434,0.9609709810954818,0.1945820255883549,0.9728898389030812,1.012402932078149,1.0,0.0023838212736573827,1.4396454069376234,0.015313809785409072,0.20134872680189903,0.30538450983761745,0.5876873239654296,다운로드=L3(상) AND 표준=N,국가중점=N,BR,0.1916548358471913,228,[]
"frozenset({'다운로드=L4(최대)', '유형=FILE'})",frozenset({'표준=N'}),0.19100549513571005,0.9968718392542465,0.19100549513571005,1.0,1.0031379768417308,1.0,0.000597495892106753,inf,0.0038667268157505296,0.19160486595608928,1.0,0.5958024329780446,다운로드=L4(최대) AND 유형=FILE,표준=N,BR,0.19160486595608922,229,[]
"frozenset({'표준=N', '유형=FILE', '조회수=L0(최소)'})",frozenset({'국가중점=N'}),0.1842173863174249,0.9609709810954818,0.18416525030499567,0.9997169864719533,1.0403196414238254,1.0,0.007137687840694462,137.90513539718768,0.04750894843112621,0.19163456843704224,0.9927486384236537,0.5956809758748656,유형=FILE AND 조회수=L0(최소) AND 표준=N,국가중점=N,BR,0.19153650439238756,230,[]
"frozenset({'유형=FILE', '조회수=L0(최소)'})",frozenset({'국가중점=N'}),0.1842173863174249,0.9609709810954818,0.18416525030499567,0.9997169864719533,1.0403196414238254,1.0,0.007137687840694462,137.90513539718768,0.04750894843112621,0.19163456843704224,0.9927486384236537,0.5956809758748656,유형=FILE AND 조회수=L0(최소),국가중점=N,BR,0.19153650439238756,230,[]
"frozenset({'형식=CSV', '다운로드=L3(상)', '국가중점=N', '표준=N'})",frozenset({'유형=FILE'}),0.16634516125668644,0.8711614860848983,0.16634516125668644,1.0,1.1478928028534836,1.0,0.021431663373279425,inf,0.15454659161976228,0.19094641339605248,1.0,0.5954732066980263,국가중점=N AND 다운로드=L3(상) AND 표준=N AND 형식=CSV,유형=FILE,BR,0.1909464133960525,233,[]
"frozenset({'형식=CSV', '다운로드=L3(상)', '국가중점=N'})","frozenset({'표준=N', '유형=FILE'})",0.16634516125668644,0.8711614860848983,0.16634516125668644,1.0,1.1478928028534836,1.0,0.021431663373279425,inf,0.15454659161976228,0.19094641339605248,1.0,0.5954732066980263,국가중점=N AND 다운로드=L3(상) AND 형식=CSV,유형=FILE AND 표준=N,BR,0.1909464133960525,233,[]
"frozenset({'형식=CSV', '다운로드=L3(상)', '국가중점=N'})",frozenset({'유형=FILE'}),0.16634516125668644,0.8711614860848983,0.16634516125668644,1.0,1.1478928028534836,1.0,0.021431663373279425,inf,0.15454659161976228,0.19094641339605248,1.0,0.5954732066980263,국가중점=N AND 다운로드=L3(상) AND 형식=CSV,유형=FILE,BR,0.1909464133960525,233,[]
"frozenset({'조회수=L1(하)', '유형=FILE'})","frozenset({'국가중점=N', '표준=N'})",0.1832476564862413,0.9578428203497283,0.18310167565143948,0.9992033686127234,1.0431809346839322,1.0,0.007579223540179925,52.919305369566885,0.05068063039167991,0.19113133204170932,0.9811033044932014,0.5951819150923404,유형=FILE AND 조회수=L1(하),국가중점=N AND 표준=N,BR,0.19085601403912006,235,[]
frozenset({'다운로드=L2(중)'}),"frozenset({'국가중점=N', '표준=N'})",0.1993264027194144,0.9578428203497283,0.1935393053397704,0.9709667294413058,1.0137015268191765,1.0,0.0026159415888407367,1.452029993143415,0.016881201620517237,0.20084401882811231,0.3113089917411704,0.5865121041066751,다운로드=L2(중),국가중점=N AND 표준=N,BR,0.19049502034494445,236,[]
"frozenset({'조회수=L1(하)', '유형=FILE'})",frozenset({'국가중점=N'}),0.1832476564862413,0.9609709810954818,0.18310167565143948,0.9992033686127234,1.0397851634121746,1.0,0.007005995414408328,48.992569873432835,0.04684757775530708,0.1905092542365526,0.9795887416687185,0.594870781528584,유형=FILE AND 조회수=L1(하),국가중점=N,BR,0.1902347379517531,237,[]
"frozenset({'조회수=L1(하)', '표준=N', '유형=FILE'})",frozenset({'국가중점=N'}),0.1832476564862413,0.9609709810954818,0.18310167565143948,0.9992033686127234,1.0397851634121746,1.0,0.007005995414408328,48.992569873432835,0.04684757775530708,0.1905092542365526,0.9795887416687185,0.594870781528584,유형=FILE AND 조회수=L1(하) AND 표준=N,국가중점=N,BR,0.1902347379517531,237,[]
frozenset({'다운로드=L2(중)'}),frozenset({'국가중점=N'}),0.1993264027194144,0.9609709810954818,0.19364357736462884,0.9714898514333543,1.0109460853083005,1.0,0.002096688585120049,1.3689517896858172,0.013523070931291731,0.20032360714093092,0.26951408549638844,0.586499048980566,다운로드=L2(중),국가중점=N,BR,0.19018197809608411,239,[]
"frozenset({'표준=N', '다운로드=L2(중)'})",frozenset({'국가중점=N'}),0.19922213069455597,0.9609709810954818,0.1935393053397704,0.9714749293415681,1.0109305571684506,1.0,0.0020926189502906423,1.368235660898576,0.013502336082840133,0.200215738093954,0.2691317522426952,0.5864373344624507,다운로드=L2(중) AND 표준=N,국가중점=N,BR,0.19007373084976106,240,[]
"frozenset({'다운로드=L1(하)', '국가중점=N'})",frozenset({'표준=N'}),0.1900879013169557,0.9968718392542465,0.18985850286226708,0.998793198025233,1.0019273879503146,1.0,0.0003652270564537541,2.592107745230983,0.0023751716701920595,0.19041045751633984,0.6142135673797425,0.5946237362363438,국가중점=N AND 다운로드=L1(하),표준=N,BR,0.1899948706305259,241,[]
"frozenset({'다운로드=L3(상)', '표준=N', '유형=FILE'})",frozenset({'형식=CSV'}),0.19199607937186533,0.6992794803082281,0.16946289479995413,0.8826372671482106,1.262209591448561,1.0,0.03520397619557883,2.5623169500622858,0.25710091942345537,0.23477406679764246,0.6097282188389334,0.5624882800259491,다운로드=L3(상) AND 유형=FILE AND 표준=N,형식=CSV,BI,0.18879407361991293,243,[]
"frozenset({'다운로드=L3(상)', '유형=FILE'})",frozenset({'형식=CSV'}),0.19199607937186533,0.6992794803082281,0.16946289479995413,0.8826372671482106,1.262209591448561,1.0,0.03520397619557883,2.5623169500622858,0.25710091942345537,0.23477406679764246,0.6097282188389334,0.5624882800259491,다운로드=L3(상) AND 유형=FILE,형식=CSV,BI,0.18879407361991293,243,[]
"frozenset({'다운로드=L3(상)', '유형=FILE'})","frozenset({'형식=CSV', '표준=N'})",0.19199607937186533,0.6992794803082281,0.16946289479995413,0.8826372671482106,1.262209591448561,1.0,0.03520397619557883,2.5623169500622858,0.25710091942345537,0.23477406679764246,0.6097282188389334,0.5624882800259491,다운로드=L3(상) AND 유형=FILE,표준=N AND 형식=CSV,BI,0.18879407361991293,243,[]
"frozenset({'다운로드=L3(상)', '국가중점=N', '유형=FILE'})",frozenset({'표준=N'}),0.1880337424272442,0.9968718392542465,0.1880337424272442,1.0,1.0031379768417308,1.0,0.000588199771938025,inf,0.0038525748041607234,0.18862378795644488,1.0,0.5943118939782225,국가중점=N AND 다운로드=L3(상) AND 유형=FILE,표준=N,BR,0.18862378795644485,245,[]
"frozenset({'다운로드=L3(상)', '유형=FILE'})","frozenset({'국가중점=N', '표준=N'})",0.19199607937186533,0.9578428203497283,0.1880337424272442,0.9793624069950577,1.0224667202051712,1.0,0.004131676265606399,2.0427372339485466,0.027194246346532128,0.19550086730268867,0.51046077616795,0.5878360042813303,다운로드=L3(상) AND 유형=FILE,국가중점=N AND 표준=N,BR,0.18829049651788063,246,[]
frozenset({'조회수=L3(상)'}),"frozenset({'국가중점=N', '표준=N'})",0.19982690843873496,0.9578428203497283,0.19299709081050645,0.9658213316635359,1.0083296665635542,1.0,0.0015943212497816217,1.2334354058287151,0.010323836769148134,0.2000648543479436,0.1892562875409561,0.5836563658099957,조회수=L3(상),국가중점=N AND 표준=N,BR,0.18795336299242646,247,[]
"frozenset({'다운로드=L3(상)', '유형=FILE'})",frozenset({'국가중점=N'}),0.19199607937186533,0.9609709810954818,0.1880337424272442,0.9793624069950577,1.0191383780170034,1.0,0.003531081666776764,1.891161381812865,0.02324119765030941,0.19486708450399828,0.4712243970203107,0.5875164899558623,다운로드=L3(상) AND 유형=FILE,국가중점=N,BR,0.18767757172452817,248,[]
"frozenset({'다운로드=L3(상)', '표준=N', '유형=FILE'})",frozenset({'국가중점=N'}),0.19199607937186533,0.9609709810954818,0.1880337424272442,0.9793624069950577,1.0191383780170034,1.0,0.003531081666776764,1.891161381812865,0.02324119765030941,0.19486708450399828,0.4712243970203107,0.5875164899558623,다운로드=L3(상) AND 유형=FILE AND 표준=N,국가중점=N,BR,0.18767757172452817,248,[]
frozenset({'조회수=L3(상)'}),frozenset({'국가중점=N'}),0.19982690843873496,0.9609709810954818,0.19307008122790736,0.9661865998747652,1.005427446699106,1.0,0.001042220976259195,1.1542470961206572,0.006746226026074212,0.19950866304628911,0.13363438092161617,0.5835490291040493,조회수=L3(상),국가중점=N,BR,0.18755417059046542,250,[]
"frozenset({'형식=CSV', '다운로드=L3(상)', '표준=N'})","frozenset({'국가중점=N', '유형=FILE'})",0.16946289479995413,0.8547803509796357,0.16634516125668644,0.981602264336697,1.1483678388391998,1.0,0.021491608561556574,7.893343598257364,0.15556063587539795,0.19389851109085382,0.8733109755641737,0.5881040013007774,다운로드=L3(상) AND 표준=N AND 형식=CSV,국가중점=N AND 유형=FILE,BR,0.18751099790625786,252,[]
"frozenset({'형식=CSV', '다운로드=L3(상)'})","frozenset({'국가중점=N', '표준=N', '유형=FILE'})",0.16946289479995413,0.8547803509796357,0.16634516125668644,0.981602264336697,1.1483678388391998,1.0,0.021491608561556574,7.893343598257364,0.15556063587539795,0.19389851109085382,0.8733109755641737,0.5881040013007774,다운로드=L3(상) AND 형식=CSV,국가중점=N AND 유형=FILE AND 표준=N,BR,0.18751099790625786,252,[]
"frozenset({'형식=CSV', '다운로드=L3(상)'})","frozenset({'국가중점=N', '유형=FILE'})",0.16946289479995413,0.8547803509796357,0.16634516125668644,0.981602264336697,1.1483678388391998,1.0,0.021491608561556574,7.893343598257364,0.15556063587539795,0.19389851109085382,0.8733109755641737,0.5881040013007774,다운로드=L3(상) AND 형식=CSV,국가중점=N AND 유형=FILE,BR,0.18751099790625786,252,[]
"frozenset({'조회수=L3(상)', '표준=N'})",frozenset({'국가중점=N'}),0.19975391802133405,0.9609709810954818,0.19299709081050645,0.9661742444015243,1.0054145894188302,1.0,0.0010393722318786103,1.1538254863485433,0.006729716833814699,0.1994332385139212,0.13331780946817837,0.5835048739368733,조회수=L3(상) AND 표준=N,국가중점=N,BR,0.18747847047650554,254,[]
"frozenset({'국가중점=N', '표준=N', '조회수=L0(최소)'})",frozenset({'유형=FILE'}),0.1958749986965997,0.8711614860848983,0.18416525030499567,0.9402182592494011,1.0792697729038183,1.0,0.01352649535358838,2.1551482492388097,0.09133853360483193,0.20859808668950042,0.5359947974097854,0.5758101123051079,국가중점=N AND 조회수=L0(최소) AND 표준=N,유형=FILE,BI,0.18688153067984192,255,[]
"frozenset({'국가중점=N', '조회수=L0(최소)'})",frozenset({'유형=FILE'}),0.19605226113885907,0.8711614860848983,0.18416525030499567,0.9393681523242208,1.078293941282748,1.0,0.013372071140962644,2.124931349676965,0.09031568345004334,0.20855621287800963,0.5293965613750198,0.5753850588425178,국가중점=N AND 조회수=L0(최소),유형=FILE,BI,0.1865437421710561,256,[]
"frozenset({'국가중점=N', '조회수=L0(최소)'})","frozenset({'표준=N', '유형=FILE'})",0.19605226113885907,0.8711614860848983,0.18416525030499567,0.9393681523242208,1.078293941282748,1.0,0.013372071140962644,2.124931349676965,0.09031568345004334,0.20855621287800963,0.5293965613750198,0.5753850588425178,국가중점=N AND 조회수=L0(최소),유형=FILE AND 표준=N,BI,0.1865437421710561,256,[]
"frozenset({'다운로드=L3(상)', '국가중점=N', '표준=N', '유형=FILE'})",frozenset({'형식=CSV'}),0.1880337424272442,0.6992794803082281,0.16634516125668644,0.8846559086119892,1.265096336334724,1.0,0.03485702357175191,2.6071601594239064,0.2580727477436268,0.23072472990758283,0.6164409016510263,0.5612683536320014,국가중점=N AND 다운로드=L3(상) AND 유형=FILE AND 표준=N,형식=CSV,BI,0.18616933734952937,259,[]
"frozenset({'다운로드=L3(상)', '국가중점=N', '유형=FILE'})",frozenset({'형식=CSV'}),0.1880337424272442,0.6992794803082281,0.16634516125668644,0.8846559086119892,1.265096336334724,1.0,0.03485702357175191,2.6071601594239064,0.2580727477436268,0.23072472990758283,0.6164409016510263,0.5612683536320014,국가중점=N AND 다운로드=L3(상) AND 유형=FILE,형식=CSV,BI,0.18616933734952937,259,[]
"frozenset({'다운로드=L3(상)', '국가중점=N', '유형=FILE'})","frozenset({'형식=CSV', '표준=N'})",0.1880337424272442,0.6992794803082281,0.16634516125668644,0.8846559086119892,1.265096336334724,1.0,0.03485702357175191,2.6071601594239064,0.2580727477436268,0.23072472990758283,0.6164409016510263,0.5612683536320014,국가중점=N AND 다운로드=L3(상) AND 유형=FILE,표준=N AND 형식=CSV,BI,0.18616933734952937,259,[]
"frozenset({'유형=FILE', '조회수=L0(최소)'})",frozenset({'표준=N'}),0.1842173863174249,0.9968718392542465,0.1842173863174249,1.0,1.0031379768417308,1.0,0.0005762615965634876,inf,0.0038345518687049915,0.18479545620953317,1.0,0.5923977281047665,유형=FILE AND 조회수=L0(최소),표준=N,BR,0.18479545620953317,261,[]
"frozenset({'국가중점=N', '유형=FILE', '조회수=L0(최소)'})",frozenset({'표준=N'}),0.18416525030499567,0.9968718392542465,0.18416525030499567,1.0,1.0031379768417308,1.0,0.0005760985067359559,inf,0.003834306821231812,0.18474315659550433,1.0,0.5923715782977521,국가중점=N AND 유형=FILE AND 조회수=L0(최소),표준=N,BR,0.1847431565955043,262,[]
"frozenset({'형식=CSV', '조회수=L0(최소)'})","frozenset({'국가중점=N', '유형=FILE'})",0.15739862152383138,0.8547803509796357,0.15738819432134551,0.9999337528983105,1.1698136857642076,1.0,0.022846945371494093,2192.0906019573426,0.17227958825613515,0.18412481549702964,0.9995438144759586,0.5920304072386546,조회수=L0(최소) AND 형식=CSV,국가중점=N AND 유형=FILE,BR,0.1841026666187288,264,[]
"frozenset({'형식=CSV', '표준=N', '조회수=L0(최소)'})","frozenset({'국가중점=N', '유형=FILE'})",0.15739862152383138,0.8547803509796357,0.15738819432134551,0.9999337528983105,1.1698136857642076,1.0,0.022846945371494093,2192.0906019573426,0.17227958825613515,0.18412481549702964,0.9995438144759586,0.5920304072386546,조회수=L0(최소) AND 표준=N AND 형식=CSV,국가중점=N AND 유형=FILE,BR,0.1841026666187288,264,[]
"frozenset({'형식=CSV', '조회수=L0(최소)'})","frozenset({'국가중점=N', '표준=N', '유형=FILE'})",0.15739862152383138,0.8547803509796357,0.15738819432134551,0.9999337528983105,1.1698136857642076,1.0,0.022846945371494093,2192.0906019573426,0.17227958825613515,0.18412481549702964,0.9995438144759586,0.5920304072386546,조회수=L0(최소) AND 형식=CSV,국가중점=N AND 유형=FILE AND 표준=N,BR,0.1841026666187288,264,[]
"frozenset({'조회수=L1(하)', '유형=FILE'})",frozenset({'표준=N'}),0.1832476564862413,0.9968718392542465,0.1832476564862413,1.0,1.0031379768417308,1.0,0.0005732281257715965,inf,0.0038299991063336135,0.1838226833885966,1.0,0.5919113416942983,유형=FILE AND 조회수=L1(하),표준=N,BR,0.18382268338859656,266,[]
"frozenset({'조회수=L1(하)', '국가중점=N', '유형=FILE'})",frozenset({'표준=N'}),0.18310167565143948,0.9968718392542465,0.18310167565143948,1.0,1.0031379768417308,1.0,0.0005727714742545242,inf,0.0038293146803160313,0.1836762444693158,1.0,0.5918381222346579,국가중점=N AND 유형=FILE AND 조회수=L1(하),표준=N,BR,0.1836762444693158,267,[]
"frozenset({'국가중점=N', '다운로드=L4(최대)', '유형=FILE'})",frozenset({'표준=N'}),0.18297654922160933,0.9968718392542465,0.18297654922160933,1.0,1.0031379768417308,1.0,0.0005723800586684702,inf,0.0038287282241081903,0.1835507253956466,1.0,0.5917753626978233,국가중점=N AND 다운로드=L4(최대) AND 유형=FILE,표준=N,BR,0.18355072539564654,268,[]
"frozenset({'조회수=L1(하)', '국가중점=N', '표준=N'})",frozenset({'유형=FILE'}),0.19607311554383075,0.8711614860848983,0.18310167565143948,0.9338438630078707,1.0719526493356293,1.0,0.012290328932979905,1.9474914916877601,0.08349387842941683,0.2070974513804531,0.48651893768564447,0.5720124793392856,국가중점=N AND 조회수=L1(하) AND 표준=N,유형=FILE,BI,0.18329144278052167,269,[]
"frozenset({'표준=N', '다운로드=L4(최대)'})","frozenset({'국가중점=N', '유형=FILE'})",0.19791873038382532,0.8547803509796357,0.18297654922160933,0.9245034508192402,1.0815684400790182,1.0,0.013799507398679245,1.9235269770101417,0.09402639295942625,0.2103849704468343,0.48012166611026036,0.569283051651447,다운로드=L4(최대) AND 표준=N,국가중점=N AND 유형=FILE,BI,0.1829607684366112,270,[]
"frozenset({'조회수=L1(하)', '국가중점=N'})",frozenset({'유형=FILE'}),0.19631294120100518,0.8711614860848983,0.18310167565143948,0.9327030328783131,1.0706430986406317,1.0,0.012081402057074558,1.9144772703075157,0.08209903330629743,0.20704129035300778,0.4776642086540032,0.5714420642745067,국가중점=N AND 조회수=L1(하),유형=FILE,BI,0.18284388043627522,271,[]
"frozenset({'조회수=L1(하)', '국가중점=N'})","frozenset({'표준=N', '유형=FILE'})",0.19631294120100518,0.8711614860848983,0.18310167565143948,0.9327030328783131,1.0706430986406317,1.0,0.012081402057074558,1.9144772703075157,0.08209903330629743,0.20704129035300778,0.4776642086540032,0.5714420642745067,국가중점=N AND 조회수=L1(하),유형=FILE AND 표준=N,BI,0.18284388043627522,271,[]
"frozenset({'표준=N', '조회수=L0(최소)'})","frozenset({'국가중점=N', '유형=FILE'})",0.19998331647602266,0.8547803509796357,0.18416525030499567,0.9209030710673132,1.0773563875349923,1.0,0.013223440857549451,1.8359707637188967,0.08975067958267553,0.21153869186638397,0.4553290173453389,0.5681781872365941,조회수=L0(최소) AND 표준=N,국가중점=N AND 유형=FILE,BI,0.1827178598591289,273,[]
frozenset({'조회수=L0(최소)'}),"frozenset({'국가중점=N', '표준=N', '유형=FILE'})",0.200160578918282,0.8547803509796357,0.18416525030499567,0.9200875182329652,1.0764022794610137,1.0,0.013071920404939513,1.8172336262026816,0.08874193661404696,0.21149562926595614,0.449713022265819,0.56777041081942,조회수=L0(최소),국가중점=N AND 유형=FILE AND 표준=N,BI,0.1823943728630015,274,[]
frozenset({'조회수=L0(최소)'}),"frozenset({'국가중점=N', '유형=FILE'})",0.200160578918282,0.8547803509796357,0.18416525030499567,0.9200875182329652,1.0764022794610137,1.0,0.013071920404939513,1.8172336262026816,0.08874193661404696,0.21149562926595614,0.449713022265819,0.56777041081942,조회수=L0(최소),국가중점=N AND 유형=FILE,BI,0.1823943728630015,274,[]
"frozenset({'유형=FILE', '다운로드=L2(중)'})","frozenset({'국가중점=N', '표준=N'})",0.18168357611336455,0.9578428203497283,0.17929574674410603,0.9868572084481175,1.030291387565859,1.0,0.005271437788456401,3.207627503171759,0.035928396133672415,0.1867215411178317,0.6882431021023537,0.5870221160899416,다운로드=L2(중) AND 유형=FILE,국가중점=N AND 표준=N,BR,0.18229903703403075,276,[]
"frozenset({'유형=FILE', '다운로드=L2(중)'})",frozenset({'표준=N'}),0.18168357611336455,0.9968718392542465,0.18168357611336455,1.0,1.0031379768417308,1.0,0.0005683354309459487,inf,0.003822678678372555,0.18225369496773117,1.0,0.5911268474838656,다운로드=L2(중) AND 유형=FILE,표준=N,BR,0.1822536949677311,277,[]
"frozenset({'다운로드=L3(상)', '유형=FILE'})","frozenset({'형식=CSV', '국가중점=N'})",0.19199607937186533,0.6867564101227281,0.16634516125668644,0.8663987400206375,1.2615808563997328,1.0,0.03449062302962583,2.3446155367521158,0.2566122584718368,0.23349726296068615,0.573490841323498,0.5543086591299933,다운로드=L3(상) AND 유형=FILE,국가중점=N AND 형식=CSV,BI,0.18182059501448838,279,[]
"frozenset({'다운로드=L3(상)', '표준=N', '유형=FILE'})","frozenset({'형식=CSV', '국가중점=N'})",0.19199607937186533,0.6867564101227281,0.16634516125668644,0.8663987400206375,1.2615808563997328,1.0,0.03449062302962583,2.3446155367521158,0.2566122584718368,0.23349726296068615,0.573490841323498,0.5543086591299933,다운로드=L3(상) AND 유형=FILE AND 표준=N,국가중점=N AND 형식=CSV,BI,0.18182059501448838,279,[]
"frozenset({'다운로드=L3(상)', '유형=FILE'})","frozenset({'형식=CSV', '국가중점=N', '표준=N'})",0.19199607937186533,0.6867564101227281,0.16634516125668644,0.8663987400206375,1.2615808563997328,1.0,0.03449062302962583,2.3446155367521158,0.2566122584718368,0.23349726296068615,0.573490841323498,0.5543086591299933,다운로드=L3(상) AND 유형=FILE,국가중점=N AND 표준=N AND 형식=CSV,BI,0.18182059501448838,279,[]
"frozenset({'표준=N', '유형=FILE', '다운로드=L2(중)'})",frozenset({'국가중점=N'}),0.18168357611336455,0.9609709810954818,0.17929574674410603,0.9868572084481175,1.026937574455293,1.0,0.0047031023575104525,2.9696140846826364,0.032054807689824584,0.18611523016809361,0.6632559075072981,0.5867174497101699,다운로드=L2(중) AND 유형=FILE AND 표준=N,국가중점=N,BR,0.18170561568951893,281,[]
"frozenset({'유형=FILE', '다운로드=L2(중)'})",frozenset({'국가중점=N'}),0.18168357611336455,0.9609709810954818,0.17929574674410603,0.9868572084481175,1.026937574455293,1.0,0.0047031023575104525,2.9696140846826364,0.032054807689824584,0.18611523016809361,0.6632559075072981,0.5867174497101699,다운로드=L2(중) AND 유형=FILE,국가중점=N,BR,0.18170561568951893,281,[]
"frozenset({'형식=CSV', '조회수=L0(최소)'})",frozenset({'유형=FILE'}),0.15739862152383138,0.8711614860848983,0.15739862152383138,1.0,1.1478928028534836,1.0,0.02027900448941597,inf,0.15290565290565286,0.1806767448262655,1.0,0.5903383724131327,조회수=L0(최소) AND 형식=CSV,유형=FILE,BR,0.18067674482626547,284,[]
"frozenset({'형식=CSV', '표준=N', '조회수=L0(최소)'})",frozenset({'유형=FILE'}),0.15739862152383138,0.8711614860848983,0.15739862152383138,1.0,1.1478928028534836,1.0,0.02027900448941597,inf,0.15290565290565286,0.1806767448262655,1.0,0.5903383724131327,조회수=L0(최소) AND 표준=N AND 형식=CSV,유형=FILE,BR,0.18067674482626547,284,[]
"frozenset({'형식=CSV', '조회수=L0(최소)'})","frozenset({'표준=N', '유형=FILE'})",0.15739862152383138,0.8711614860848983,0.15739862152383138,1.0,1.1478928028534836,1.0,0.02027900448941597,inf,0.15290565290565286,0.1806767448262655,1.0,0.5903383724131327,조회수=L0(최소) AND 형식=CSV,유형=FILE AND 표준=N,BR,0.18067674482626547,284,[]
"frozenset({'형식=CSV', '국가중점=N', '조회수=L0(최소)'})","frozenset({'표준=N', '유형=FILE'})",0.15738819432134551,0.8711614860848983,0.15738819432134551,1.0,1.1478928028534836,1.0,0.020277661064143415,inf,0.15290376071972187,0.18066477551557805,1.0,0.5903323877577891,국가중점=N AND 조회수=L0(최소) AND 형식=CSV,유형=FILE AND 표준=N,BR,0.18066477551557802,287,[]
"frozenset({'형식=CSV', '국가중점=N', '표준=N', '조회수=L0(최소)'})",frozenset({'유형=FILE'}),0.15738819432134551,0.8711614860848983,0.15738819432134551,1.0,1.1478928028534836,1.0,0.020277661064143415,inf,0.15290376071972187,0.18066477551557805,1.0,0.5903323877577891,국가중점=N AND 조회수=L0(최소) AND 표준=N AND 형식=CSV,유형=FILE,BR,0.18066477551557802,287,[]
"frozenset({'형식=CSV', '국가중점=N', '조회수=L0(최소)'})",frozenset({'유형=FILE'}),0.15738819432134551,0.8711614860848983,0.15738819432134551,1.0,1.1478928028534836,1.0,0.020277661064143415,inf,0.15290376071972187,0.18066477551557805,1.0,0.5903323877577891,국가중점=N AND 조회수=L0(최소) AND 형식=CSV,유형=FILE,BR,0.18066477551557802,287,[]
"frozenset({'조회수=L1(하)', '표준=N'})","frozenset({'국가중점=N', '유형=FILE'})",0.1996496459964756,0.8547803509796357,0.18310167565143948,0.9171149527341098,1.0729247012791467,1.0,0.012445081173612038,1.7520608820371246,0.0849229894072522,0.210140851812405,0.4292435780899931,0.5656619947626829,조회수=L1(하) AND 표준=N,국가중점=N AND 유형=FILE,BI,0.18017118582805036,289,[]
"frozenset({'국가중점=N', '유형=FILE', '다운로드=L2(중)'})",frozenset({'표준=N'}),0.17929574674410603,0.9968718392542465,0.17929574674410603,1.0,1.0031379768417308,1.0,0.0005608659168454821,inf,0.0038115566397316997,0.1798583726452099,1.0,0.5899291863226049,국가중점=N AND 다운로드=L2(중) AND 유형=FILE,표준=N,BR,0.17985837264520987,290,[]
frozenset({'조회수=L1(하)'}),"frozenset({'국가중점=N', '유형=FILE'})",0.19988947165365004,0.8547803509796357,0.18310167565143948,0.9160146061554513,1.0716374155133972,1.0,0.012240082914198563,1.7291060072797426,0.08354915383155517,0.21008302825832073,0.4216664589736658,0.5651118214733536,조회수=L1(하),국가중점=N AND 유형=FILE,BI,0.17973910952716188,291,[]
frozenset({'조회수=L1(하)'}),"frozenset({'국가중점=N', '표준=N', '유형=FILE'})",0.19988947165365004,0.8547803509796357,0.18310167565143948,0.9160146061554513,1.0716374155133972,1.0,0.012240082914198563,1.7291060072797426,0.08354915383155517,0.21008302825832073,0.4216664589736658,0.5651118214733536,조회수=L1(하),국가중점=N AND 유형=FILE AND 표준=N,BI,0.17973910952716188,291,[]
frozenset({'다운로드=L4(최대)'}),"frozenset({'국가중점=N', '표준=N', '유형=FILE'})",0.1998373356412208,0.8547803509796357,0.18297654922160933,0.9156274458648579,1.0711844801012183,1.0,0.012159521323371364,1.7211716595394464,0.08305059771850747,0.2099218834112904,0.4190004265654819,0.5648450491742558,다운로드=L4(최대),국가중점=N AND 유형=FILE AND 표준=N,BI,0.17946448078839372,293,[]
frozenset({'다운로드=L4(최대)'}),"frozenset({'국가중점=N', '유형=FILE'})",0.1998373356412208,0.8547803509796357,0.18297654922160933,0.9156274458648579,1.0711844801012183,1.0,0.012159521323371364,1.7211716595394464,0.08305059771850747,0.2099218834112904,0.4190004265654819,0.5648450491742558,다운로드=L4(최대),국가중점=N AND 유형=FILE,BI,0.17946448078839372,293,[]
"frozenset({'표준=N', '조회수=L0(최소)'})",frozenset({'유형=FILE'}),0.19998331647602266,0.8711614860848983,0.1842173863174249,0.9211637728765837,1.0573972651343915,1.0,0.009999623143986475,1.6342551973397705,0.06785064382383191,0.20770288858321873,0.3881004621384756,0.5663127923954178,조회수=L0(최소) AND 표준=N,유형=FILE,BI,0.17943437608008364,295,[]
frozenset({'조회수=L0(최소)'}),frozenset({'유형=FILE'}),0.200160578918282,0.8711614860848983,0.1842173863174249,0.9203479891644093,1.0564608328825014,1.0,0.009845198931360793,1.6175174055685375,0.06681763112317611,0.20766138511448587,0.38176863101605246,0.5659049005393306,조회수=L0(최소),유형=FILE,BI,0.17911670222288714,296,[]
frozenset({'조회수=L0(최소)'}),"frozenset({'표준=N', '유형=FILE'})",0.200160578918282,0.8711614860848983,0.1842173863174249,0.9203479891644093,1.0564608328825014,1.0,0.009845198931360793,1.6175174055685375,0.06681763112317611,0.20766138511448587,0.38176863101605246,0.5659049005393306,조회수=L0(최소),유형=FILE AND 표준=N,BI,0.17911670222288714,296,[]
"frozenset({'조회수=L1(하)', '표준=N'})",frozenset({'유형=FILE'}),0.1996496459964756,0.8711614860848983,0.1832476564862413,0.9178461377761529,1.053588975680113,1.0,0.00932057418362775,1.568258757744724,0.06355124994170845,0.20646146616541355,0.36235012553790774,0.5640974018982384,조회수=L1(하) AND 표준=N,유형=FILE,BI,0.177206452588964,298,[]
frozenset({'조회수=L1(하)'}),frozenset({'유형=FILE'}),0.19988947165365004,0.8711614860848983,0.1832476564862413,0.9167449139280125,1.052324888750502,1.0,0.009111647307722376,1.547515232927631,0.062145328262161674,0.20640569395017794,0.3538028067690338,0.5635467899741682,조회수=L1(하),유형=FILE,BI,0.1767814861428793,299,[]
frozenset({'조회수=L1(하)'}),"frozenset({'표준=N', '유형=FILE'})",0.19988947165365004,0.8711614860848983,0.1832476564862413,0.9167449139280125,1.052324888750502,1.0,0.009111647307722376,1.547515232927631,0.062145328262161674,0.20640569395017794,0.3538028067690338,0.5635467899741682,조회수=L1(하),유형=FILE AND 표준=N,BI,0.1767814861428793,299,[]
"frozenset({'유형=FILE', '조회수=L2(중)'})","frozenset({'국가중점=N', '표준=N'})",0.17196542339655693,0.9578428203497283,0.1710582567802884,0.9947247150133398,1.0385051637701321,1.0,0.0063424106314951545,7.991450652784844,0.044777706187928715,0.17841800167487792,0.8748662735405215,0.5866558476002907,유형=FILE AND 조회수=L2(중),국가중점=N AND 표준=N,BR,0.17670775558774832,301,[]
"frozenset({'국가중점=N', '표준=N', '다운로드=L2(중)'})",frozenset({'유형=FILE'}),0.1935393053397704,0.8711614860848983,0.17929574674410603,0.926404827326114,1.0634134338163705,1.0,0.010691757888472764,1.7506381089152303,0.0739428052436203,0.20250138376926974,0.4287797147180565,0.5661085622979571,국가중점=N AND 다운로드=L2(중) AND 표준=N,유형=FILE,BI,0.17663344489785773,302,[]
"frozenset({'국가중점=N', '다운로드=L2(중)'})",frozenset({'유형=FILE'}),0.19364357736462884,0.8711614860848983,0.17929574674410603,0.9259059824457488,1.062840813368459,1.0,0.010600920116340007,1.7388517746492418,0.07332406353819039,0.20247753847603123,0.42490785322876745,0.5658591398577746,국가중점=N AND 다운로드=L2(중),유형=FILE,BI,0.1764432710906937,303,[]
"frozenset({'국가중점=N', '다운로드=L2(중)'})","frozenset({'표준=N', '유형=FILE'})",0.19364357736462884,0.8711614860848983,0.17929574674410603,0.9259059824457488,1.062840813368459,1.0,0.010600920116340007,1.7388517746492418,0.07332406353819039,0.20247753847603123,0.42490785322876745,0.5658591398577746,국가중점=N AND 다운로드=L2(중),유형=FILE AND 표준=N,BI,0.1764432710906937,303,[]
"frozenset({'표준=N', '유형=FILE', '조회수=L2(중)'})",frozenset({'국가중점=N'}),0.17196542339655693,0.9609709810954818,0.1710582567802884,0.9947247150133398,1.035124613106818,1.0,0.005804475144399163,7.398466434176029,0.0409798572959584,0.17783776166162588,0.8648368538403228,0.5863651786872255,유형=FILE AND 조회수=L2(중) AND 표준=N,국가중점=N,BR,0.17613253502919446,305,[]
"frozenset({'유형=FILE', '조회수=L2(중)'})",frozenset({'국가중점=N'}),0.17196542339655693,0.9609709810954818,0.1710582567802884,0.9947247150133398,1.035124613106818,1.0,0.005804475144399163,7.398466434176029,0.0409798572959584,0.17783776166162588,0.8648368538403228,0.5863651786872255,유형=FILE AND 조회수=L2(중),국가중점=N,BR,0.17613253502919446,305,[]
"frozenset({'다운로드=L4(최대)', '유형=FILE'})","frozenset({'국가중점=N', '표준=N'})",0.19100549513571005,0.9578428203497283,0.18297654922160933,0.9579648433235068,1.0001273935255202,1.0,2.3307058524490998e-05,1.0029028790047723,0.00015745137663000566,0.18944186548634354,0.0028944766891614245,0.574497335661318,다운로드=L4(최대) AND 유형=FILE,국가중점=N AND 표준=N,BR,0.1753074314939816,307,[]
"frozenset({'형식=CSV', '표준=N', '다운로드=L2(중)'})",frozenset({'유형=FILE'}),0.152174593078423,0.8711614860848983,0.152174593078423,1.0,1.1478928028534836,1.0,0.019605948427859343,inf,0.15196349727582434,0.17468012017187928,1.0,0.5873400600859396,다운로드=L2(중) AND 표준=N AND 형식=CSV,유형=FILE,BR,0.17468012017187928,309,[]
"frozenset({'형식=CSV', '다운로드=L2(중)'})",frozenset({'유형=FILE'}),0.152174593078423,0.8711614860848983,0.152174593078423,1.0,1.1478928028534836,1.0,0.019605948427859343,inf,0.15196349727582434,0.17468012017187928,1.0,0.5873400600859396,다운로드=L2(중) AND 형식=CSV,유형=FILE,BR,0.17468012017187928,309,[]
"frozenset({'형식=CSV', '다운로드=L2(중)'})","frozenset({'표준=N', '유형=FILE'})",0.152174593078423,0.8711614860848983,0.152174593078423,1.0,1.1478928028534836,1.0,0.019605948427859343,inf,0.15196349727582434,0.17468012017187928,1.0,0.5873400600859396,다운로드=L2(중) AND 형식=CSV,유형=FILE AND 표준=N,BR,0.17468012017187928,309,[]
"frozenset({'다운로드=L3(상)', '표준=N'})","frozenset({'형식=CSV', '유형=FILE'})",0.20000417088099434,0.6992794803082281,0.16946289479995413,0.8472968041290861,1.2116711958366275,1.0,0.02960408212681437,1.9693138573601503,0.218368130870517,0.23219796548176938,0.49220892532565014,0.5448180485163869,다운로드=L3(상) AND 표준=N,유형=FILE AND 형식=CSV,BI,0.17397825598196062,311,[]
"frozenset({'다운로드=L3(상)', '표준=N'})",frozenset({'형식=CSV'}),0.20000417088099434,0.6992794803082281,0.16946289479995413,0.8472968041290861,1.2116711958366275,1.0,0.02960408212681437,1.9693138573601503,0.218368130870517,0.23219796548176938,0.49220892532565014,0.5448180485163869,다운로드=L3(상) AND 표준=N,형식=CSV,BI,0.17397825598196062,311,[]
frozenset({'다운로드=L3(상)'}),"frozenset({'형식=CSV', '유형=FILE'})",0.20003545248845186,0.6992794803082281,0.16946289479995413,0.847164303586322,1.2114817143110068,1.0,0.02958220754060828,1.9676065654048278,0.21821531040185846,0.23218801342953072,0.49176831507763663,0.5447517982450047,다운로드=L3(상),유형=FILE AND 형식=CSV,BI,0.17392384668694566,314,[]
frozenset({'다운로드=L3(상)'}),"frozenset({'형식=CSV', '표준=N'})",0.20003545248845186,0.6992794803082281,0.16946289479995413,0.847164303586322,1.2114817143110068,1.0,0.02958220754060828,1.9676065654048278,0.21821531040185846,0.23218801342953072,0.49176831507763663,0.5447517982450047,다운로드=L3(상),표준=N AND 형식=CSV,BI,0.17392384668694566,314,[]
frozenset({'다운로드=L3(상)'}),"frozenset({'형식=CSV', '표준=N', '유형=FILE'})",0.20003545248845186,0.6992794803082281,0.16946289479995413,0.847164303586322,1.2114817143110068,1.0,0.02958220754060828,1.9676065654048278,0.21821531040185846,0.23218801342953072,0.49176831507763663,0.5447517982450047,다운로드=L3(상),유형=FILE AND 표준=N AND 형식=CSV,BI,0.17392384668694566,314,[]
frozenset({'다운로드=L3(상)'}),frozenset({'형식=CSV'}),0.20003545248845186,0.6992794803082281,0.16946289479995413,0.847164303586322,1.2114817143110068,1.0,0.02958220754060828,1.9676065654048278,0.21821531040185846,0.23218801342953072,0.49176831507763663,0.5447517982450047,다운로드=L3(상),형식=CSV,BI,0.17392384668694566,314,[]
"frozenset({'다운로드=L3(상)', '국가중점=N', '표준=N'})","frozenset({'형식=CSV', '유형=FILE'})",0.1945820255883549,0.6992794803082281,0.16634516125668644,0.8548845185145489,1.2225219566542027,1.0,0.030277943525939294,2.0722842016130545,0.2259929466138649,0.2286480056183801,0.517440706626241,0.5463826585832814,국가중점=N AND 다운로드=L3(상) AND 표준=N,유형=FILE AND 형식=CSV,BI,0.1738498388910999,317,[]
"frozenset({'다운로드=L3(상)', '국가중점=N', '표준=N'})",frozenset({'형식=CSV'}),0.1945820255883549,0.6992794803082281,0.16634516125668644,0.8548845185145489,1.2225219566542027,1.0,0.030277943525939294,2.0722842016130545,0.2259929466138649,0.2286480056183801,0.517440706626241,0.5463826585832814,국가중점=N AND 다운로드=L3(상) AND 표준=N,형식=CSV,BI,0.1738498388910999,317,[]
"frozenset({'다운로드=L3(상)', '국가중점=N'})",frozenset({'형식=CSV'}),0.19461330719581243,0.6992794803082281,0.16634516125668644,0.8547471067295328,1.2223254518390527,1.0,0.030256068939733177,2.0703237844069466,0.22583844720909063,0.2286381746782469,0.5169837647948122,0.5463139526907733,국가중점=N AND 다운로드=L3(상),형식=CSV,BI,0.17379395509336565,320,[]
"frozenset({'다운로드=L3(상)', '국가중점=N'})","frozenset({'형식=CSV', '유형=FILE'})",0.19461330719581243,0.6992794803082281,0.16634516125668644,0.8547471067295328,1.2223254518390527,1.0,0.030256068939733177,2.0703237844069466,0.22583844720909063,0.2286381746782469,0.5169837647948122,0.5463139526907733,국가중점=N AND 다운로드=L3(상),유형=FILE AND 형식=CSV,BI,0.17379395509336565,320,[]
"frozenset({'다운로드=L3(상)', '국가중점=N'})","frozenset({'형식=CSV', '표준=N', '유형=FILE'})",0.19461330719581243,0.6992794803082281,0.16634516125668644,0.8547471067295328,1.2223254518390527,1.0,0.030256068939733177,2.0703237844069466,0.22583844720909063,0.2286381746782469,0.5169837647948122,0.5463139526907733,국가중점=N AND 다운로드=L3(상),유형=FILE AND 표준=N AND 형식=CSV,BI,0.17379395509336565,320,[]
"frozenset({'다운로드=L3(상)', '국가중점=N'})","frozenset({'형식=CSV', '표준=N'})",0.19461330719581243,0.6992794803082281,0.16634516125668644,0.8547471067295328,1.2223254518390527,1.0,0.030256068939733177,2.0703237844069466,0.22583844720909063,0.2286381746782469,0.5169837647948122,0.5463139526907733,국가중점=N AND 다운로드=L3(상),표준=N AND 형식=CSV,BI,0.17379395509336565,320,[]
"frozenset({'표준=N', '다운로드=L2(중)'})",frozenset({'유형=FILE'}),0.19922213069455597,0.8711614860848983,0.18168357611336455,0.9119648278027844,1.0468378622903327,1.0,0.00812892867649534,1.4634890885029324,0.0558734619346894,0.2044374567342102,0.3167014309461342,0.5602590486099993,다운로드=L2(중) AND 표준=N,유형=FILE,BI,0.17344955123140854,323,[]
"frozenset({'형식=CSV', '다운로드=L0(최소)', '국가중점=N', '주기=수시'})","frozenset({'유형=FILE', '조회수=L0(최소)'})",0.0659312013179984,0.1842173863174249,0.05177106034222079,0.7852285307607147,4.262510431060441,1.0,0.03962538675865116,3.7983751592893373,0.8194219415344788,0.2609724047306176,0.736729533533729,0.5331304820555145,국가중점=N AND 다운로드=L0(최소) AND 주기=수시 AND 형식=CSV,유형=FILE AND 조회수=L0(최소),BI,0.17328005847115704,325,[]
"frozenset({'다운로드=L0(최소)', '국가중점=N', '형식=CSV', '주기=수시', '표준=N'})","frozenset({'유형=FILE', '조회수=L0(최소)'})",0.0659312013179984,0.1842173863174249,0.05177106034222079,0.7852285307607147,4.262510431060441,1.0,0.03962538675865116,3.7983751592893373,0.8194219415344788,0.2609724047306176,0.736729533533729,0.5331304820555145,국가중점=N AND 다운로드=L0(최소) AND 주기=수시 AND 표준=N AND 형식=CSV,유형=FILE AND 조회수=L0(최소),BI,0.17328005847115704,325,[]
"frozenset({'형식=CSV', '다운로드=L0(최소)', '국가중점=N', '주기=수시'})","frozenset({'표준=N', '유형=FILE', '조회수=L0(최소)'})",0.0659312013179984,0.1842173863174249,0.05177106034222079,0.7852285307607147,4.262510431060441,1.0,0.03962538675865116,3.7983751592893373,0.8194219415344788,0.2609724047306176,0.736729533533729,0.5331304820555145,국가중점=N AND 다운로드=L0(최소) AND 주기=수시 AND 형식=CSV,유형=FILE AND 조회수=L0(최소) AND 표준=N,BI,0.17328005847115704,325,[]
frozenset({'다운로드=L2(중)'}),frozenset({'유형=FILE'}),0.1993264027194144,0.8711614860848983,0.18168357611336455,0.9114877589453861,1.0462902383824597,1.0,0.008038090904362583,1.4556010827429589,0.05525629176856836,0.20441347270615565,0.312998587418207,0.5600205141813002,다운로드=L2(중),유형=FILE,BI,0.17326812814750603,327,[]
frozenset({'다운로드=L2(중)'}),"frozenset({'표준=N', '유형=FILE'})",0.1993264027194144,0.8711614860848983,0.18168357611336455,0.9114877589453861,1.0462902383824597,1.0,0.008038090904362583,1.4556010827429589,0.05525629176856836,0.20441347270615565,0.312998587418207,0.5600205141813002,다운로드=L2(중),유형=FILE AND 표준=N,BI,0.17326812814750603,327,[]
"frozenset({'조회수=L3(상)', '유형=FILE'})",frozenset({'표준=N'}),0.1726223371531652,0.9968718392542465,0.1726223371531652,1.0,1.0031379768417308,1.0,0.0005399904189227478,inf,0.0037808136310933183,0.1731640220495173,1.0,0.5865820110247586,유형=FILE AND 조회수=L3(상),표준=N,BR,0.17316402204951725,329,[]
"frozenset({'형식=CSV', '국가중점=N', '표준=N', '다운로드=L2(중)'})",frozenset({'유형=FILE'}),0.1505166678831736,0.8711614860848983,0.1505166678831736,1.0,1.1478928028534836,1.0,0.019392343809521012,inf,0.15166691216183045,0.17277699977258307,1.0,0.5863884998862915,국가중점=N AND 다운로드=L2(중) AND 표준=N AND 형식=CSV,유형=FILE,BR,0.17277699977258307,331,[]
"frozenset({'형식=CSV', '국가중점=N', '다운로드=L2(중)'})",frozenset({'유형=FILE'}),0.1505166678831736,0.8711614860848983,0.1505166678831736,1.0,1.1478928028534836,1.0,0.019392343809521012,inf,0.15166691216183045,0.17277699977258307,1.0,0.5863884998862915,국가중점=N AND 다운로드=L2(중) AND 형식=CSV,유형=FILE,BR,0.17277699977258307,331,[]
"frozenset({'형식=CSV', '국가중점=N', '다운로드=L2(중)'})","frozenset({'표준=N', '유형=FILE'})",0.1505166678831736,0.8711614860848983,0.1505166678831736,1.0,1.1478928028534836,1.0,0.019392343809521012,inf,0.15166691216183045,0.17277699977258307,1.0,0.5863884998862915,국가중점=N AND 다운로드=L2(중) AND 형식=CSV,유형=FILE AND 표준=N,BR,0.17277699977258307,331,[]
"frozenset({'유형=FILE', '조회수=L2(중)'})",frozenset({'표준=N'}),0.17196542339655693,0.9968718392542465,0.17196542339655693,1.0,1.0031379768417308,1.0,0.0005379354870959918,inf,0.0037778141567289037,0.17250504691275378,1.0,0.5862525234563769,유형=FILE AND 조회수=L2(중),표준=N,BR,0.17250504691275376,333,[]
"frozenset({'형식=CSV', '표준=N', '다운로드=L2(중)'})","frozenset({'국가중점=N', '유형=FILE'})",0.152174593078423,0.8547803509796357,0.1505166678831736,0.9891051116897355,1.157145353839913,1.0,0.020440815801415962,13.329154451592391,0.1601795990657421,0.17574724538868933,0.9249764864206721,0.582596617521456,다운로드=L2(중) AND 표준=N AND 형식=CSV,국가중점=N AND 유형=FILE,BR,0.17227210389196815,335,[]
"frozenset({'형식=CSV', '다운로드=L2(중)'})","frozenset({'국가중점=N', '표준=N', '유형=FILE'})",0.152174593078423,0.8547803509796357,0.1505166678831736,0.9891051116897355,1.157145353839913,1.0,0.020440815801415962,13.329154451592391,0.1601795990657421,0.17574724538868933,0.9249764864206721,0.582596617521456,다운로드=L2(중) AND 형식=CSV,국가중점=N AND 유형=FILE AND 표준=N,BR,0.17227210389196815,335,[]
"frozenset({'형식=CSV', '다운로드=L2(중)'})","frozenset({'국가중점=N', '유형=FILE'})",0.152174593078423,0.8547803509796357,0.1505166678831736,0.9891051116897355,1.157145353839913,1.0,0.020440815801415962,13.329154451592391,0.1601795990657421,0.17574724538868933,0.9249764864206721,0.582596617521456,다운로드=L2(중) AND 형식=CSV,국가중점=N AND 유형=FILE,BR,0.17227210389196815,335,[]
"frozenset({'조회수=L3(상)', '유형=FILE'})","frozenset({'국가중점=N', '표준=N'})",0.1726223371531652,0.9578428203497283,0.16993211891181714,0.9844155844155843,1.027742301243281,1.0,0.0045870526376677045,2.7050856942257444,0.03262529589771406,0.17691439240973536,0.6303259441523082,0.5809134312236859,유형=FILE AND 조회수=L3(상),국가중점=N AND 표준=N,BR,0.1719246644477246,337,[]
"frozenset({'국가중점=N', '유형=FILE', '조회수=L2(중)'})",frozenset({'표준=N'}),0.1710582567802884,0.9968718392542465,0.1710582567802884,1.0,1.0031379768417308,1.0,0.0005350977240971277,inf,0.0037736798410023128,0.1715950336286518,1.0,0.5857975168143259,국가중점=N AND 유형=FILE AND 조회수=L2(중),표준=N,BR,0.1715950336286518,338,[]
"frozenset({'형식=CSV', '다운로드=L0(최소)', '주기=수시'})","frozenset({'국가중점=N', '유형=FILE', '조회수=L0(최소)'})",0.06627529900003128,0.18416525030499567,0.05177106034222079,0.7811516677155445,4.241580137522583,1.0,0.0395654533128416,3.7278545428191587,0.818484082762279,0.2605888836403716,0.7317491901806452,0.5311318297812238,다운로드=L0(최소) AND 주기=수시 AND 형식=CSV,국가중점=N AND 유형=FILE AND 조회수=L0(최소),BI,0.17153395495384238,340,[]
"frozenset({'형식=CSV', '다운로드=L0(최소)', '표준=N', '주기=수시'})","frozenset({'국가중점=N', '유형=FILE', '조회수=L0(최소)'})",0.06627529900003128,0.18416525030499567,0.05177106034222079,0.7811516677155445,4.241580137522583,1.0,0.0395654533128416,3.7278545428191587,0.818484082762279,0.2605888836403716,0.7317491901806452,0.5311318297812238,다운로드=L0(최소) AND 주기=수시 AND 표준=N AND 형식=CSV,국가중점=N AND 유형=FILE AND 조회수=L0(최소),BI,0.17153395495384238,340,[]
"frozenset({'형식=CSV', '다운로드=L0(최소)', '주기=수시'})","frozenset({'국가중점=N', '표준=N', '유형=FILE', '조회수=L0(최소)'})",0.06627529900003128,0.18416525030499567,0.05177106034222079,0.7811516677155445,4.241580137522583,1.0,0.0395654533128416,3.7278545428191587,0.818484082762279,0.2605888836403716,0.7317491901806452,0.5311318297812238,다운로드=L0(최소) AND 주기=수시 AND 형식=CSV,국가중점=N AND 유형=FILE AND 조회수=L0(최소) AND 표준=N,BI,0.17153395495384238,340,[]
"frozenset({'형식=CSV', '다운로드=L0(최소)', '표준=N', '주기=수시'})","frozenset({'유형=FILE', '조회수=L0(최소)'})",0.06627529900003128,0.1842173863174249,0.05177106034222079,0.7811516677155445,4.24037971296337,1.0,0.03956199798302918,3.7276163138507905,0.8184126029177339,0.2605205163186064,0.7317320464865773,0.5310920505329293,다운로드=L0(최소) AND 주기=수시 AND 표준=N AND 형식=CSV,유형=FILE AND 조회수=L0(최소),BI,0.17148540852407113,343,[]
"frozenset({'형식=CSV', '다운로드=L0(최소)', '주기=수시'})","frozenset({'표준=N', '유형=FILE', '조회수=L0(최소)'})",0.06627529900003128,0.1842173863174249,0.05177106034222079,0.7811516677155445,4.24037971296337,1.0,0.03956199798302918,3.7276163138507905,0.8184126029177339,0.2605205163186064,0.7317320464865773,0.5310920505329293,다운로드=L0(최소) AND 주기=수시 AND 형식=CSV,유형=FILE AND 조회수=L0(최소) AND 표준=N,BI,0.17148540852407113,343,[]
"frozenset({'형식=CSV', '다운로드=L0(최소)', '주기=수시'})","frozenset({'유형=FILE', '조회수=L0(최소)'})",0.06627529900003128,0.1842173863174249,0.05177106034222079,0.7811516677155445,4.24037971296337,1.0,0.03956199798302918,3.7276163138507905,0.8184126029177339,0.2605205163186064,0.7317320464865773,0.5310920505329293,다운로드=L0(최소) AND 주기=수시 AND 형식=CSV,유형=FILE AND 조회수=L0(최소),BI,0.17148540852407113,343,[]
"frozenset({'조회수=L3(상)', '유형=FILE'})",frozenset({'국가중점=N'}),0.1726223371531652,0.9609709810954818,0.16993211891181714,0.9844155844155843,1.0243967859397547,1.0,0.004047062218744957,2.5043620463732297,0.028784627697263063,0.17634010690558116,0.6006967117840724,0.5806246758883478,유형=FILE AND 조회수=L3(상),국가중점=N,BR,0.17136501384730887,345,[]
"frozenset({'조회수=L3(상)', '표준=N', '유형=FILE'})",frozenset({'국가중점=N'}),0.1726223371531652,0.9609709810954818,0.16993211891181714,0.9844155844155843,1.0243967859397547,1.0,0.004047062218744957,2.5043620463732297,0.028784627697263063,0.17634010690558116,0.6006967117840724,0.5806246758883478,유형=FILE AND 조회수=L3(상) AND 표준=N,국가중점=N,BR,0.17136501384730887,345,[]
"frozenset({'조회수=L3(상)', '국가중점=N', '유형=FILE'})",frozenset({'표준=N'}),0.16993211891181714,0.9968718392542465,0.16993211891181714,1.0,1.0031379768417308,1.0,0.0005315749838226691,inf,0.003768560158782023,0.1704653619656287,1.0,0.5852326809828143,국가중점=N AND 유형=FILE AND 조회수=L3(상),표준=N,BR,0.17046536196562867,347,[]
"frozenset({'형식=CSV', '다운로드=L3(상)'})",frozenset({'표준=N'}),0.16946289479995413,0.9968718392542465,0.16946289479995413,1.0,1.0031379768417308,1.0,0.0005301071753749664,inf,0.0037664310554794676,0.16999466543936909,1.0,0.5849973327196846,다운로드=L3(상) AND 형식=CSV,표준=N,BR,0.16999466543936906,348,[]
"frozenset({'형식=CSV', '다운로드=L3(상)', '유형=FILE'})",frozenset({'표준=N'}),0.16946289479995413,0.9968718392542465,0.16946289479995413,1.0,1.0031379768417308,1.0,0.0005301071753749664,inf,0.0037664310554794676,0.16999466543936909,1.0,0.5849973327196846,다운로드=L3(상) AND 유형=FILE AND 형식=CSV,표준=N,BR,0.16999466543936906,348,[]
"frozenset({'표준=N', '다운로드=L2(중)'})","frozenset({'국가중점=N', '유형=FILE'})",0.19922213069455597,0.8547803509796357,0.17929574674410603,0.8999790641683241,1.05287757625323,1.0,0.009004583946102623,1.4518925244286136,0.06271646935054959,0.20497812533527246,0.31124378480180825,0.5548677891350062,다운로드=L2(중) AND 표준=N,국가중점=N AND 유형=FILE,BI,0.16989487194557581,350,[]
frozenset({'다운로드=L2(중)'}),"frozenset({'국가중점=N', '유형=FILE'})",0.1993264027194144,0.8547803509796357,0.17929574674410603,0.8995082653274744,1.0523267928381572,1.0,0.008915454268096784,1.4450904792677177,0.06210377241958656,0.20495369321906626,0.3080018072593364,0.5546323897145814,다운로드=L2(중),국가중점=N AND 유형=FILE,BI,0.16971716695073,351,[]
frozenset({'다운로드=L2(중)'}),"frozenset({'국가중점=N', '표준=N', '유형=FILE'})",0.1993264027194144,0.8547803509796357,0.17929574674410603,0.8995082653274744,1.0523267928381572,1.0,0.008915454268096784,1.4450904792677177,0.06210377241958656,0.20495369321906626,0.3080018072593364,0.5546323897145814,다운로드=L2(중),국가중점=N AND 유형=FILE AND 표준=N,BI,0.16971716695073,351,[]
"frozenset({'다운로드=L1(하)', '유형=FILE'})","frozenset({'국가중점=N', '표준=N'})",0.16697079340583715,0.9578428203497283,0.16543799464041792,0.9908199587834884,1.034428548957249,1.0,0.005506218968539034,4.592264746529238,0.03995379093120551,0.1724434010455726,0.7822425197162719,0.5817696571622646,다운로드=L1(하) AND 유형=FILE,국가중점=N AND 표준=N,BR,0.16956276954084956,353,[]
"frozenset({'다운로드=L1(하)', '유형=FILE'})",frozenset({'국가중점=N'}),0.16697079340583715,0.9609709810954818,0.16543799464041792,0.9908199587834884,1.0310612685244454,1.0,0.00498390748691957,4.2515080252928374,0.03616383563577903,0.17188295578883508,0.7647893420285568,0.581488538419522,다운로드=L1(하) AND 유형=FILE,국가중점=N,BR,0.1690108074004171,354,[]
"frozenset({'다운로드=L1(하)', '표준=N', '유형=FILE'})",frozenset({'국가중점=N'}),0.16697079340583715,0.9609709810954818,0.16543799464041792,0.9908199587834884,1.0310612685244454,1.0,0.00498390748691957,4.2515080252928374,0.03616383563577903,0.17188295578883508,0.7647893420285568,0.581488538419522,다운로드=L1(하) AND 유형=FILE AND 표준=N,국가중점=N,BR,0.1690108074004171,354,[]
"frozenset({'다운로드=L3(상)', '표준=N'})","frozenset({'형식=CSV', '국가중점=N', '유형=FILE'})",0.20000417088099434,0.6867564101227281,0.16634516125668644,0.8317084614983578,1.2110676351018343,1.0,0.02899101485288208,1.86131514790457,0.21785399243237563,0.23090172239108409,0.46274546729726057,0.5369635198688534,다운로드=L3(상) AND 표준=N,국가중점=N AND 유형=FILE AND 형식=CSV,BI,0.16755202859761062,356,[]
"frozenset({'다운로드=L3(상)', '표준=N'})","frozenset({'형식=CSV', '국가중점=N'})",0.20000417088099434,0.6867564101227281,0.16634516125668644,0.8317084614983578,1.2110676351018343,1.0,0.02899101485288208,1.86131514790457,0.21785399243237563,0.23090172239108409,0.46274546729726057,0.5369635198688534,다운로드=L3(상) AND 표준=N,국가중점=N AND 형식=CSV,BI,0.16755202859761062,356,[]
frozenset({'다운로드=L3(상)'}),"frozenset({'형식=CSV', '국가중점=N', '표준=N', '유형=FILE'})",0.20003545248845186,0.6867564101227281,0.16634516125668644,0.8315783986655546,1.2108782479612323,1.0,0.028969532008441684,1.8598777555572834,0.21770107144212852,0.23089169669865253,0.4623302542266464,0.5368984884524518,다운로드=L3(상),국가중점=N AND 유형=FILE AND 표준=N AND 형식=CSV,BI,0.16749962901639354,359,[]
frozenset({'다운로드=L3(상)'}),"frozenset({'형식=CSV', '국가중점=N', '표준=N'})",0.20003545248845186,0.6867564101227281,0.16634516125668644,0.8315783986655546,1.2108782479612323,1.0,0.028969532008441684,1.8598777555572834,0.21770107144212852,0.23089169669865253,0.4623302542266464,0.5368984884524518,다운로드=L3(상),국가중점=N AND 표준=N AND 형식=CSV,BI,0.16749962901639354,359,[]
frozenset({'다운로드=L3(상)'}),"frozenset({'형식=CSV', '국가중점=N', '유형=FILE'})",0.20003545248845186,0.6867564101227281,0.16634516125668644,0.8315783986655546,1.2108782479612323,1.0,0.028969532008441684,1.8598777555572834,0.21770107144212852,0.23089169669865253,0.4623302542266464,0.5368984884524518,다운로드=L3(상),국가중점=N AND 유형=FILE AND 형식=CSV,BI,0.16749962901639354,359,[]
frozenset({'다운로드=L3(상)'}),"frozenset({'형식=CSV', '국가중점=N'})",0.20003545248845186,0.6867564101227281,0.16634516125668644,0.8315783986655546,1.2108782479612323,1.0,0.028969532008441684,1.8598777555572834,0.21770107144212852,0.23089169669865253,0.4623302542266464,0.5368984884524518,다운로드=L3(상),국가중점=N AND 형식=CSV,BI,0.16749962901639354,359,[]
"frozenset({'다운로드=L1(하)', '유형=FILE'})",frozenset({'표준=N'}),0.16697079340583715,0.9968718392542465,0.16697079340583715,1.0,1.0031379768417308,1.0,0.0005223114816194641,inf,0.0037551633496057317,0.16749474388879007,1.0,0.5837473719443951,다운로드=L1(하) AND 유형=FILE,표준=N,BR,0.16749474388879007,362,[]
"frozenset({'형식=CSV', '다운로드=L3(상)', '유형=FILE'})","frozenset({'국가중점=N', '표준=N'})",0.16946289479995413,0.9578428203497283,0.16634516125668644,0.981602264336697,1.024805159554564,1.0,0.0040263441568690606,2.2914330557732856,0.029143498286867183,0.173103006760056,0.5635918764982065,0.5776343566403711,다운로드=L3(상) AND 유형=FILE AND 형식=CSV,국가중점=N AND 표준=N,BR,0.16733509214416933,363,[]
"frozenset({'형식=CSV', '다운로드=L3(상)'})","frozenset({'국가중점=N', '표준=N'})",0.16946289479995413,0.9578428203497283,0.16634516125668644,0.981602264336697,1.024805159554564,1.0,0.0040263441568690606,2.2914330557732856,0.029143498286867183,0.173103006760056,0.5635918764982065,0.5776343566403711,다운로드=L3(상) AND 형식=CSV,국가중점=N AND 표준=N,BR,0.16733509214416933,363,[]
"frozenset({'유형=FILE', '조회수=L0(최소)'})","frozenset({'형식=CSV', '국가중점=N'})",0.1842173863174249,0.6867564101227281,0.15738819432134551,0.8543612384671987,1.2440528051489441,1.0,0.030875723411799005,2.1508256907741004,0.24047533796643705,0.22055965514721998,0.5350622766459092,0.541768697336299,유형=FILE AND 조회수=L0(최소),국가중점=N AND 형식=CSV,BI,0.1672832680567373,366,[]
"frozenset({'표준=N', '유형=FILE', '조회수=L0(최소)'})","frozenset({'형식=CSV', '국가중점=N'})",0.1842173863174249,0.6867564101227281,0.15738819432134551,0.8543612384671987,1.2440528051489441,1.0,0.030875723411799005,2.1508256907741004,0.24047533796643705,0.22055965514721998,0.5350622766459092,0.541768697336299,유형=FILE AND 조회수=L0(최소) AND 표준=N,국가중점=N AND 형식=CSV,BI,0.1672832680567373,366,[]
"frozenset({'유형=FILE', '조회수=L0(최소)'})","frozenset({'형식=CSV', '국가중점=N', '표준=N'})",0.1842173863174249,0.6867564101227281,0.15738819432134551,0.8543612384671987,1.2440528051489441,1.0,0.030875723411799005,2.1508256907741004,0.24047533796643705,0.22055965514721998,0.5350622766459092,0.541768697336299,유형=FILE AND 조회수=L0(최소),국가중점=N AND 표준=N AND 형식=CSV,BI,0.1672832680567373,366,[]
"frozenset({'형식=CSV', '다운로드=L3(상)', '국가중점=N', '유형=FILE'})",frozenset({'표준=N'}),0.16634516125668644,0.9968718392542465,0.16634516125668644,1.0,1.0031379768417308,1.0,0.0005203544036891938,inf,0.0037523452157597614,0.1668671485204439,1.0,0.5834335742602219,국가중점=N AND 다운로드=L3(상) AND 유형=FILE AND 형식=CSV,표준=N,BR,0.1668671485204439,368,[]
"frozenset({'형식=CSV', '다운로드=L3(상)', '국가중점=N'})",frozenset({'표준=N'}),0.16634516125668644,0.9968718392542465,0.16634516125668644,1.0,1.0031379768417308,1.0,0.0005203544036891938,inf,0.0037523452157597614,0.1668671485204439,1.0,0.5834335742602219,국가중점=N AND 다운로드=L3(상) AND 형식=CSV,표준=N,BR,0.1668671485204439,368,[]
"frozenset({'형식=CSV', '다운로드=L3(상)', '유형=FILE'})",frozenset({'국가중점=N'}),0.16946289479995413,0.9609709810954818,0.16634516125668644,0.981602264336697,1.021469205259139,1.0,0.003496236981494094,2.1214033954388847,0.025306474685434704,0.17254134264917423,0.5286139344595912,0.5773516964044596,다운로드=L3(상) AND 유형=FILE AND 형식=CSV,국가중점=N,BR,0.16679038155776255,371,[]
"frozenset({'형식=CSV', '다운로드=L3(상)', '표준=N', '유형=FILE'})",frozenset({'국가중점=N'}),0.16946289479995413,0.9609709810954818,0.16634516125668644,0.981602264336697,1.021469205259139,1.0,0.003496236981494094,2.1214033954388847,0.025306474685434704,0.17254134264917423,0.5286139344595912,0.5773516964044596,다운로드=L3(상) AND 유형=FILE AND 표준=N AND 형식=CSV,국가중점=N,BR,0.16679038155776255,371,[]
"frozenset({'형식=CSV', '다운로드=L3(상)', '표준=N'})",frozenset({'국가중점=N'}),0.16946289479995413,0.9609709810954818,0.16634516125668644,0.981602264336697,1.021469205259139,1.0,0.003496236981494094,2.1214033954388847,0.025306474685434704,0.17254134264917423,0.5286139344595912,0.5773516964044596,다운로드=L3(상) AND 표준=N AND 형식=CSV,국가중점=N,BR,0.16679038155776255,371,[]
"frozenset({'형식=CSV', '다운로드=L3(상)'})",frozenset({'국가중점=N'}),0.16946289479995413,0.9609709810954818,0.16634516125668644,0.981602264336697,1.021469205259139,1.0,0.003496236981494094,2.1214033954388847,0.025306474685434704,0.17254134264917423,0.5286139344595912,0.5773516964044596,다운로드=L3(상) AND 형식=CSV,국가중점=N,BR,0.16679038155776255,371,[]
"frozenset({'다운로드=L1(하)', '국가중점=N', '유형=FILE'})",frozenset({'표준=N'}),0.16543799464041792,0.9968718392542465,0.16543799464041792,1.0,1.0031379768417308,1.0,0.0005175166406903298,inf,0.003748266426777564,0.16595713523634192,1.0,0.582978567618171,국가중점=N AND 다운로드=L1(하) AND 유형=FILE,표준=N,BR,0.16595713523634192,374,[]
"frozenset({'조회수=L1(하)', '형식=CSV'})","frozenset({'국가중점=N', '유형=FILE'})",0.140934068798682,0.8547803509796357,0.1408610783812811,0.9994820952944659,1.169285295513628,1.0,0.02039340558855557,280.39839659419783,0.1685280717155576,0.16477806374492274,0.9964336457977424,0.5821371147888353,조회수=L1(하) AND 형식=CSV,국가중점=N AND 유형=FILE,BR,0.1646214852410613,376,[]
"frozenset({'조회수=L1(하)', '형식=CSV', '표준=N'})","frozenset({'국가중점=N', '유형=FILE'})",0.140934068798682,0.8547803509796357,0.1408610783812811,0.9994820952944659,1.169285295513628,1.0,0.02039340558855557,280.39839659419783,0.1685280717155576,0.16477806374492274,0.9964336457977424,0.5821371147888353,조회수=L1(하) AND 표준=N AND 형식=CSV,국가중점=N AND 유형=FILE,BR,0.1646214852410613,376,[]
"frozenset({'조회수=L1(하)', '형식=CSV'})","frozenset({'국가중점=N', '표준=N', '유형=FILE'})",0.140934068798682,0.8547803509796357,0.1408610783812811,0.9994820952944659,1.169285295513628,1.0,0.02039340558855557,280.39839659419783,0.1685280717155576,0.16477806374492274,0.9964336457977424,0.5821371147888353,조회수=L1(하) AND 형식=CSV,국가중점=N AND 유형=FILE AND 표준=N,BR,0.1646214852410613,376,[]
"frozenset({'국가중점=N', '유형=FILE', '조회수=L0(최소)'})","frozenset({'형식=CSV', '표준=N'})",0.18416525030499567,0.6992794803082281,0.15738819432134551,0.8546031027063752,1.2221195198373098,1.0,0.02860521379723341,2.0682732939237045,0.22277725351273087,0.21677126567189903,0.5165049014857663,0.5398375249899172,국가중점=N AND 유형=FILE AND 조회수=L0(최소),표준=N AND 형식=CSV,BI,0.1643805006466614,379,[]
"frozenset({'국가중점=N', '유형=FILE', '조회수=L0(최소)'})",frozenset({'형식=CSV'}),0.18416525030499567,0.6992794803082281,0.15738819432134551,0.8546031027063752,1.2221195198373098,1.0,0.02860521379723341,2.0682732939237045,0.22277725351273087,0.21677126567189903,0.5165049014857663,0.5398375249899172,국가중점=N AND 유형=FILE AND 조회수=L0(최소),형식=CSV,BI,0.1643805006466614,379,[]
"frozenset({'국가중점=N', '표준=N', '유형=FILE', '조회수=L0(최소)'})",frozenset({'형식=CSV'}),0.18416525030499567,0.6992794803082281,0.15738819432134551,0.8546031027063752,1.2221195198373098,1.0,0.02860521379723341,2.0682732939237045,0.22277725351273087,0.21677126567189903,0.5165049014857663,0.5398375249899172,국가중점=N AND 유형=FILE AND 조회수=L0(최소) AND 표준=N,형식=CSV,BI,0.1643805006466614,379,[]
"frozenset({'표준=N', '유형=FILE', '조회수=L0(최소)'})",frozenset({'형식=CSV'}),0.1842173863174249,0.6992794803082281,0.15739862152383138,0.8544178411728081,1.2218545878054339,1.0,0.028579183356042426,2.0656412991425097,0.22257400727444615,0.21677317440942057,0.5158888426489533,0.5397523498991398,유형=FILE AND 조회수=L0(최소) AND 표준=N,형식=CSV,BI,0.1643201250348314,382,[]
"frozenset({'유형=FILE', '조회수=L0(최소)'})",frozenset({'형식=CSV'}),0.1842173863174249,0.6992794803082281,0.15739862152383138,0.8544178411728081,1.2218545878054339,1.0,0.028579183356042426,2.0656412991425097,0.22257400727444615,0.21677317440942057,0.5158888426489533,0.5397523498991398,유형=FILE AND 조회수=L0(최소),형식=CSV,BI,0.1643201250348314,382,[]
"frozenset({'유형=FILE', '조회수=L0(최소)'})","frozenset({'형식=CSV', '표준=N'})",0.1842173863174249,0.6992794803082281,0.15739862152383138,0.8544178411728081,1.2218545878054339,1.0,0.028579183356042426,2.0656412991425097,0.22257400727444615,0.21677317440942057,0.5158888426489533,0.5397523498991398,유형=FILE AND 조회수=L0(최소),표준=N AND 형식=CSV,BI,0.1643201250348314,382,[]
"frozenset({'형식=CSV', '조회수=L0(최소)'})","frozenset({'국가중점=N', '표준=N'})",0.15739862152383138,0.9578428203497283,0.15738819432134551,0.9999337528983105,1.0439434651013138,1.0,0.006625054761799393,636.3626268193827,0.049956862415455,0.16431347361774856,0.9984285689356113,0.5821245076270346,조회수=L0(최소) AND 형식=CSV,국가중점=N AND 표준=N,BR,0.1642934922570968,384,[]
"frozenset({'형식=CSV', '유형=FILE', '조회수=L0(최소)'})","frozenset({'국가중점=N', '표준=N'})",0.15739862152383138,0.9578428203497283,0.15738819432134551,0.9999337528983105,1.0439434651013138,1.0,0.006625054761799393,636.3626268193827,0.049956862415455,0.16431347361774856,0.9984285689356113,0.5821245076270346,유형=FILE AND 조회수=L0(최소) AND 형식=CSV,국가중점=N AND 표준=N,BR,0.1642934922570968,384,[]
"frozenset({'형식=CSV', '조회수=L0(최소)'})",frozenset({'국가중점=N'}),0.15739862152383138,0.9609709810954818,0.15738819432134551,0.9999337528983105,1.0405452116341871,1.0,0.006132686572512841,589.1430403623425,0.046244112744046356,0.16377860483284684,0.9983026193445569,0.5818570674213774,조회수=L0(최소) AND 형식=CSV,국가중점=N,BR,0.16375868271198907,387,[]
"frozenset({'형식=CSV', '유형=FILE', '조회수=L0(최소)'})",frozenset({'국가중점=N'}),0.15739862152383138,0.9609709810954818,0.15738819432134551,0.9999337528983105,1.0405452116341871,1.0,0.006132686572512841,589.1430403623425,0.046244112744046356,0.16377860483284684,0.9983026193445569,0.5818570674213774,유형=FILE AND 조회수=L0(최소) AND 형식=CSV,국가중점=N,BR,0.16375868271198907,387,[]
"frozenset({'형식=CSV', '표준=N', '조회수=L0(최소)'})",frozenset({'국가중점=N'}),0.15739862152383138,0.9609709810954818,0.15738819432134551,0.9999337528983105,1.0405452116341871,1.0,0.006132686572512841,589.1430403623425,0.046244112744046356,0.16377860483284684,0.9983026193445569,0.5818570674213774,조회수=L0(최소) AND 표준=N AND 형식=CSV,국가중점=N,BR,0.16375868271198907,387,[]
"frozenset({'형식=CSV', '표준=N', '유형=FILE', '조회수=L0(최소)'})",frozenset({'국가중점=N'}),0.15739862152383138,0.9609709810954818,0.15738819432134551,0.9999337528983105,1.0405452116341871,1.0,0.006132686572512841,589.1430403623425,0.046244112744046356,0.16377860483284684,0.9983026193445569,0.5818570674213774,유형=FILE AND 조회수=L0(최소) AND 표준=N AND 형식=CSV,국가중점=N,BR,0.16375868271198907,387,[]
"frozenset({'형식=CSV', '조회수=L3(상)', '표준=N'})",frozenset({'유형=FILE'}),0.14136158410060165,0.8711614860848983,0.14136158410060165,1.0,1.1478928028534836,1.0,0.018212816420206182,inf,0.15004978991086387,0.1622679449890481,1.0,0.581133972494524,조회수=L3(상) AND 표준=N AND 형식=CSV,유형=FILE,BR,0.16226794498904806,391,[]
"frozenset({'형식=CSV', '조회수=L3(상)'})","frozenset({'표준=N', '유형=FILE'})",0.14136158410060165,0.8711614860848983,0.14136158410060165,1.0,1.1478928028534836,1.0,0.018212816420206182,inf,0.15004978991086387,0.1622679449890481,1.0,0.581133972494524,조회수=L3(상) AND 형식=CSV,유형=FILE AND 표준=N,BR,0.16226794498904806,391,[]
"frozenset({'형식=CSV', '조회수=L3(상)'})",frozenset({'유형=FILE'}),0.14136158410060165,0.8711614860848983,0.14136158410060165,1.0,1.1478928028534836,1.0,0.018212816420206182,inf,0.15004978991086387,0.1622679449890481,1.0,0.581133972494524,조회수=L3(상) AND 형식=CSV,유형=FILE,BR,0.16226794498904806,391,[]
"frozenset({'조회수=L1(하)', '형식=CSV'})",frozenset({'유형=FILE'}),0.140934068798682,0.8711614860848983,0.140934068798682,1.0,1.1478928028534836,1.0,0.018157735984030893,inf,0.14997511743357567,0.16177720325086475,1.0,0.5808886016254324,조회수=L1(하) AND 형식=CSV,유형=FILE,BR,0.16177720325086478,394,[]
"frozenset({'조회수=L1(하)', '형식=CSV', '표준=N'})",frozenset({'유형=FILE'}),0.140934068798682,0.8711614860848983,0.140934068798682,1.0,1.1478928028534836,1.0,0.018157735984030893,inf,0.14997511743357567,0.16177720325086475,1.0,0.5808886016254324,조회수=L1(하) AND 표준=N AND 형식=CSV,유형=FILE,BR,0.16177720325086478,394,[]
"frozenset({'조회수=L1(하)', '형식=CSV'})","frozenset({'표준=N', '유형=FILE'})",0.140934068798682,0.8711614860848983,0.140934068798682,1.0,1.1478928028534836,1.0,0.018157735984030893,inf,0.14997511743357567,0.16177720325086475,1.0,0.5808886016254324,조회수=L1(하) AND 형식=CSV,유형=FILE AND 표준=N,BR,0.16177720325086478,394,[]
"frozenset({'조회수=L1(하)', '형식=CSV', '국가중점=N'})","frozenset({'표준=N', '유형=FILE'})",0.1408610783812811,0.8711614860848983,0.1408610783812811,1.0,1.1478928028534836,1.0,0.018148332007122916,inf,0.14996237590115785,0.16169341807605303,1.0,0.5808467090380265,국가중점=N AND 조회수=L1(하) AND 형식=CSV,유형=FILE AND 표준=N,BR,0.161693418076053,397,[]
"frozenset({'조회수=L1(하)', '형식=CSV', '국가중점=N', '표준=N'})",frozenset({'유형=FILE'}),0.1408610783812811,0.8711614860848983,0.1408610783812811,1.0,1.1478928028534836,1.0,0.018148332007122916,inf,0.14996237590115785,0.16169341807605303,1.0,0.5808467090380265,국가중점=N AND 조회수=L1(하) AND 표준=N AND 형식=CSV,유형=FILE,BR,0.161693418076053,397,[]
"frozenset({'조회수=L1(하)', '형식=CSV', '국가중점=N'})",frozenset({'유형=FILE'}),0.1408610783812811,0.8711614860848983,0.1408610783812811,1.0,1.1478928028534836,1.0,0.018148332007122916,inf,0.14996237590115785,0.16169341807605303,1.0,0.5808467090380265,국가중점=N AND 조회수=L1(하) AND 형식=CSV,유형=FILE,BR,0.161693418076053,397,[]
"frozenset({'형식=CSV', '다운로드=L0(최소)', '주기=수시'})","frozenset({'국가중점=N', '표준=N', '조회수=L0(최소)'})",0.06627529900003128,0.1958749986965997,0.05177106034222079,0.7811516677155445,3.988011093368318,1.0,0.03878938623697291,3.674348316523662,0.802429709677459,0.2460844567803331,0.7278428951596757,0.5227291476719857,다운로드=L0(최소) AND 주기=수시 AND 형식=CSV,국가중점=N AND 조회수=L0(최소) AND 표준=N,BI,0.16127935652886688,399,[]
"frozenset({'형식=CSV', '다운로드=L0(최소)', '주기=수시', '유형=FILE'})","frozenset({'국가중점=N', '표준=N', '조회수=L0(최소)'})",0.06627529900003128,0.1958749986965997,0.05177106034222079,0.7811516677155445,3.988011093368318,1.0,0.03878938623697291,3.674348316523662,0.802429709677459,0.2460844567803331,0.7278428951596757,0.5227291476719857,다운로드=L0(최소) AND 유형=FILE AND 주기=수시 AND 형식=CSV,국가중점=N AND 조회수=L0(최소) AND 표준=N,BI,0.16127935652886688,399,[]
"frozenset({'형식=CSV', '다운로드=L0(최소)', '주기=수시'})","frozenset({'국가중점=N', '조회수=L0(최소)'})",0.06627529900003128,0.19605226113885907,0.05177106034222079,0.7811516677155445,3.984405296719703,1.0,0.03877763811561069,3.6735383380312103,0.8021866782060056,0.2458772842073986,0.727782887237829,0.5226096600464756,다운로드=L0(최소) AND 주기=수시 AND 형식=CSV,국가중점=N AND 조회수=L0(최소),BI,0.16113353432585706,402,[]
"frozenset({'형식=CSV', '다운로드=L0(최소)', '주기=수시', '유형=FILE'})","frozenset({'국가중점=N', '조회수=L0(최소)'})",0.06627529900003128,0.19605226113885907,0.05177106034222079,0.7811516677155445,3.984405296719703,1.0,0.03877763811561069,3.6735383380312103,0.8021866782060056,0.2458772842073986,0.727782887237829,0.5226096600464756,다운로드=L0(최소) AND 유형=FILE AND 주기=수시 AND 형식=CSV,국가중점=N AND 조회수=L0(최소),BI,0.16113353432585706,402,[]
"frozenset({'형식=CSV', '다운로드=L0(최소)', '표준=N', '주기=수시'})","frozenset({'국가중점=N', '조회수=L0(최소)'})",0.06627529900003128,0.19605226113885907,0.05177106034222079,0.7811516677155445,3.984405296719703,1.0,0.03877763811561069,3.6735383380312103,0.8021866782060056,0.2458772842073986,0.727782887237829,0.5226096600464756,다운로드=L0(최소) AND 주기=수시 AND 표준=N AND 형식=CSV,국가중점=N AND 조회수=L0(최소),BI,0.16113353432585706,402,[]
"frozenset({'다운로드=L0(최소)', '형식=CSV', '주기=수시', '표준=N', '유형=FILE'})","frozenset({'국가중점=N', '조회수=L0(최소)'})",0.06627529900003128,0.19605226113885907,0.05177106034222079,0.7811516677155445,3.984405296719703,1.0,0.03877763811561069,3.6735383380312103,0.8021866782060056,0.2458772842073986,0.727782887237829,0.5226096600464756,다운로드=L0(최소) AND 유형=FILE AND 주기=수시 AND 표준=N AND 형식=CSV,국가중점=N AND 조회수=L0(최소),BI,0.16113353432585706,402,[]
"frozenset({'형식=CSV', '다운로드=L4(최대)'})","frozenset({'표준=N', '유형=FILE'})",0.13971408610783811,0.8711614860848983,0.13971408610783811,1.0,1.1478928028534836,1.0,0.01800055522714042,inf,0.14976243576069037,0.16037679390043924,1.0,0.5801883969502196,다운로드=L4(최대) AND 형식=CSV,유형=FILE AND 표준=N,BR,0.16037679390043924,406,[]
"frozenset({'형식=CSV', '다운로드=L4(최대)'})",frozenset({'유형=FILE'}),0.13971408610783811,0.8711614860848983,0.13971408610783811,1.0,1.1478928028534836,1.0,0.01800055522714042,inf,0.14976243576069037,0.16037679390043924,1.0,0.5801883969502196,다운로드=L4(최대) AND 형식=CSV,유형=FILE,BR,0.16037679390043924,406,[]
"frozenset({'형식=CSV', '표준=N', '다운로드=L4(최대)'})",frozenset({'유형=FILE'}),0.13971408610783811,0.8711614860848983,0.13971408610783811,1.0,1.1478928028534836,1.0,0.01800055522714042,inf,0.14976243576069037,0.16037679390043924,1.0,0.5801883969502196,다운로드=L4(최대) AND 표준=N AND 형식=CSV,유형=FILE,BR,0.16037679390043924,406,[]
"frozenset({'형식=CSV', '조회수=L3(상)', '국가중점=N'})","frozenset({'표준=N', '유형=FILE'})",0.1392448619959751,0.8711614860848983,0.1392448619959751,1.0,1.1478928028534836,1.0,0.017940101089874858,inf,0.14968079564864506,0.1598381749195064,1.0,0.5799190874597532,국가중점=N AND 조회수=L3(상) AND 형식=CSV,유형=FILE AND 표준=N,BR,0.1598381749195064,409,[]
"frozenset({'형식=CSV', '조회수=L3(상)', '국가중점=N', '표준=N'})",frozenset({'유형=FILE'}),0.1392448619959751,0.8711614860848983,0.1392448619959751,1.0,1.1478928028534836,1.0,0.017940101089874858,inf,0.14968079564864506,0.1598381749195064,1.0,0.5799190874597532,국가중점=N AND 조회수=L3(상) AND 표준=N AND 형식=CSV,유형=FILE,BR,0.1598381749195064,409,[]
"frozenset({'형식=CSV', '조회수=L3(상)', '국가중점=N'})",frozenset({'유형=FILE'}),0.1392448619959751,0.8711614860848983,0.1392448619959751,1.0,1.1478928028534836,1.0,0.017940101089874858,inf,0.14968079564864506,0.1598381749195064,1.0,0.5799190874597532,국가중점=N AND 조회수=L3(상) AND 형식=CSV,유형=FILE,BR,0.1598381749195064,409,[]
"frozenset({'다운로드=L0(최소)', '국가중점=N', '형식=CSV', '주기=수시', '유형=FILE'})","frozenset({'표준=N', '조회수=L0(최소)'})",0.0659312013179984,0.19998331647602266,0.05177106034222079,0.7852285307607147,3.92647019060143,1.0,0.038585920043399155,3.7249672238012566,0.797926584551337,0.2417587768417977,0.731541261998134,0.5220527136831886,국가중점=N AND 다운로드=L0(최소) AND 유형=FILE AND 주기=수시 AND 형식=CSV,조회수=L0(최소) AND 표준=N,BI,0.15961931242556607,411,[]
"frozenset({'형식=CSV', '다운로드=L0(최소)', '국가중점=N', '주기=수시'})","frozenset({'표준=N', '조회수=L0(최소)'})",0.0659312013179984,0.19998331647602266,0.05177106034222079,0.7852285307607147,3.92647019060143,1.0,0.038585920043399155,3.7249672238012566,0.797926584551337,0.2417587768417977,0.731541261998134,0.5220527136831886,국가중점=N AND 다운로드=L0(최소) AND 주기=수시 AND 형식=CSV,조회수=L0(최소) AND 표준=N,BI,0.15961931242556607,411,[]
"frozenset({'조회수=L4(최대)', '유형=FILE'})",frozenset({'표준=N'}),0.15910868273150996,0.9968718392542465,0.15910868273150996,1.0,1.0031379768417308,1.0,0.0004977175356292718,inf,0.0037200535687714736,0.15960796209323977,1.0,0.5798039810466199,유형=FILE AND 조회수=L4(최대),표준=N,BR,0.15960796209323974,413,[]
"frozenset({'다운로드=L0(최소)', '국가중점=N', '형식=CSV', '주기=수시', '표준=N', '유형=FILE'})",frozenset({'조회수=L0(최소)'}),0.0659312013179984,0.200160578918282,0.05177106034222079,0.7852285307607147,3.922992904018797,1.0,0.03857423291763243,3.724141870029235,0.797684903950336,0.24155882066750994,0.7314817654913479,0.5219380828423286,국가중점=N AND 다운로드=L0(최소) AND 유형=FILE AND 주기=수시 AND 표준=N AND 형식=CSV,조회수=L0(최소),BI,0.15947795337622067,415,[]
"frozenset({'다운로드=L0(최소)', '국가중점=N', '형식=CSV', '주기=수시', '유형=FILE'})",frozenset({'조회수=L0(최소)'}),0.0659312013179984,0.200160578918282,0.05177106034222079,0.7852285307607147,3.922992904018797,1.0,0.03857423291763243,3.724141870029235,0.797684903950336,0.24155882066750994,0.7314817654913479,0.5219380828423286,국가중점=N AND 다운로드=L0(최소) AND 유형=FILE AND 주기=수시 AND 형식=CSV,조회수=L0(최소),BI,0.15947795337622067,415,[]
"frozenset({'다운로드=L0(최소)', '국가중점=N', '형식=CSV', '주기=수시', '표준=N'})",frozenset({'조회수=L0(최소)'}),0.0659312013179984,0.200160578918282,0.05177106034222079,0.7852285307607147,3.922992904018797,1.0,0.03857423291763243,3.724141870029235,0.797684903950336,0.24155882066750994,0.7314817654913479,0.5219380828423286,국가중점=N AND 다운로드=L0(최소) AND 주기=수시 AND 표준=N AND 형식=CSV,조회수=L0(최소),BI,0.15947795337622067,415,[]
"frozenset({'형식=CSV', '다운로드=L0(최소)', '국가중점=N', '주기=수시'})",frozenset({'조회수=L0(최소)'}),0.0659312013179984,0.200160578918282,0.05177106034222079,0.7852285307607147,3.922992904018797,1.0,0.03857423291763243,3.724141870029235,0.797684903950336,0.24155882066750994,0.7314817654913479,0.5219380828423286,국가중점=N AND 다운로드=L0(최소) AND 주기=수시 AND 형식=CSV,조회수=L0(최소),BI,0.15947795337622067,415,[]
"frozenset({'형식=CSV', '조회수=L3(상)'})","frozenset({'국가중점=N', '표준=N', '유형=FILE'})",0.14136158410060165,0.8547803509796357,0.1392448619959751,0.985026185734307,1.1523734543095203,1.0,0.01841175752342554,9.69824030428118,0.15399469236207305,0.1624989352510982,0.8968885108406149,0.5739637613554915,조회수=L3(상) AND 형식=CSV,국가중점=N AND 유형=FILE AND 표준=N,BR,0.15805935319141862,419,[]
"frozenset({'형식=CSV', '조회수=L3(상)'})","frozenset({'국가중점=N', '유형=FILE'})",0.14136158410060165,0.8547803509796357,0.1392448619959751,0.985026185734307,1.1523734543095203,1.0,0.01841175752342554,9.69824030428118,0.15399469236207305,0.1624989352510982,0.8968885108406149,0.5739637613554915,조회수=L3(상) AND 형식=CSV,국가중점=N AND 유형=FILE,BR,0.15805935319141862,419,[]
"frozenset({'형식=CSV', '조회수=L3(상)', '표준=N'})","frozenset({'국가중점=N', '유형=FILE'})",0.14136158410060165,0.8547803509796357,0.1392448619959751,0.985026185734307,1.1523734543095203,1.0,0.01841175752342554,9.69824030428118,0.15399469236207305,0.1624989352510982,0.8968885108406149,0.5739637613554915,조회수=L3(상) AND 표준=N AND 형식=CSV,국가중점=N AND 유형=FILE,BR,0.15805935319141862,419,[]
"frozenset({'형식=CSV', '다운로드=L0(최소)', '주기=수시'})","frozenset({'표준=N', '조회수=L0(최소)'})",0.06627529900003128,0.19998331647602266,0.05177106034222079,0.7811516677155445,3.906084174822663,1.0,0.03851710624775451,3.655575873816249,0.7967970979273084,0.24137092853670392,0.726445289465146,0.5200142821606034,다운로드=L0(최소) AND 주기=수시 AND 형식=CSV,조회수=L0(최소) AND 표준=N,BI,0.15796614590931563,421,[]
"frozenset({'형식=CSV', '다운로드=L0(최소)', '주기=수시', '유형=FILE'})","frozenset({'표준=N', '조회수=L0(최소)'})",0.06627529900003128,0.19998331647602266,0.05177106034222079,0.7811516677155445,3.906084174822663,1.0,0.03851710624775451,3.655575873816249,0.7967970979273084,0.24137092853670392,0.726445289465146,0.5200142821606034,다운로드=L0(최소) AND 유형=FILE AND 주기=수시 AND 형식=CSV,조회수=L0(최소) AND 표준=N,BI,0.15796614590931563,421,[]
"frozenset({'형식=CSV', '유형=FILE', '조회수=L0(최소)'})",frozenset({'표준=N'}),0.15739862152383138,0.9968718392542465,0.15739862152383138,1.0,1.0031379768417308,1.0,0.0004923681892865517,inf,0.0037125037125036145,0.15789253475309356,1.0,0.5789462673765468,유형=FILE AND 조회수=L0(최소) AND 형식=CSV,표준=N,BR,0.1578925347530935,423,[]
"frozenset({'형식=CSV', '조회수=L0(최소)'})",frozenset({'표준=N'}),0.15739862152383138,0.9968718392542465,0.15739862152383138,1.0,1.0031379768417308,1.0,0.0004923681892865517,inf,0.0037125037125036145,0.15789253475309356,1.0,0.5789462673765468,조회수=L0(최소) AND 형식=CSV,표준=N,BR,0.1578925347530935,423,[]
"frozenset({'형식=CSV', '국가중점=N', '유형=FILE', '조회수=L0(최소)'})",frozenset({'표준=N'}),0.15738819432134551,0.9968718392542465,0.15738819432134551,1.0,1.0031379768417308,1.0,0.0004923355713210564,inf,0.0037124577707928273,0.15788207483028777,1.0,0.5789410374151439,국가중점=N AND 유형=FILE AND 조회수=L0(최소) AND 형식=CSV,표준=N,BR,0.1578820748302877,425,[]
"frozenset({'형식=CSV', '국가중점=N', '조회수=L0(최소)'})",frozenset({'표준=N'}),0.15738819432134551,0.9968718392542465,0.15738819432134551,1.0,1.0031379768417308,1.0,0.0004923355713210564,inf,0.0037124577707928273,0.15788207483028777,1.0,0.5789410374151439,국가중점=N AND 조회수=L0(최소) AND 형식=CSV,표준=N,BR,0.1578820748302877,425,[]
"frozenset({'형식=CSV', '다운로드=L0(최소)', '표준=N', '주기=수시'})",frozenset({'조회수=L0(최소)'}),0.06627529900003128,0.200160578918282,0.05177106034222079,0.7811516677155445,3.9026249421193926,1.0,0.03850535812639229,3.654765895323797,0.796554066455855,0.2411716131539321,0.7263846635759952,0.5198996513197435,다운로드=L0(최소) AND 주기=수시 AND 표준=N AND 형식=CSV,조회수=L0(최소),BI,0.15782625090616612,428,[]
"frozenset({'형식=CSV', '다운로드=L0(최소)', '주기=수시', '유형=FILE'})",frozenset({'조회수=L0(최소)'}),0.06627529900003128,0.200160578918282,0.05177106034222079,0.7811516677155445,3.9026249421193926,1.0,0.03850535812639229,3.654765895323797,0.796554066455855,0.2411716131539321,0.7263846635759952,0.5198996513197435,다운로드=L0(최소) AND 유형=FILE AND 주기=수시 AND 형식=CSV,조회수=L0(최소),BI,0.15782625090616612,428,[]
"frozenset({'형식=CSV', '다운로드=L0(최소)', '주기=수시'})",frozenset({'조회수=L0(최소)'}),0.06627529900003128,0.200160578918282,0.05177106034222079,0.7811516677155445,3.9026249421193926,1.0,0.03850535812639229,3.654765895323797,0.796554066455855,0.2411716131539321,0.7263846635759952,0.5198996513197435,다운로드=L0(최소) AND 주기=수시 AND 형식=CSV,조회수=L0(최소),BI,0.15782625090616612,428,[]
"frozenset({'다운로드=L0(최소)', '형식=CSV', '주기=수시', '표준=N', '유형=FILE'})",frozenset({'조회수=L0(최소)'}),0.06627529900003128,0.200160578918282,0.05177106034222079,0.7811516677155445,3.9026249421193926,1.0,0.03850535812639229,3.654765895323797,0.796554066455855,0.2411716131539321,0.7263846635759952,0.5198996513197435,다운로드=L0(최소) AND 유형=FILE AND 주기=수시 AND 표준=N AND 형식=CSV,조회수=L0(최소),BI,0.15782625090616612,428,[]
frozenset({'도메인=공공행정'}),frozenset({'표준=N'}),0.1560847940106149,0.9968718392542465,0.155876249960898,0.9986639054045027,1.0017976896123346,1.0,0.0002797142759161375,2.341271910159269,0.0021263554807443848,0.1563326814678477,0.5728817333600636,0.5775146457139769,도메인=공공행정,표준=N,BR,0.1559478272645498,431,['공공행정']
"frozenset({'형식=CSV', '조회수=L2(중)'})","frozenset({'국가중점=N', '유형=FILE'})",0.13467774730717497,0.8547803509796357,0.13416681438536854,0.9962062558067512,1.1654529197647465,1.0,0.019046922272994843,38.27871401524375,0.16405966830696747,0.15686680889972568,0.973875820394547,0.5765834148166185,조회수=L2(중) AND 형식=CSV,국가중점=N AND 유형=FILE,BR,0.15577189634971392,433,[]
"frozenset({'형식=CSV', '조회수=L2(중)'})","frozenset({'국가중점=N', '표준=N', '유형=FILE'})",0.13467774730717497,0.8547803509796357,0.13416681438536854,0.9962062558067512,1.1654529197647465,1.0,0.019046922272994843,38.27871401524375,0.16405966830696747,0.15686680889972568,0.973875820394547,0.5765834148166185,조회수=L2(중) AND 형식=CSV,국가중점=N AND 유형=FILE AND 표준=N,BR,0.15577189634971392,433,[]
"frozenset({'형식=CSV', '표준=N', '조회수=L2(중)'})","frozenset({'국가중점=N', '유형=FILE'})",0.13467774730717497,0.8547803509796357,0.13416681438536854,0.9962062558067512,1.1654529197647465,1.0,0.019046922272994843,38.27871401524375,0.16405966830696747,0.15686680889972568,0.973875820394547,0.5765834148166185,조회수=L2(중) AND 표준=N AND 형식=CSV,국가중점=N AND 유형=FILE,BR,0.15577189634971392,433,[]
"frozenset({'형식=CSV', '조회수=L2(중)'})",frozenset({'유형=FILE'}),0.13467774730717497,0.8711614860848983,0.13467774730717497,1.0,1.1478928028534836,1.0,0.017351680820490017,inf,0.14889079012375434,0.1545956168384263,1.0,0.5772978084192132,조회수=L2(중) AND 형식=CSV,유형=FILE,BR,0.15459561683842626,436,[]
"frozenset({'형식=CSV', '표준=N', '조회수=L2(중)'})",frozenset({'유형=FILE'}),0.13467774730717497,0.8711614860848983,0.13467774730717497,1.0,1.1478928028534836,1.0,0.017351680820490017,inf,0.14889079012375434,0.1545956168384263,1.0,0.5772978084192132,조회수=L2(중) AND 표준=N AND 형식=CSV,유형=FILE,BR,0.15459561683842626,436,[]
"frozenset({'형식=CSV', '조회수=L2(중)'})","frozenset({'표준=N', '유형=FILE'})",0.13467774730717497,0.8711614860848983,0.13467774730717497,1.0,1.1478928028534836,1.0,0.017351680820490017,inf,0.14889079012375434,0.1545956168384263,1.0,0.5772978084192132,조회수=L2(중) AND 형식=CSV,유형=FILE AND 표준=N,BR,0.15459561683842626,436,[]
"frozenset({'형식=CSV', '국가중점=N', '표준=N', '조회수=L2(중)'})",frozenset({'유형=FILE'}),0.13416681438536854,0.8711614860848983,0.13416681438536854,1.0,1.1478928028534836,1.0,0.01728585298213417,inf,0.14880292885013724,0.15400912061474376,1.0,0.5770045603073719,국가중점=N AND 조회수=L2(중) AND 표준=N AND 형식=CSV,유형=FILE,BR,0.15400912061474378,439,[]
"frozenset({'형식=CSV', '국가중점=N', '조회수=L2(중)'})","frozenset({'표준=N', '유형=FILE'})",0.13416681438536854,0.8711614860848983,0.13416681438536854,1.0,1.1478928028534836,1.0,0.01728585298213417,inf,0.14880292885013724,0.15400912061474376,1.0,0.5770045603073719,국가중점=N AND 조회수=L2(중) AND 형식=CSV,유형=FILE AND 표준=N,BR,0.15400912061474378,439,[]
"frozenset({'형식=CSV', '국가중점=N', '조회수=L2(중)'})",frozenset({'유형=FILE'}),0.13416681438536854,0.8711614860848983,0.13416681438536854,1.0,1.1478928028534836,1.0,0.01728585298213417,inf,0.14880292885013724,0.15400912061474376,1.0,0.5770045603073719,국가중점=N AND 조회수=L2(중) AND 형식=CSV,유형=FILE,BR,0.15400912061474378,439,[]
"frozenset({'형식=CSV', '다운로드=L2(중)'})","frozenset({'국가중점=N', '표준=N'})",0.152174593078423,0.9578428203497283,0.1505166678831736,0.9891051116897355,1.0326382269364327,1.0,0.004757326463364686,3.869445785006683,0.037279659135415415,0.15686977689390236,0.7415650572299535,0.5731232068355057,다운로드=L2(중) AND 형식=CSV,국가중점=N AND 표준=N,BR,0.15373588056442392,441,[]
"frozenset({'형식=CSV', '유형=FILE', '다운로드=L2(중)'})","frozenset({'국가중점=N', '표준=N'})",0.152174593078423,0.9578428203497283,0.1505166678831736,0.9891051116897355,1.0326382269364327,1.0,0.004757326463364686,3.869445785006683,0.037279659135415415,0.15686977689390236,0.7415650572299535,0.5731232068355057,다운로드=L2(중) AND 유형=FILE AND 형식=CSV,국가중점=N AND 표준=N,BR,0.15373588056442392,441,[]
"frozenset({'형식=CSV', '표준=N', '유형=FILE', '다운로드=L2(중)'})",frozenset({'국가중점=N'}),0.152174593078423,0.9609709810954818,0.1505166678831736,0.9891051116897355,1.0292767743747906,1.0,0.004281299874795752,3.5823239112738117,0.03354938981336992,0.1563600125651274,0.7208515966819936,0.5728674429976455,다운로드=L2(중) AND 유형=FILE AND 표준=N AND 형식=CSV,국가중점=N,BR,0.15323543824487826,444,[]
"frozenset({'형식=CSV', '유형=FILE', '다운로드=L2(중)'})",frozenset({'국가중점=N'}),0.152174593078423,0.9609709810954818,0.1505166678831736,0.9891051116897355,1.0292767743747906,1.0,0.004281299874795752,3.5823239112738117,0.03354938981336992,0.1563600125651274,0.7208515966819936,0.5728674429976455,다운로드=L2(중) AND 유형=FILE AND 형식=CSV,국가중점=N,BR,0.15323543824487826,444,[]
"frozenset({'형식=CSV', '다운로드=L2(중)'})",frozenset({'국가중점=N'}),0.152174593078423,0.9609709810954818,0.1505166678831736,0.9891051116897355,1.0292767743747906,1.0,0.004281299874795752,3.5823239112738117,0.03354938981336992,0.1563600125651274,0.7208515966819936,0.5728674429976455,다운로드=L2(중) AND 형식=CSV,국가중점=N,BR,0.15323543824487826,444,[]
"frozenset({'형식=CSV', '표준=N', '다운로드=L2(중)'})",frozenset({'국가중점=N'}),0.152174593078423,0.9609709810954818,0.1505166678831736,0.9891051116897355,1.0292767743747906,1.0,0.004281299874795752,3.5823239112738117,0.03354938981336992,0.1563600125651274,0.7208515966819936,0.5728674429976455,다운로드=L2(중) AND 표준=N AND 형식=CSV,국가중점=N,BR,0.15323543824487826,444,[]
"frozenset({'형식=CSV', '국가중점=N', '다운로드=L4(최대)'})","frozenset({'표준=N', '유형=FILE'})",0.13345776461633108,0.8711614860848983,0.13345776461633108,1.0,1.1478928028534836,1.0,0.017194500063599544,inf,0.14868117058144015,0.15319520748800072,1.0,0.5765976037440004,국가중점=N AND 다운로드=L4(최대) AND 형식=CSV,유형=FILE AND 표준=N,BR,0.15319520748800075,448,[]
"frozenset({'표준=N', '형식=CSV', '국가중점=N', '다운로드=L4(최대)'})",frozenset({'유형=FILE'}),0.13345776461633108,0.8711614860848983,0.13345776461633108,1.0,1.1478928028534836,1.0,0.017194500063599544,inf,0.14868117058144015,0.15319520748800072,1.0,0.5765976037440004,국가중점=N AND 다운로드=L4(최대) AND 표준=N AND 형식=CSV,유형=FILE,BR,0.15319520748800075,448,[]
"frozenset({'형식=CSV', '국가중점=N', '다운로드=L4(최대)'})",frozenset({'유형=FILE'}),0.13345776461633108,0.8711614860848983,0.13345776461633108,1.0,1.1478928028534836,1.0,0.017194500063599544,inf,0.14868117058144015,0.15319520748800072,1.0,0.5765976037440004,국가중점=N AND 다운로드=L4(최대) AND 형식=CSV,유형=FILE,BR,0.15319520748800075,448,[]
"frozenset({'유형=FILE', '다운로드=L2(중)'})","frozenset({'형식=CSV', '표준=N'})",0.18168357611336455,0.6992794803082281,0.152174593078423,0.8375803489439853,1.197776243305176,1.0,0.02512699639332902,1.851503298625241,0.2017795553250124,0.20880488747084827,0.4598983427453197,0.5275983101056505,다운로드=L2(중) AND 유형=FILE,표준=N AND 형식=CSV,BI,0.15266670194647491,451,[]
"frozenset({'유형=FILE', '다운로드=L2(중)'})",frozenset({'형식=CSV'}),0.18168357611336455,0.6992794803082281,0.152174593078423,0.8375803489439853,1.197776243305176,1.0,0.02512699639332902,1.851503298625241,0.2017795553250124,0.20880488747084827,0.4598983427453197,0.5275983101056505,다운로드=L2(중) AND 유형=FILE,형식=CSV,BI,0.15266670194647491,451,[]
"frozenset({'표준=N', '유형=FILE', '다운로드=L2(중)'})",frozenset({'형식=CSV'}),0.18168357611336455,0.6992794803082281,0.152174593078423,0.8375803489439853,1.197776243305176,1.0,0.02512699639332902,1.851503298625241,0.2017795553250124,0.20880488747084827,0.4598983427453197,0.5275983101056505,다운로드=L2(중) AND 유형=FILE AND 표준=N,형식=CSV,BI,0.15266670194647491,451,[]
"frozenset({'형식=CSV', '다운로드=L2(중)'})",frozenset({'표준=N'}),0.152174593078423,0.9968718392542465,0.152174593078423,1.0,1.0031379768417308,1.0,0.0004760265885689341,inf,0.0036896284544146074,0.1526521134274029,1.0,0.5763260567137014,다운로드=L2(중) AND 형식=CSV,표준=N,BR,0.1526521134274029,453,[]
"frozenset({'형식=CSV', '유형=FILE', '다운로드=L2(중)'})",frozenset({'표준=N'}),0.152174593078423,0.9968718392542465,0.152174593078423,1.0,1.0031379768417308,1.0,0.0004760265885689341,inf,0.0036896284544146074,0.1526521134274029,1.0,0.5763260567137014,다운로드=L2(중) AND 유형=FILE AND 형식=CSV,표준=N,BR,0.1526521134274029,453,[]
"frozenset({'국가중점=N', '유형=FILE', '다운로드=L2(중)'})","frozenset({'형식=CSV', '표준=N'})",0.17929574674410603,0.6992794803082281,0.1505166678831736,0.8394882233207327,1.2005045864504753,1.0,0.025138831278479462,1.873510629021745,0.20350440000887898,0.2067370350744024,0.46624268658558354,0.5273667948090475,국가중점=N AND 다운로드=L2(중) AND 유형=FILE,표준=N AND 형식=CSV,BI,0.15169212213671893,456,[]
"frozenset({'국가중점=N', '표준=N', '유형=FILE', '다운로드=L2(중)'})",frozenset({'형식=CSV'}),0.17929574674410603,0.6992794803082281,0.1505166678831736,0.8394882233207327,1.2005045864504753,1.0,0.025138831278479462,1.873510629021745,0.20350440000887898,0.2067370350744024,0.46624268658558354,0.5273667948090475,국가중점=N AND 다운로드=L2(중) AND 유형=FILE AND 표준=N,형식=CSV,BI,0.15169212213671893,456,[]
"frozenset({'국가중점=N', '유형=FILE', '다운로드=L2(중)'})",frozenset({'형식=CSV'}),0.17929574674410603,0.6992794803082281,0.1505166678831736,0.8394882233207327,1.2005045864504753,1.0,0.025138831278479462,1.873510629021745,0.20350440000887898,0.2067370350744024,0.46624268658558354,0.5273667948090475,국가중점=N AND 다운로드=L2(중) AND 유형=FILE,형식=CSV,BI,0.15169212213671893,456,[]
"frozenset({'조회수=L3(상)', '국가중점=N', '표준=N'})",frozenset({'유형=FILE'}),0.19299709081050645,0.8711614860848983,0.16993211891181714,0.8804905721540872,1.0107087907560226,1.0,0.0018004864712742874,1.0780615072579647,0.013129230996578003,0.1900325330286034,0.07240914060322313,0.5377772142133023,국가중점=N AND 조회수=L3(상) AND 표준=N,유형=FILE,BI,0.1512259167389424,458,[]
"frozenset({'조회수=L3(상)', '국가중점=N'})","frozenset({'표준=N', '유형=FILE'})",0.19307008122790736,0.8711614860848983,0.16993211891181714,0.8801577014473968,1.010326690867532,1.0,0.0017369000307813354,1.075067112957198,0.012666701374485948,0.19001702306275214,0.06982551326559519,0.537610778859957,국가중점=N AND 조회수=L3(상),유형=FILE AND 표준=N,BI,0.1511115960089714,459,[]
"frozenset({'조회수=L3(상)', '국가중점=N'})",frozenset({'유형=FILE'}),0.19307008122790736,0.8711614860848983,0.16993211891181714,0.8801577014473968,1.010326690867532,1.0,0.0017369000307813354,1.075067112957198,0.012666701374485948,0.19001702306275214,0.06982551326559519,0.537610778859957,국가중점=N AND 조회수=L3(상),유형=FILE,BI,0.1511115960089714,459,[]
"frozenset({'형식=CSV', '국가중점=N', '유형=FILE', '다운로드=L2(중)'})",frozenset({'표준=N'}),0.1505166678831736,0.9968718392542465,0.1505166678831736,1.0,1.0031379768417308,1.0,0.0004708403320537735,inf,0.0036824274561791915,0.15098898570128552,1.0,0.5754944928506428,국가중점=N AND 다운로드=L2(중) AND 유형=FILE AND 형식=CSV,표준=N,BR,0.1509889857012855,461,[]
"frozenset({'형식=CSV', '국가중점=N', '다운로드=L2(중)'})",frozenset({'표준=N'}),0.1505166678831736,0.9968718392542465,0.1505166678831736,1.0,1.0031379768417308,1.0,0.0004708403320537735,inf,0.0036824274561791915,0.15098898570128552,1.0,0.5754944928506428,국가중점=N AND 다운로드=L2(중) AND 형식=CSV,표준=N,BR,0.1509889857012855,461,[]
"frozenset({'표준=N', '유형=FILE', '다운로드=L2(중)'})","frozenset({'형식=CSV', '국가중점=N'})",0.18168357611336455,0.6867564101227281,0.1505166678831736,0.8284550045913681,1.2063302102172115,1.0,0.025744307373299927,1.826014155243085,0.20901398666532617,0.20965563317889352,0.45235911938104517,0.523812695578609,다운로드=L2(중) AND 유형=FILE AND 표준=N,국가중점=N AND 형식=CSV,BI,0.15042489784731564,464,[]
"frozenset({'유형=FILE', '다운로드=L2(중)'})","frozenset({'형식=CSV', '국가중점=N', '표준=N'})",0.18168357611336455,0.6867564101227281,0.1505166678831736,0.8284550045913681,1.2063302102172115,1.0,0.025744307373299927,1.826014155243085,0.20901398666532617,0.20965563317889352,0.45235911938104517,0.523812695578609,다운로드=L2(중) AND 유형=FILE,국가중점=N AND 표준=N AND 형식=CSV,BI,0.15042489784731564,464,[]
"frozenset({'유형=FILE', '다운로드=L2(중)'})","frozenset({'형식=CSV', '국가중점=N'})",0.18168357611336455,0.6867564101227281,0.1505166678831736,0.8284550045913681,1.2063302102172115,1.0,0.025744307373299927,1.826014155243085,0.20901398666532617,0.20965563317889352,0.45235911938104517,0.523812695578609,다운로드=L2(중) AND 유형=FILE,국가중점=N AND 형식=CSV,BI,0.15042489784731564,464,[]
"frozenset({'국가중점=N', '표준=N', '조회수=L2(중)'})",frozenset({'유형=FILE'}),0.19613567875874582,0.8711614860848983,0.1710582567802884,0.8721424774056352,1.0011260728767357,1.0,0.00019240739854917144,1.0076725350283,0.0013992488946076827,0.19086234177215192,0.007614115460718129,0.5342495096161957,국가중점=N AND 조회수=L2(중) AND 표준=N,유형=FILE,BI,0.14935516747682615,466,[]
"frozenset({'국가중점=N', '조회수=L2(중)'})","frozenset({'표준=N', '유형=FILE'})",0.19630251399851933,0.8711614860848983,0.1710582567802884,0.8714012535854668,1.0002752273882607,1.0,4.7066963136749296e-05,1.0018644621915338,0.00034235724732356576,0.19082681928159312,0.0018609924414878614,0.5338788977061115,국가중점=N AND 조회수=L2(중),유형=FILE AND 표준=N,BI,0.14910140489340187,467,[]
"frozenset({'국가중점=N', '조회수=L2(중)'})",frozenset({'유형=FILE'}),0.19630251399851933,0.8711614860848983,0.1710582567802884,0.8714012535854668,1.0002752273882607,1.0,4.7066963136749296e-05,1.0018644621915338,0.00034235724732356576,0.19082681928159312,0.0018609924414878614,0.5338788977061115,국가중점=N AND 조회수=L2(중),유형=FILE,BI,0.14910140489340187,467,[]
"frozenset({'형식=CSV', '다운로드=L1(하)'})","frozenset({'표준=N', '유형=FILE'})",0.12927645641950722,0.8711614860848983,0.12927645641950722,1.0,1.1478928028534836,1.0,0.01665578652929972,inf,0.1479671875935573,0.1483955139023544,1.0,0.5741977569511771,다운로드=L1(하) AND 형식=CSV,유형=FILE AND 표준=N,BR,0.14839551390235436,470,[]
"frozenset({'형식=CSV', '다운로드=L1(하)'})",frozenset({'유형=FILE'}),0.12927645641950722,0.8711614860848983,0.12927645641950722,1.0,1.1478928028534836,1.0,0.01665578652929972,inf,0.1479671875935573,0.1483955139023544,1.0,0.5741977569511771,다운로드=L1(하) AND 형식=CSV,유형=FILE,BR,0.14839551390235436,470,[]
"frozenset({'형식=CSV', '표준=N', '다운로드=L1(하)'})",frozenset({'유형=FILE'}),0.12927645641950722,0.8711614860848983,0.12927645641950722,1.0,1.1478928028534836,1.0,0.01665578652929972,inf,0.1479671875935573,0.1483955139023544,1.0,0.5741977569511771,다운로드=L1(하) AND 표준=N AND 형식=CSV,유형=FILE,BR,0.14839551390235436,470,[]
"frozenset({'도메인=공공행정', '국가중점=N'})",frozenset({'표준=N'}),0.1484103729810329,0.9968718392542465,0.148201828931316,0.9985948148668587,1.0017283822701835,1.0,0.00025570745330499856,2.2261555947155456,0.0020260933957688887,0.14863578846093511,0.5507951005878462,0.5736308488526317,국가중점=N AND 도메인=공공행정,표준=N,BR,0.14824936740078326,472,['공공행정']
"frozenset({'형식=CSV', '다운로드=L1(하)'})","frozenset({'국가중점=N', '유형=FILE'})",0.12927645641950722,0.8547803509796357,0.1281398913485501,0.9912082593966769,1.1596058078086209,1.0,0.017636916556880156,16.517735858297975,0.15807311850112168,0.1497106657732838,0.9394590149292384,0.5705589945368278,다운로드=L1(하) AND 형식=CSV,국가중점=N AND 유형=FILE,BR,0.14728538199051772,474,[]
"frozenset({'다운로드=L1(하)', '표준=N', '형식=CSV'})","frozenset({'국가중점=N', '유형=FILE'})",0.12927645641950722,0.8547803509796357,0.1281398913485501,0.9912082593966769,1.1596058078086209,1.0,0.017636916556880156,16.517735858297975,0.15807311850112168,0.1497106657732838,0.9394590149292384,0.5705589945368278,다운로드=L1(하) AND 표준=N AND 형식=CSV,국가중점=N AND 유형=FILE,BR,0.14728538199051772,474,[]
"frozenset({'다운로드=L1(하)', '형식=CSV'})","frozenset({'국가중점=N', '표준=N', '유형=FILE'})",0.12927645641950722,0.8547803509796357,0.1281398913485501,0.9912082593966769,1.1596058078086209,1.0,0.017636916556880156,16.517735858297975,0.15807311850112168,0.1497106657732838,0.9394590149292384,0.5705589945368278,다운로드=L1(하) AND 형식=CSV,국가중점=N AND 유형=FILE AND 표준=N,BR,0.14728538199051772,474,[]
"frozenset({'다운로드=L1(하)', '국가중점=N', '형식=CSV'})","frozenset({'표준=N', '유형=FILE'})",0.1281398913485501,0.8711614860848983,0.1281398913485501,1.0,1.1478928028534836,1.0,0.01650935317458979,inf,0.14777429617049773,0.14709085903742805,1.0,0.573545429518714,국가중점=N AND 다운로드=L1(하) AND 형식=CSV,유형=FILE AND 표준=N,BR,0.14709085903742805,477,[]
"frozenset({'형식=CSV', '국가중점=N', '다운로드=L1(하)'})",frozenset({'유형=FILE'}),0.1281398913485501,0.8711614860848983,0.1281398913485501,1.0,1.1478928028534836,1.0,0.01650935317458979,inf,0.14777429617049773,0.14709085903742805,1.0,0.573545429518714,국가중점=N AND 다운로드=L1(하) AND 형식=CSV,유형=FILE,BR,0.14709085903742805,477,[]
"frozenset({'다운로드=L1(하)', '국가중점=N', '표준=N', '형식=CSV'})",frozenset({'유형=FILE'}),0.1281398913485501,0.8711614860848983,0.1281398913485501,1.0,1.1478928028534836,1.0,0.01650935317458979,inf,0.14777429617049773,0.14709085903742805,1.0,0.573545429518714,국가중점=N AND 다운로드=L1(하) AND 표준=N AND 형식=CSV,유형=FILE,BR,0.14709085903742805,477,[]
"frozenset({'조회수=L4(최대)', '국가중점=N', '유형=FILE'})",frozenset({'표준=N'}),0.14652304933109497,0.9968718392542465,0.14652304933109497,1.0,1.0031379768417308,1.0,0.0004583476512656226,inf,0.0036651965156197217,0.14698283526667572,1.0,0.5734914176333379,국가중점=N AND 유형=FILE AND 조회수=L4(최대),표준=N,BR,0.14698283526667572,479,[]
"frozenset({'조회수=L1(하)', '형식=CSV'})","frozenset({'국가중점=N', '표준=N'})",0.140934068798682,0.9578428203497283,0.1408610783812811,0.9994820952944659,1.0434719288594074,1.0,0.005868392439788872,81.39949145044466,0.048495522616525545,0.14704953900747822,0.9877149109634329,0.5732714199529155,조회수=L1(하) AND 형식=CSV,국가중점=N AND 표준=N,BR,0.14690845715350798,480,[]
"frozenset({'조회수=L1(하)', '형식=CSV', '유형=FILE'})","frozenset({'국가중점=N', '표준=N'})",0.140934068798682,0.9578428203497283,0.1408610783812811,0.9994820952944659,1.0434719288594074,1.0,0.005868392439788872,81.39949145044466,0.048495522616525545,0.14704953900747822,0.9877149109634329,0.5732714199529155,유형=FILE AND 조회수=L1(하) AND 형식=CSV,국가중점=N AND 표준=N,BR,0.14690845715350798,480,[]
"frozenset({'조회수=L1(하)', '형식=CSV', '표준=N'})",frozenset({'국가중점=N'}),0.140934068798682,0.9609709810954818,0.1408610783812811,0.9994820952944659,1.040075210340985,1.0,0.005427528018033506,75.35945993050073,0.044852284582358216,0.14657089847776322,0.9867302658362701,0.573032063272233,조회수=L1(하) AND 표준=N AND 형식=CSV,국가중점=N,BR,0.14643023951954473,483,[]
"frozenset({'조회수=L1(하)', '형식=CSV', '표준=N', '유형=FILE'})",frozenset({'국가중점=N'}),0.140934068798682,0.9609709810954818,0.1408610783812811,0.9994820952944659,1.040075210340985,1.0,0.005427528018033506,75.35945993050073,0.044852284582358216,0.14657089847776322,0.9867302658362701,0.573032063272233,유형=FILE AND 조회수=L1(하) AND 표준=N AND 형식=CSV,국가중점=N,BR,0.14643023951954473,483,[]
"frozenset({'조회수=L1(하)', '형식=CSV'})",frozenset({'국가중점=N'}),0.140934068798682,0.9609709810954818,0.1408610783812811,0.9994820952944659,1.040075210340985,1.0,0.005427528018033506,75.35945993050073,0.044852284582358216,0.14657089847776322,0.9867302658362701,0.573032063272233,조회수=L1(하) AND 형식=CSV,국가중점=N,BR,0.14643023951954473,483,[]
"frozenset({'조회수=L1(하)', '형식=CSV', '유형=FILE'})",frozenset({'국가중점=N'}),0.140934068798682,0.9609709810954818,0.1408610783812811,0.9994820952944659,1.040075210340985,1.0,0.005427528018033506,75.35945993050073,0.044852284582358216,0.14657089847776322,0.9867302658362701,0.573032063272233,유형=FILE AND 조회수=L1(하) AND 형식=CSV,국가중점=N,BR,0.14643023951954473,483,[]
"frozenset({'표준=N', '조회수=L2(중)'})","frozenset({'국가중점=N', '유형=FILE'})",0.20000417088099434,0.8547803509796357,0.1710582567802884,0.8552734476826025,1.0005768694874675,1.0,9.86213972410388e-05,1.0034070921684461,0.0007206748834625916,0.19356475363413253,0.003395523307577162,0.5276964974335722,조회수=L2(중) AND 표준=N,국가중점=N AND 유형=FILE,BI,0.14638598195142571,486,[]
"frozenset({'국가중점=N', '표준=N', '조회수=L0(최소)'})",frozenset({'형식=CSV'}),0.1958749986965997,0.6992794803082281,0.15738819432134551,0.8035134415757252,1.1490590875361493,1.0,0.020416827027412432,1.5304890171796082,0.16132160399307263,0.21333069508437685,0.3466140633646595,0.5142926944245922,국가중점=N AND 조회수=L0(최소) AND 표준=N,형식=CSV,BI,0.1453140680236125,487,[]
"frozenset({'국가중점=N', '표준=N', '조회수=L0(최소)'})","frozenset({'형식=CSV', '유형=FILE'})",0.1958749986965997,0.6992794803082281,0.15738819432134551,0.8035134415757252,1.1490590875361493,1.0,0.020416827027412432,1.5304890171796082,0.16132160399307263,0.21333069508437685,0.3466140633646595,0.5142926944245922,국가중점=N AND 조회수=L0(최소) AND 표준=N,유형=FILE AND 형식=CSV,BI,0.1453140680236125,487,[]
"frozenset({'국가중점=N', '조회수=L0(최소)'})","frozenset({'형식=CSV', '유형=FILE'})",0.19605226113885907,0.6992794803082281,0.15738819432134551,0.802786937559834,1.1480201552689375,1.0,0.020292871038911142,1.5248509199689035,0.16037753146562567,0.2132794506224301,0.34419818560335513,0.5139294424166466,국가중점=N AND 조회수=L0(최소),유형=FILE AND 형식=CSV,BI,0.14505141273518066,490,[]
"frozenset({'국가중점=N', '조회수=L0(최소)'})","frozenset({'형식=CSV', '표준=N', '유형=FILE'})",0.19605226113885907,0.6992794803082281,0.15738819432134551,0.802786937559834,1.1480201552689375,1.0,0.020292871038911142,1.5248509199689035,0.16037753146562567,0.2132794506224301,0.34419818560335513,0.5139294424166466,국가중점=N AND 조회수=L0(최소),유형=FILE AND 표준=N AND 형식=CSV,BI,0.14505141273518066,490,[]
"frozenset({'국가중점=N', '조회수=L0(최소)'})",frozenset({'형식=CSV'}),0.19605226113885907,0.6992794803082281,0.15738819432134551,0.802786937559834,1.1480201552689375,1.0,0.020292871038911142,1.5248509199689035,0.16037753146562567,0.2132794506224301,0.34419818560335513,0.5139294424166466,국가중점=N AND 조회수=L0(최소),형식=CSV,BI,0.14505141273518066,490,[]
"frozenset({'국가중점=N', '조회수=L0(최소)'})","frozenset({'형식=CSV', '표준=N'})",0.19605226113885907,0.6992794803082281,0.15738819432134551,0.802786937559834,1.1480201552689375,1.0,0.020292871038911142,1.5248509199689035,0.16037753146562567,0.2132794506224301,0.34419818560335513,0.5139294424166466,국가중점=N AND 조회수=L0(최소),표준=N AND 형식=CSV,BI,0.14505141273518066,490,[]
"frozenset({'다운로드=L1(하)', '국가중점=N', '표준=N'})",frozenset({'유형=FILE'}),0.18985850286226708,0.8711614860848983,0.16543799464041792,0.8713752196836555,1.0002453432597413,1.0,4.057914107141736e-05,1.0016616829061362,0.00030276572926745196,0.18472679854230456,0.0016589262966665715,0.5306401515249523,국가중점=N AND 다운로드=L1(하) AND 표준=N,유형=FILE,BI,0.144193937257037,493,[]
"frozenset({'다운로드=L0(최소)', '유형=FILE'})","frozenset({'국가중점=N', '표준=N'})",0.13950554205812124,0.9578428203497283,0.1390363179462582,0.9966365199192764,1.040501112234034,1.0,0.005411936086889696,12.533797923132608,0.04523518007609857,0.14508459822642947,0.9202157234277424,0.5708960957967817,다운로드=L0(최소) AND 유형=FILE,국가중점=N AND 표준=N,BR,0.14418085739958605,494,[]
"frozenset({'다운로드=L0(최소)', '유형=FILE'})",frozenset({'국가중점=N'}),0.13950554205812124,0.9609709810954818,0.1390363179462582,0.9966365199192764,1.0371140643426473,1.0,0.004975540326408429,11.6037609760785,0.0415876054386898,0.14461254812645735,0.9138210445680904,0.5706598398207493,다운로드=L0(최소) AND 유형=FILE,국가중점=N,BR,0.1437115186710718,495,[]
"frozenset({'다운로드=L0(최소)', '표준=N', '유형=FILE'})",frozenset({'국가중점=N'}),0.13950554205812124,0.9609709810954818,0.1390363179462582,0.9966365199192764,1.0371140643426473,1.0,0.004975540326408429,11.6037609760785,0.0415876054386898,0.14461254812645735,0.9138210445680904,0.5706598398207493,다운로드=L0(최소) AND 유형=FILE AND 표준=N,국가중점=N,BR,0.1437115186710718,495,[]
"frozenset({'조회수=L4(최대)', '형식=CSV'})","frozenset({'표준=N', '유형=FILE'})",0.12490745857793813,0.8711614860848983,0.12490745857793813,1.0,1.1478928028534836,1.0,0.016092891340093674,inf,0.14722844478337543,0.1433803727243348,1.0,0.5716901863621674,조회수=L4(최대) AND 형식=CSV,유형=FILE AND 표준=N,BR,0.1433803727243348,498,[]
"frozenset({'조회수=L4(최대)', '형식=CSV'})",frozenset({'유형=FILE'}),0.12490745857793813,0.8711614860848983,0.12490745857793813,1.0,1.1478928028534836,1.0,0.016092891340093674,inf,0.14722844478337543,0.1433803727243348,1.0,0.5716901863621674,조회수=L4(최대) AND 형식=CSV,유형=FILE,BR,0.1433803727243348,498,[]
"frozenset({'조회수=L4(최대)', '표준=N', '형식=CSV'})",frozenset({'유형=FILE'}),0.12490745857793813,0.8711614860848983,0.12490745857793813,1.0,1.1478928028534836,1.0,0.016092891340093674,inf,0.14722844478337543,0.1433803727243348,1.0,0.5716901863621674,조회수=L4(최대) AND 표준=N AND 형식=CSV,유형=FILE,BR,0.1433803727243348,498,[]
"frozenset({'다운로드=L3(상)', '표준=N', '주기=연간'})",frozenset({'형식=CSV'}),0.11242609720238157,0.6992794803082281,0.10800496334838326,0.9606751994064181,1.3738072208024352,1.0,0.02938770052361954,7.647095856878973,0.3065613270455459,0.15348141123475634,0.8692314025198931,0.5575634917748432,다운로드=L3(상) AND 주기=연간 AND 표준=N,형식=CSV,BR,0.14254306332582414,504,[]
"frozenset({'다운로드=L3(상)', '표준=N', '주기=연간', '유형=FILE'})",frozenset({'형식=CSV'}),0.11242609720238157,0.6992794803082281,0.10800496334838326,0.9606751994064181,1.3738072208024352,1.0,0.02938770052361954,7.647095856878973,0.3065613270455459,0.15348141123475634,0.8692314025198931,0.5575634917748432,다운로드=L3(상) AND 유형=FILE AND 주기=연간 AND 표준=N,형식=CSV,BR,0.14254306332582414,504,[]
"frozenset({'다운로드=L3(상)', '주기=연간'})","frozenset({'형식=CSV', '유형=FILE'})",0.11242609720238157,0.6992794803082281,0.10800496334838326,0.9606751994064181,1.3738072208024352,1.0,0.02938770052361954,7.647095856878973,0.3065613270455459,0.15348141123475634,0.8692314025198931,0.5575634917748432,다운로드=L3(상) AND 주기=연간,유형=FILE AND 형식=CSV,BR,0.14254306332582414,504,[]
"frozenset({'다운로드=L3(상)', '주기=연간', '유형=FILE'})","frozenset({'형식=CSV', '표준=N'})",0.11242609720238157,0.6992794803082281,0.10800496334838326,0.9606751994064181,1.3738072208024352,1.0,0.02938770052361954,7.647095856878973,0.3065613270455459,0.15348141123475634,0.8692314025198931,0.5575634917748432,다운로드=L3(상) AND 유형=FILE AND 주기=연간,표준=N AND 형식=CSV,BR,0.14254306332582414,504,[]
"frozenset({'다운로드=L3(상)', '주기=연간'})",frozenset({'형식=CSV'}),0.11242609720238157,0.6992794803082281,0.10800496334838326,0.9606751994064181,1.3738072208024352,1.0,0.02938770052361954,7.647095856878973,0.3065613270455459,0.15348141123475634,0.8692314025198931,0.5575634917748432,다운로드=L3(상) AND 주기=연간,형식=CSV,BR,0.14254306332582414,504,[]
"frozenset({'다운로드=L3(상)', '표준=N', '주기=연간'})","frozenset({'형식=CSV', '유형=FILE'})",0.11242609720238157,0.6992794803082281,0.10800496334838326,0.9606751994064181,1.3738072208024352,1.0,0.02938770052361954,7.647095856878973,0.3065613270455459,0.15348141123475634,0.8692314025198931,0.5575634917748432,다운로드=L3(상) AND 주기=연간 AND 표준=N,유형=FILE AND 형식=CSV,BR,0.14254306332582414,504,[]
"frozenset({'다운로드=L3(상)', '주기=연간'})","frozenset({'형식=CSV', '표준=N', '유형=FILE'})",0.11242609720238157,0.6992794803082281,0.10800496334838326,0.9606751994064181,1.3738072208024352,1.0,0.02938770052361954,7.647095856878973,0.3065613270455459,0.15348141123475634,0.8692314025198931,0.5575634917748432,다운로드=L3(상) AND 주기=연간,유형=FILE AND 표준=N AND 형식=CSV,BR,0.14254306332582414,504,[]
"frozenset({'다운로드=L3(상)', '주기=연간', '유형=FILE'})",frozenset({'형식=CSV'}),0.11242609720238157,0.6992794803082281,0.10800496334838326,0.9606751994064181,1.3738072208024352,1.0,0.02938770052361954,7.647095856878973,0.3065613270455459,0.15348141123475634,0.8692314025198931,0.5575634917748432,다운로드=L3(상) AND 유형=FILE AND 주기=연간,형식=CSV,BR,0.14254306332582414,504,[]
"frozenset({'다운로드=L3(상)', '주기=연간'})","frozenset({'형식=CSV', '표준=N'})",0.11242609720238157,0.6992794803082281,0.10800496334838326,0.9606751994064181,1.3738072208024352,1.0,0.02938770052361954,7.647095856878973,0.3065613270455459,0.15348141123475634,0.8692314025198931,0.5575634917748432,다운로드=L3(상) AND 주기=연간,표준=N AND 형식=CSV,BR,0.14254306332582414,504,[]
"frozenset({'형식=CSV', '다운로드=L4(최대)'})","frozenset({'국가중점=N', '유형=FILE'})",0.13971408610783811,0.8547803509796357,0.13345776461633108,0.9552205388461826,1.1175040906724585,1.0,0.014032909056274176,3.2429967953731085,0.12222528327676871,0.1549966091842666,0.6916432352240578,0.555675800798128,다운로드=L4(최대) AND 형식=CSV,국가중점=N AND 유형=FILE,BR,0.1424612070605072,510,[]
"frozenset({'형식=CSV', '다운로드=L4(최대)'})","frozenset({'국가중점=N', '표준=N', '유형=FILE'})",0.13971408610783811,0.8547803509796357,0.13345776461633108,0.9552205388461826,1.1175040906724585,1.0,0.014032909056274176,3.2429967953731085,0.12222528327676871,0.1549966091842666,0.6916432352240578,0.555675800798128,다운로드=L4(최대) AND 형식=CSV,국가중점=N AND 유형=FILE AND 표준=N,BR,0.1424612070605072,510,[]
"frozenset({'형식=CSV', '표준=N', '다운로드=L4(최대)'})","frozenset({'국가중점=N', '유형=FILE'})",0.13971408610783811,0.8547803509796357,0.13345776461633108,0.9552205388461826,1.1175040906724585,1.0,0.014032909056274176,3.2429967953731085,0.12222528327676871,0.1549966091842666,0.6916432352240578,0.555675800798128,다운로드=L4(최대) AND 표준=N AND 형식=CSV,국가중점=N AND 유형=FILE,BR,0.1424612070605072,510,[]
"frozenset({'표준=N', '조회수=L0(최소)'})","frozenset({'형식=CSV', '국가중점=N', '유형=FILE'})",0.19998331647602266,0.6867564101227281,0.15738819432134551,0.7870066218259554,1.145976375648699,1.0,0.02004836981383476,1.4706729033674895,0.1592237573168762,0.21579195676726665,0.32003914826319363,0.5080913890156773,조회수=L0(최소) AND 표준=N,국가중점=N AND 유형=FILE AND 형식=CSV,BI,0.14194699534954205,512,[]
"frozenset({'표준=N', '조회수=L0(최소)'})","frozenset({'형식=CSV', '국가중점=N'})",0.19998331647602266,0.6867564101227281,0.15738819432134551,0.7870066218259554,1.145976375648699,1.0,0.02004836981383476,1.4706729033674895,0.1592237573168762,0.21579195676726665,0.32003914826319363,0.5080913890156773,조회수=L0(최소) AND 표준=N,국가중점=N AND 형식=CSV,BI,0.14194699534954205,512,[]
"frozenset({'형식=CSV', '조회수=L3(상)', '유형=FILE'})",frozenset({'표준=N'}),0.14136158410060165,0.9968718392542465,0.14136158410060165,1.0,1.0031379768417308,1.0,0.00044220175834103204,inf,0.0036431642095547624,0.14180517347781973,1.0,0.5709025867389099,유형=FILE AND 조회수=L3(상) AND 형식=CSV,표준=N,BR,0.1418051734778197,514,[]
"frozenset({'형식=CSV', '조회수=L3(상)'})",frozenset({'표준=N'}),0.14136158410060165,0.9968718392542465,0.14136158410060165,1.0,1.0031379768417308,1.0,0.00044220175834103204,inf,0.0036431642095547624,0.14180517347781973,1.0,0.5709025867389099,조회수=L3(상) AND 형식=CSV,표준=N,BR,0.1418051734778197,514,[]
frozenset({'조회수=L0(최소)'}),"frozenset({'형식=CSV', '국가중점=N', '표준=N'})",0.200160578918282,0.6867564101227281,0.15738819432134551,0.7863096478433006,1.1449614976331732,1.0,0.019926633695339147,1.4658761460955894,0.15829200476955457,0.21573952318335143,0.3178141259317619,0.5077429020243499,조회수=L0(최소),국가중점=N AND 표준=N AND 형식=CSV,BI,0.14169568982762787,517,[]
frozenset({'조회수=L0(최소)'}),"frozenset({'형식=CSV', '국가중점=N', '유형=FILE'})",0.200160578918282,0.6867564101227281,0.15738819432134551,0.7863096478433006,1.1449614976331732,1.0,0.019926633695339147,1.4658761460955894,0.15829200476955457,0.21573952318335143,0.3178141259317619,0.5077429020243499,조회수=L0(최소),국가중점=N AND 유형=FILE AND 형식=CSV,BI,0.14169568982762787,517,[]
frozenset({'조회수=L0(최소)'}),"frozenset({'형식=CSV', '국가중점=N'})",0.200160578918282,0.6867564101227281,0.15738819432134551,0.7863096478433006,1.1449614976331732,1.0,0.019926633695339147,1.4658761460955894,0.15829200476955457,0.21573952318335143,0.3178141259317619,0.5077429020243499,조회수=L0(최소),국가중점=N AND 형식=CSV,BI,0.14169568982762787,517,[]
frozenset({'조회수=L0(최소)'}),"frozenset({'형식=CSV', '국가중점=N', '표준=N', '유형=FILE'})",0.200160578918282,0.6867564101227281,0.15738819432134551,0.7863096478433006,1.1449614976331732,1.0,0.019926633695339147,1.4658761460955894,0.15829200476955457,0.21573952318335143,0.3178141259317619,0.5077429020243499,조회수=L0(최소),국가중점=N AND 유형=FILE AND 표준=N AND 형식=CSV,BI,0.14169568982762787,517,[]
"frozenset({'조회수=L1(하)', '형식=CSV', '유형=FILE'})",frozenset({'표준=N'}),0.140934068798682,0.9968718392542465,0.140934068798682,1.0,1.0031379768417308,1.0,0.0004408644217553659,inf,0.0036413511840460485,0.14137631664278316,1.0,0.5706881583213916,유형=FILE AND 조회수=L1(하) AND 형식=CSV,표준=N,BR,0.14137631664278316,520,[]
"frozenset({'조회수=L1(하)', '형식=CSV'})",frozenset({'표준=N'}),0.140934068798682,0.9968718392542465,0.140934068798682,1.0,1.0031379768417308,1.0,0.0004408644217553659,inf,0.0036413511840460485,0.14137631664278316,1.0,0.5706881583213916,조회수=L1(하) AND 형식=CSV,표준=N,BR,0.14137631664278316,520,[]
"frozenset({'조회수=L1(하)', '형식=CSV', '국가중점=N', '유형=FILE'})",frozenset({'표준=N'}),0.1408610783812811,0.9968718392542465,0.1408610783812811,1.0,1.0031379768417308,1.0,0.0004406360959968436,inf,0.0036410418234338287,0.1413030971831428,1.0,0.5706515485915714,국가중점=N AND 유형=FILE AND 조회수=L1(하) AND 형식=CSV,표준=N,BR,0.14130309718314277,522,[]
"frozenset({'조회수=L1(하)', '형식=CSV', '국가중점=N'})",frozenset({'표준=N'}),0.1408610783812811,0.9968718392542465,0.1408610783812811,1.0,1.0031379768417308,1.0,0.0004406360959968436,inf,0.0036410418234338287,0.1413030971831428,1.0,0.5706515485915714,국가중점=N AND 조회수=L1(하) AND 형식=CSV,표준=N,BR,0.14130309718314277,522,[]
"frozenset({'형식=CSV', '조회수=L3(상)'})","frozenset({'국가중점=N', '표준=N'})",0.14136158410060165,0.9578428203497283,0.1392448619959751,0.985026185734307,1.028379776730647,1.0,0.003842683591949503,2.8153935197967144,0.03213994518633835,0.14505284424796064,0.6448098665538574,0.5651997900149872,조회수=L3(상) AND 형식=CSV,국가중점=N AND 표준=N,BR,0.14105240079707962,524,[]
"frozenset({'형식=CSV', '조회수=L3(상)', '유형=FILE'})","frozenset({'국가중점=N', '표준=N'})",0.14136158410060165,0.9578428203497283,0.1392448619959751,0.985026185734307,1.028379776730647,1.0,0.003842683591949503,2.8153935197967144,0.03213994518633835,0.14505284424796064,0.6448098665538574,0.5651997900149872,유형=FILE AND 조회수=L3(상) AND 형식=CSV,국가중점=N AND 표준=N,BR,0.14105240079707962,524,[]
"frozenset({'형식=CSV', '조회수=L3(상)', '표준=N'})",frozenset({'국가중점=N'}),0.14136158410060165,0.9609709810954818,0.1392448619959751,0.985026185734307,1.025032186311602,1.0,0.0034004818336084708,2.6064847748204567,0.028441399642760854,0.1445817047952102,0.616341514955182,0.564963179672709,조회수=L3(상) AND 표준=N AND 형식=CSV,국가중점=N,BR,0.1405932458465683,527,[]
"frozenset({'형식=CSV', '조회수=L3(상)', '표준=N', '유형=FILE'})",frozenset({'국가중점=N'}),0.14136158410060165,0.9609709810954818,0.1392448619959751,0.985026185734307,1.025032186311602,1.0,0.0034004818336084708,2.6064847748204567,0.028441399642760854,0.1445817047952102,0.616341514955182,0.564963179672709,유형=FILE AND 조회수=L3(상) AND 표준=N AND 형식=CSV,국가중점=N,BR,0.1405932458465683,527,[]
"frozenset({'형식=CSV', '조회수=L3(상)'})",frozenset({'국가중점=N'}),0.14136158410060165,0.9609709810954818,0.1392448619959751,0.985026185734307,1.025032186311602,1.0,0.0034004818336084708,2.6064847748204567,0.028441399642760854,0.1445817047952102,0.616341514955182,0.564963179672709,조회수=L3(상) AND 형식=CSV,국가중점=N,BR,0.1405932458465683,527,[]
"frozenset({'형식=CSV', '조회수=L3(상)', '유형=FILE'})",frozenset({'국가중점=N'}),0.14136158410060165,0.9609709810954818,0.1392448619959751,0.985026185734307,1.025032186311602,1.0,0.0034004818336084708,2.6064847748204567,0.028441399642760854,0.1445817047952102,0.616341514955182,0.564963179672709,유형=FILE AND 조회수=L3(상) AND 형식=CSV,국가중점=N,BR,0.1405932458465683,527,[]
"frozenset({'다운로드=L3(상)', '국가중점=N', '주기=연간'})","frozenset({'형식=CSV', '유형=FILE'})",0.11075774480464635,0.6992794803082281,0.10639917416556312,0.9606477122952364,1.3737679130407239,1.0,0.028948555938458673,7.641754450157913,0.3059627500905751,0.15121293401105496,0.8691399983443153,0.5564015741143062,국가중점=N AND 다운로드=L3(상) AND 주기=연간,유형=FILE AND 형식=CSV,BR,0.1404157352477056,534,[]
"frozenset({'다운로드=L3(상)', '국가중점=N', '주기=연간'})",frozenset({'형식=CSV'}),0.11075774480464635,0.6992794803082281,0.10639917416556312,0.9606477122952364,1.3737679130407239,1.0,0.028948555938458673,7.641754450157913,0.3059627500905751,0.15121293401105496,0.8691399983443153,0.5564015741143062,국가중점=N AND 다운로드=L3(상) AND 주기=연간,형식=CSV,BR,0.1404157352477056,534,[]
"frozenset({'다운로드=L3(상)', '국가중점=N', '주기=연간', '유형=FILE'})","frozenset({'형식=CSV', '표준=N'})",0.11075774480464635,0.6992794803082281,0.10639917416556312,0.9606477122952364,1.3737679130407239,1.0,0.028948555938458673,7.641754450157913,0.3059627500905751,0.15121293401105496,0.8691399983443153,0.5564015741143062,국가중점=N AND 다운로드=L3(상) AND 유형=FILE AND 주기=연간,표준=N AND 형식=CSV,BR,0.1404157352477056,534,[]
"frozenset({'다운로드=L3(상)', '국가중점=N', '표준=N', '주기=연간'})",frozenset({'형식=CSV'}),0.11075774480464635,0.6992794803082281,0.10639917416556312,0.9606477122952364,1.3737679130407239,1.0,0.028948555938458673,7.641754450157913,0.3059627500905751,0.15121293401105496,0.8691399983443153,0.5564015741143062,국가중점=N AND 다운로드=L3(상) AND 주기=연간 AND 표준=N,형식=CSV,BR,0.1404157352477056,534,[]
"frozenset({'다운로드=L3(상)', '국가중점=N', '주기=연간'})","frozenset({'형식=CSV', '표준=N'})",0.11075774480464635,0.6992794803082281,0.10639917416556312,0.9606477122952364,1.3737679130407239,1.0,0.028948555938458673,7.641754450157913,0.3059627500905751,0.15121293401105496,0.8691399983443153,0.5564015741143062,국가중점=N AND 다운로드=L3(상) AND 주기=연간,표준=N AND 형식=CSV,BR,0.1404157352477056,534,[]
"frozenset({'다운로드=L3(상)', '국가중점=N', '주기=연간', '유형=FILE'})",frozenset({'형식=CSV'}),0.11075774480464635,0.6992794803082281,0.10639917416556312,0.9606477122952364,1.3737679130407239,1.0,0.028948555938458673,7.641754450157913,0.3059627500905751,0.15121293401105496,0.8691399983443153,0.5564015741143062,국가중점=N AND 다운로드=L3(상) AND 유형=FILE AND 주기=연간,형식=CSV,BR,0.1404157352477056,534,[]
"frozenset({'다운로드=L3(상)', '국가중점=N', '표준=N', '주기=연간'})","frozenset({'형식=CSV', '유형=FILE'})",0.11075774480464635,0.6992794803082281,0.10639917416556312,0.9606477122952364,1.3737679130407239,1.0,0.028948555938458673,7.641754450157913,0.3059627500905751,0.15121293401105496,0.8691399983443153,0.5564015741143062,국가중점=N AND 다운로드=L3(상) AND 주기=연간 AND 표준=N,유형=FILE AND 형식=CSV,BR,0.1404157352477056,534,[]
"frozenset({'다운로드=L3(상)', '국가중점=N', '주기=연간'})","frozenset({'형식=CSV', '표준=N', '유형=FILE'})",0.11075774480464635,0.6992794803082281,0.10639917416556312,0.9606477122952364,1.3737679130407239,1.0,0.028948555938458673,7.641754450157913,0.3059627500905751,0.15121293401105496,0.8691399983443153,0.5564015741143062,국가중점=N AND 다운로드=L3(상) AND 주기=연간,유형=FILE AND 표준=N AND 형식=CSV,BR,0.1404157352477056,534,[]
"frozenset({'다운로드=L3(상)', '국가중점=N', '주기=연간', '표준=N', '유형=FILE'})",frozenset({'형식=CSV'}),0.11075774480464635,0.6992794803082281,0.10639917416556312,0.9606477122952364,1.3737679130407239,1.0,0.028948555938458673,7.641754450157913,0.3059627500905751,0.15121293401105496,0.8691399983443153,0.5564015741143062,국가중점=N AND 다운로드=L3(상) AND 유형=FILE AND 주기=연간 AND 표준=N,형식=CSV,BR,0.1404157352477056,534,[]
"frozenset({'형식=CSV', '다운로드=L4(최대)'})",frozenset({'표준=N'}),0.13971408610783811,0.9968718392542465,0.13971408610783811,1.0,1.0031379768417308,1.0,0.0004370481197913667,inf,0.0036361873363715703,0.1401525056745081,1.0,0.570076252837254,다운로드=L4(최대) AND 형식=CSV,표준=N,BR,0.1401525056745081,539,[]
"frozenset({'형식=CSV', '다운로드=L4(최대)', '유형=FILE'})",frozenset({'표준=N'}),0.13971408610783811,0.9968718392542465,0.13971408610783811,1.0,1.0031379768417308,1.0,0.0004370481197913667,inf,0.0036361873363715703,0.1401525056745081,1.0,0.570076252837254,다운로드=L4(최대) AND 유형=FILE AND 형식=CSV,표준=N,BR,0.1401525056745081,539,[]
"frozenset({'다운로드=L0(최소)', '유형=FILE'})",frozenset({'표준=N'}),0.13950554205812124,0.9968718392542465,0.13950554205812124,1.0,1.0031379768417308,1.0,0.0004363957604812674,inf,0.003635306092772891,0.13994330721839277,1.0,0.5699716536091963,다운로드=L0(최소) AND 유형=FILE,표준=N,BR,0.13994330721839274,541,[]
"frozenset({'도메인=공공행정', '유형=FILE'})","frozenset({'국가중점=N', '표준=N'})",0.13847324901202257,0.9578428203497283,0.13694045024660334,0.9889307228915662,1.0324561628289777,1.0,0.004304842869937403,3.808485345276237,0.03648856511627411,0.14273913941330554,0.7374284238114961,0.5659491411104903,도메인=공공행정 AND 유형=FILE,국가중점=N AND 표준=N,BR,0.1398199819231129,542,['공공행정']
"frozenset({'형식=CSV', '조회수=L3(상)', '국가중점=N', '유형=FILE'})",frozenset({'표준=N'}),0.1392448619959751,0.9968718392542465,0.1392448619959751,1.0,1.0031379768417308,1.0,0.00043558031134366404,inf,0.0036342051387659685,0.1396818091482485,1.0,0.5698409045741243,국가중점=N AND 유형=FILE AND 조회수=L3(상) AND 형식=CSV,표준=N,BR,0.1396818091482485,543,[]
"frozenset({'형식=CSV', '조회수=L3(상)', '국가중점=N'})",frozenset({'표준=N'}),0.1392448619959751,0.9968718392542465,0.1392448619959751,1.0,1.0031379768417308,1.0,0.00043558031134366404,inf,0.0036342051387659685,0.1396818091482485,1.0,0.5698409045741243,국가중점=N AND 조회수=L3(상) AND 형식=CSV,표준=N,BR,0.1396818091482485,543,[]
"frozenset({'다운로드=L0(최소)', '국가중점=N', '유형=FILE'})",frozenset({'표준=N'}),0.1390363179462582,0.9968718392542465,0.1390363179462582,1.0,1.0031379768417308,1.0,0.00043492795203359247,inf,0.0036333248555753504,0.13947261069213307,1.0,0.5697363053460666,국가중점=N AND 다운로드=L0(최소) AND 유형=FILE,표준=N,BR,0.13947261069213307,545,[]
"frozenset({'표준=N', '조회수=L0(최소)'})","frozenset({'형식=CSV', '유형=FILE'})",0.19998331647602266,0.6992794803082281,0.15739862152383138,0.7870587621878096,1.1255281820094165,1.0,0.017554391908162353,1.412223028199925,0.13940739807194727,0.21216635979029336,0.29189654889381084,0.5060728104066405,조회수=L0(최소) AND 표준=N,유형=FILE AND 형식=CSV,BI,0.1394326419797367,546,[]
"frozenset({'표준=N', '조회수=L0(최소)'})",frozenset({'형식=CSV'}),0.19998331647602266,0.6992794803082281,0.15739862152383138,0.7870587621878096,1.1255281820094165,1.0,0.017554391908162353,1.412223028199925,0.13940739807194727,0.21216635979029336,0.29189654889381084,0.5060728104066405,조회수=L0(최소) AND 표준=N,형식=CSV,BI,0.1394326419797367,546,[]
"frozenset({'도메인=공공행정', '표준=N', '유형=FILE'})",frozenset({'국가중점=N'}),0.13847324901202257,0.9609709810954818,0.13694045024660334,0.9889307228915662,1.0290953029239354,1.0,0.003871676288041054,3.5258868779047643,0.03281697302632899,0.14227523373091966,0.7163834136975366,0.5657164465152276,도메인=공공행정 AND 유형=FILE AND 표준=N,국가중점=N,BR,0.13936483875279027,548,['공공행정']
"frozenset({'도메인=공공행정', '유형=FILE'})",frozenset({'국가중점=N'}),0.13847324901202257,0.9609709810954818,0.13694045024660334,0.9889307228915662,1.0290953029239354,1.0,0.003871676288041054,3.5258868779047643,0.03281697302632899,0.14227523373091966,0.7163834136975366,0.5657164465152276,도메인=공공행정 AND 유형=FILE,국가중점=N,BR,0.13936483875279027,548,['공공행정']
frozenset({'조회수=L0(최소)'}),"frozenset({'형식=CSV', '표준=N', '유형=FILE'})",0.200160578918282,0.6992794803082281,0.15739862152383138,0.7863617420295895,1.1245314129380393,1.0,0.017430435919661064,1.4076154830537075,0.13845368493360533,0.2121156764656287,0.2895787151825148,0.5057243003275306,조회수=L0(최소),유형=FILE AND 표준=N AND 형식=CSV,BI,0.13918578791439845,551,[]
frozenset({'조회수=L0(최소)'}),frozenset({'형식=CSV'}),0.200160578918282,0.6992794803082281,0.15739862152383138,0.7863617420295895,1.1245314129380393,1.0,0.017430435919661064,1.4076154830537075,0.13845368493360533,0.2121156764656287,0.2895787151825148,0.5057243003275306,조회수=L0(최소),형식=CSV,BI,0.13918578791439845,551,[]
frozenset({'조회수=L0(최소)'}),"frozenset({'형식=CSV', '표준=N'})",0.200160578918282,0.6992794803082281,0.15739862152383138,0.7863617420295895,1.1245314129380393,1.0,0.017430435919661064,1.4076154830537075,0.13845368493360533,0.2121156764656287,0.2895787151825148,0.5057243003275306,조회수=L0(최소),표준=N AND 형식=CSV,BI,0.13918578791439845,551,[]
frozenset({'조회수=L0(최소)'}),"frozenset({'형식=CSV', '유형=FILE'})",0.200160578918282,0.6992794803082281,0.15739862152383138,0.7863617420295895,1.1245314129380393,1.0,0.017430435919661064,1.4076154830537075,0.13845368493360533,0.2121156764656287,0.2895787151825148,0.5057243003275306,조회수=L0(최소),유형=FILE AND 형식=CSV,BI,0.13918578791439845,551,[]
"frozenset({'형식=CSV', '조회수=L2(중)'})","frozenset({'국가중점=N', '표준=N'})",0.13467774730717497,0.9578428203497283,0.13416681438536854,0.9962062558067512,1.0400519110672204,1.0,0.005166701066316032,11.112288415569083,0.04450310927046081,0.13999717111490714,0.9100095351557892,0.5681390521359033,조회수=L2(중) AND 형식=CSV,국가중점=N AND 표준=N,BR,0.13901107092493087,554,[]
"frozenset({'형식=CSV', '유형=FILE', '조회수=L2(중)'})","frozenset({'국가중점=N', '표준=N'})",0.13467774730717497,0.9578428203497283,0.13416681438536854,0.9962062558067512,1.0400519110672204,1.0,0.005166701066316032,11.112288415569083,0.04450310927046081,0.13999717111490714,0.9100095351557892,0.5681390521359033,유형=FILE AND 조회수=L2(중) AND 형식=CSV,국가중점=N AND 표준=N,BR,0.13901107092493087,554,[]
"frozenset({'도메인=공공행정', '유형=FILE'})",frozenset({'표준=N'}),0.13847324901202257,0.9968718392542465,0.13847324901202257,1.0,1.0031379768417308,1.0,0.00043316658189634927,inf,0.0036309502196723844,0.13890777486062156,1.0,0.5694538874303108,도메인=공공행정 AND 유형=FILE,표준=N,BR,0.13890777486062153,556,['공공행정']
"frozenset({'다운로드=L3(상)', '표준=N', '주기=연간', '유형=FILE'})","frozenset({'형식=CSV', '국가중점=N'})",0.11242609720238157,0.6867564101227281,0.10639917416556312,0.9463921350398813,1.3780608685847642,1.0,0.029189831246746664,5.843239422243504,0.30909273888070177,0.15358217940999397,0.8288620527522298,0.5506610701010952,다운로드=L3(상) AND 유형=FILE AND 주기=연간 AND 표준=N,국가중점=N AND 형식=CSV,BI,0.13876430991466368,561,[]
"frozenset({'다운로드=L3(상)', '주기=연간'})","frozenset({'형식=CSV', '국가중점=N'})",0.11242609720238157,0.6867564101227281,0.10639917416556312,0.9463921350398813,1.3780608685847642,1.0,0.029189831246746664,5.843239422243504,0.30909273888070177,0.15358217940999397,0.8288620527522298,0.5506610701010952,다운로드=L3(상) AND 주기=연간,국가중점=N AND 형식=CSV,BI,0.13876430991466368,561,[]
"frozenset({'다운로드=L3(상)', '주기=연간', '유형=FILE'})","frozenset({'형식=CSV', '국가중점=N'})",0.11242609720238157,0.6867564101227281,0.10639917416556312,0.9463921350398813,1.3780608685847642,1.0,0.029189831246746664,5.843239422243504,0.30909273888070177,0.15358217940999397,0.8288620527522298,0.5506610701010952,다운로드=L3(상) AND 유형=FILE AND 주기=연간,국가중점=N AND 형식=CSV,BI,0.13876430991466368,561,[]
"frozenset({'다운로드=L3(상)', '주기=연간'})","frozenset({'형식=CSV', '국가중점=N', '표준=N'})",0.11242609720238157,0.6867564101227281,0.10639917416556312,0.9463921350398813,1.3780608685847642,1.0,0.029189831246746664,5.843239422243504,0.30909273888070177,0.15358217940999397,0.8288620527522298,0.5506610701010952,다운로드=L3(상) AND 주기=연간,국가중점=N AND 표준=N AND 형식=CSV,BI,0.13876430991466368,561,[]
"frozenset({'다운로드=L3(상)', '표준=N', '주기=연간'})","frozenset({'형식=CSV', '국가중점=N'})",0.11242609720238157,0.6867564101227281,0.10639917416556312,0.9463921350398813,1.3780608685847642,1.0,0.029189831246746664,5.843239422243504,0.30909273888070177,0.15358217940999397,0.8288620527522298,0.5506610701010952,다운로드=L3(상) AND 주기=연간 AND 표준=N,국가중점=N AND 형식=CSV,BI,0.13876430991466368,561,[]
"frozenset({'다운로드=L3(상)', '주기=연간'})","frozenset({'형식=CSV', '국가중점=N', '유형=FILE'})",0.11242609720238157,0.6867564101227281,0.10639917416556312,0.9463921350398813,1.3780608685847642,1.0,0.029189831246746664,5.843239422243504,0.30909273888070177,0.15358217940999397,0.8288620527522298,0.5506610701010952,다운로드=L3(상) AND 주기=연간,국가중점=N AND 유형=FILE AND 형식=CSV,BI,0.13876430991466368,561,[]
"frozenset({'다운로드=L3(상)', '주기=연간'})","frozenset({'형식=CSV', '국가중점=N', '표준=N', '유형=FILE'})",0.11242609720238157,0.6867564101227281,0.10639917416556312,0.9463921350398813,1.3780608685847642,1.0,0.029189831246746664,5.843239422243504,0.30909273888070177,0.15358217940999397,0.8288620527522298,0.5506610701010952,다운로드=L3(상) AND 주기=연간,국가중점=N AND 유형=FILE AND 표준=N AND 형식=CSV,BI,0.13876430991466368,561,[]
"frozenset({'다운로드=L3(상)', '주기=연간', '유형=FILE'})","frozenset({'형식=CSV', '국가중점=N', '표준=N'})",0.11242609720238157,0.6867564101227281,0.10639917416556312,0.9463921350398813,1.3780608685847642,1.0,0.029189831246746664,5.843239422243504,0.30909273888070177,0.15358217940999397,0.8288620527522298,0.5506610701010952,다운로드=L3(상) AND 유형=FILE AND 주기=연간,국가중점=N AND 표준=N AND 형식=CSV,BI,0.13876430991466368,561,[]
"frozenset({'다운로드=L3(상)', '표준=N', '주기=연간'})","frozenset({'형식=CSV', '국가중점=N', '유형=FILE'})",0.11242609720238157,0.6867564101227281,0.10639917416556312,0.9463921350398813,1.3780608685847642,1.0,0.029189831246746664,5.843239422243504,0.30909273888070177,0.15358217940999397,0.8288620527522298,0.5506610701010952,다운로드=L3(상) AND 주기=연간 AND 표준=N,국가중점=N AND 유형=FILE AND 형식=CSV,BI,0.13876430991466368,561,[]
"frozenset({'형식=CSV', '표준=N', '유형=FILE', '조회수=L2(중)'})",frozenset({'국가중점=N'}),0.13467774730717497,0.9609709810954818,0.13416681438536854,0.9962062558067512,1.036666325419215,1.0,0.004745407423863229,10.287730778994582,0.040874318526738555,0.13954169332711555,0.9027968342599134,0.5679110706117089,유형=FILE AND 조회수=L2(중) AND 표준=N AND 형식=CSV,국가중점=N,BR,0.1385585609284304,567,[]
"frozenset({'형식=CSV', '유형=FILE', '조회수=L2(중)'})",frozenset({'국가중점=N'}),0.13467774730717497,0.9609709810954818,0.13416681438536854,0.9962062558067512,1.036666325419215,1.0,0.004745407423863229,10.287730778994582,0.040874318526738555,0.13954169332711555,0.9027968342599134,0.5679110706117089,유형=FILE AND 조회수=L2(중) AND 형식=CSV,국가중점=N,BR,0.1385585609284304,567,[]
"frozenset({'형식=CSV', '조회수=L2(중)'})",frozenset({'국가중점=N'}),0.13467774730717497,0.9609709810954818,0.13416681438536854,0.9962062558067512,1.036666325419215,1.0,0.004745407423863229,10.287730778994582,0.040874318526738555,0.13954169332711555,0.9027968342599134,0.5679110706117089,조회수=L2(중) AND 형식=CSV,국가중점=N,BR,0.1385585609284304,567,[]
"frozenset({'형식=CSV', '표준=N', '조회수=L2(중)'})",frozenset({'국가중점=N'}),0.13467774730717497,0.9609709810954818,0.13416681438536854,0.9962062558067512,1.036666325419215,1.0,0.004745407423863229,10.287730778994582,0.040874318526738555,0.13954169332711555,0.9027968342599134,0.5679110706117089,조회수=L2(중) AND 표준=N AND 형식=CSV,국가중점=N,BR,0.1385585609284304,567,[]
"frozenset({'도메인=공공행정', '국가중점=N', '유형=FILE'})",frozenset({'표준=N'}),0.13694045024660334,0.9968718392542465,0.13694045024660334,1.0,1.0031379768417308,1.0,0.00042837174096724273,inf,0.0036245016310257764,0.1373701662081734,1.0,0.5686850831040867,국가중점=N AND 도메인=공공행정 AND 유형=FILE,표준=N,BR,0.13737016620817336,570,['공공행정']
"frozenset({'조회수=L3(상)', '유형=FILE'})","frozenset({'형식=CSV', '표준=N'})",0.1726223371531652,0.6992794803082281,0.14136158410060165,0.8189066747206282,1.1710720788770619,1.0,0.02065032588654457,1.6605831232479265,0.1765597538356132,0.1935028046987625,0.3978019010309433,0.5105299369756012,유형=FILE AND 조회수=L3(상),표준=N AND 형식=CSV,BI,0.13556558131555954,572,[]
"frozenset({'조회수=L3(상)', '유형=FILE'})",frozenset({'형식=CSV'}),0.1726223371531652,0.6992794803082281,0.14136158410060165,0.8189066747206282,1.1710720788770619,1.0,0.02065032588654457,1.6605831232479265,0.1765597538356132,0.1935028046987625,0.3978019010309433,0.5105299369756012,유형=FILE AND 조회수=L3(상),형식=CSV,BI,0.13556558131555954,572,[]
"frozenset({'조회수=L3(상)', '표준=N', '유형=FILE'})",frozenset({'형식=CSV'}),0.1726223371531652,0.6992794803082281,0.14136158410060165,0.8189066747206282,1.1710720788770619,1.0,0.02065032588654457,1.6605831232479265,0.1765597538356132,0.1935028046987625,0.3978019010309433,0.5105299369756012,유형=FILE AND 조회수=L3(상) AND 표준=N,형식=CSV,BI,0.13556558131555954,572,[]
"frozenset({'형식=CSV', '유형=FILE', '조회수=L2(중)'})",frozenset({'표준=N'}),0.13467774730717497,0.9968718392542465,0.13467774730717497,1.0,1.0031379768417308,1.0,0.00042129364245280243,inf,0.003615024039909742,0.13510036295932137,1.0,0.5675501814796606,유형=FILE AND 조회수=L2(중) AND 형식=CSV,표준=N,BR,0.13510036295932135,574,[]
"frozenset({'형식=CSV', '조회수=L2(중)'})",frozenset({'표준=N'}),0.13467774730717497,0.9968718392542465,0.13467774730717497,1.0,1.0031379768417308,1.0,0.00042129364245280243,inf,0.003615024039909742,0.13510036295932137,1.0,0.5675501814796606,조회수=L2(중) AND 형식=CSV,표준=N,BR,0.13510036295932135,574,[]
"frozenset({'형식=CSV', '국가중점=N', '조회수=L2(중)'})",frozenset({'표준=N'}),0.13416681438536854,0.9968718392542465,0.13416681438536854,1.0,1.0031379768417308,1.0,0.00041969536214311876,inf,0.0036128907943543415,0.1345878267418386,1.0,0.5672939133709193,국가중점=N AND 조회수=L2(중) AND 형식=CSV,표준=N,BR,0.1345878267418386,576,[]
"frozenset({'형식=CSV', '국가중점=N', '유형=FILE', '조회수=L2(중)'})",frozenset({'표준=N'}),0.13416681438536854,0.9968718392542465,0.13416681438536854,1.0,1.0031379768417308,1.0,0.00041969536214311876,inf,0.0036128907943543415,0.1345878267418386,1.0,0.5672939133709193,국가중점=N AND 유형=FILE AND 조회수=L2(중) AND 형식=CSV,표준=N,BR,0.1345878267418386,576,[]
"frozenset({'도메인=공공행정', '국가중점=N', '표준=N'})",frozenset({'유형=FILE'}),0.148201828931316,0.8711614860848983,0.13694045024660334,0.924013227327095,1.0606681333901922,1.0,0.007832724714298217,1.695538702106799,0.06714975130792986,0.15518687889207938,0.41021694240453155,0.5406030922923433,국가중점=N AND 도메인=공공행정 AND 표준=N,유형=FILE,BI,0.1342114167435009,578,['공공행정']
"frozenset({'형식=CSV', '국가중점=N', '다운로드=L4(최대)', '유형=FILE'})",frozenset({'표준=N'}),0.13345776461633108,0.9968718392542465,0.13345776461633108,1.0,1.0031379768417308,1.0,0.000417477340488831,inf,0.0036099345398537706,0.13387655199104628,1.0,0.5669382759955232,국가중점=N AND 다운로드=L4(최대) AND 유형=FILE AND 형식=CSV,표준=N,BR,0.13387655199104628,579,[]
"frozenset({'형식=CSV', '국가중점=N', '다운로드=L4(최대)'})",frozenset({'표준=N'}),0.13345776461633108,0.9968718392542465,0.13345776461633108,1.0,1.0031379768417308,1.0,0.000417477340488831,inf,0.0036099345398537706,0.13387655199104628,1.0,0.5669382759955232,국가중점=N AND 다운로드=L4(최대) AND 형식=CSV,표준=N,BR,0.13387655199104628,579,[]
"frozenset({'도메인=공공행정', '국가중점=N'})","frozenset({'표준=N', '유형=FILE'})",0.1484103729810329,0.8711614860848983,0.13694045024660334,0.9227148176772291,1.0591776982979557,1.0,0.0076510491700326755,1.667053244139677,0.0656083142046273,0.15515021205713136,0.40013913561826636,0.5399538874674104,국가중점=N AND 도메인=공공행정,유형=FILE AND 표준=N,BI,0.13383449797500588,581,['공공행정']
"frozenset({'도메인=공공행정', '국가중점=N'})",frozenset({'유형=FILE'}),0.1484103729810329,0.8711614860848983,0.13694045024660334,0.9227148176772291,1.0591776982979557,1.0,0.0076510491700326755,1.667053244139677,0.0656083142046273,0.15515021205713136,0.40013913561826636,0.5399538874674104,국가중점=N AND 도메인=공공행정,유형=FILE,BI,0.13383449797500588,581,['공공행정']
"frozenset({'조회수=L3(상)', '국가중점=N', '유형=FILE'})",frozenset({'형식=CSV'}),0.16993211891181714,0.6992794803082281,0.1392448619959751,0.8194146161870284,1.1717984572146278,1.0,0.0204148181956436,1.6652539277665002,0.17662522500971933,0.19075507813615977,0.39949098253067217,0.5092704054795542,국가중점=N AND 유형=FILE AND 조회수=L3(상),형식=CSV,BI,0.1337013545882583,584,[]
"frozenset({'조회수=L3(상)', '국가중점=N', '표준=N', '유형=FILE'})",frozenset({'형식=CSV'}),0.16993211891181714,0.6992794803082281,0.1392448619959751,0.8194146161870284,1.1717984572146278,1.0,0.0204148181956436,1.6652539277665002,0.17662522500971933,0.19075507813615977,0.39949098253067217,0.5092704054795542,국가중점=N AND 유형=FILE AND 조회수=L3(상) AND 표준=N,형식=CSV,BI,0.1337013545882583,584,[]
"frozenset({'조회수=L3(상)', '국가중점=N', '유형=FILE'})","frozenset({'형식=CSV', '표준=N'})",0.16993211891181714,0.6992794803082281,0.1392448619959751,0.8194146161870284,1.1717984572146278,1.0,0.0204148181956436,1.6652539277665002,0.17662522500971933,0.19075507813615977,0.39949098253067217,0.5092704054795542,국가중점=N AND 유형=FILE AND 조회수=L3(상),표준=N AND 형식=CSV,BI,0.1337013545882583,584,[]
"frozenset({'형식=CSV', '국가중점=N', '표준=N', '조회수=L4(최대)'})",frozenset({'유형=FILE'}),0.11509546103875791,0.8711614860848983,0.11509546103875791,1.0,1.1478928028534836,1.0,0.014828728158607057,inf,0.1455959465032699,0.13211725136749375,1.0,0.5660586256837469,국가중점=N AND 조회수=L4(최대) AND 표준=N AND 형식=CSV,유형=FILE,BR,0.13211725136749375,587,[]
"frozenset({'형식=CSV', '국가중점=N', '조회수=L4(최대)'})","frozenset({'표준=N', '유형=FILE'})",0.11509546103875791,0.8711614860848983,0.11509546103875791,1.0,1.1478928028534836,1.0,0.014828728158607057,inf,0.1455959465032699,0.13211725136749375,1.0,0.5660586256837469,국가중점=N AND 조회수=L4(최대) AND 형식=CSV,유형=FILE AND 표준=N,BR,0.13211725136749375,587,[]
"frozenset({'조회수=L4(최대)', '국가중점=N', '형식=CSV'})",frozenset({'유형=FILE'}),0.11509546103875791,0.8711614860848983,0.11509546103875791,1.0,1.1478928028534836,1.0,0.014828728158607057,inf,0.1455959465032699,0.13211725136749375,1.0,0.5660586256837469,국가중점=N AND 조회수=L4(최대) AND 형식=CSV,유형=FILE,BR,0.13211725136749375,587,[]
"frozenset({'조회수=L3(상)', '표준=N', '유형=FILE'})","frozenset({'형식=CSV', '국가중점=N'})",0.1726223371531652,0.6867564101227281,0.1392448619959751,0.8066445182724252,1.1745715167453221,1.0,0.020695365425672144,1.6200398720456841,0.1796346567191474,0.19335968608372067,0.38273124183217594,0.5047008993232704,유형=FILE AND 조회수=L3(상) AND 표준=N,국가중점=N AND 형식=CSV,BI,0.1319291702238386,590,[]
"frozenset({'조회수=L3(상)', '유형=FILE'})","frozenset({'형식=CSV', '국가중점=N'})",0.1726223371531652,0.6867564101227281,0.1392448619959751,0.8066445182724252,1.1745715167453221,1.0,0.020695365425672144,1.6200398720456841,0.1796346567191474,0.19335968608372067,0.38273124183217594,0.5047008993232704,유형=FILE AND 조회수=L3(상),국가중점=N AND 형식=CSV,BI,0.1319291702238386,590,[]
"frozenset({'조회수=L3(상)', '유형=FILE'})","frozenset({'형식=CSV', '국가중점=N', '표준=N'})",0.1726223371531652,0.6867564101227281,0.1392448619959751,0.8066445182724252,1.1745715167453221,1.0,0.020695365425672144,1.6200398720456841,0.1796346567191474,0.19335968608372067,0.38273124183217594,0.5047008993232704,유형=FILE AND 조회수=L3(상),국가중점=N AND 표준=N AND 형식=CSV,BI,0.1319291702238386,590,[]
"frozenset({'형식=CSV', '다운로드=L1(하)'})","frozenset({'국가중점=N', '표준=N'})",0.12927645641950722,0.9578428203497283,0.1281398913485501,0.9912082593966769,1.0348339397008437,1.0,0.004313365726870577,4.795089112881364,0.03865909154150356,0.13362111146147074,0.791453302230894,0.56249396205192,다운로드=L1(하) AND 형식=CSV,국가중점=N AND 표준=N,BR,0.1314376929463823,592,[]
"frozenset({'다운로드=L1(하)', '유형=FILE', '형식=CSV'})","frozenset({'국가중점=N', '표준=N'})",0.12927645641950722,0.9578428203497283,0.1281398913485501,0.9912082593966769,1.0348339397008437,1.0,0.004313365726870577,4.795089112881364,0.03865909154150356,0.13362111146147074,0.791453302230894,0.56249396205192,다운로드=L1(하) AND 유형=FILE AND 형식=CSV,국가중점=N AND 표준=N,BR,0.1314376929463823,592,[]
"frozenset({'형식=CSV', '표준=N', '다운로드=L1(하)'})",frozenset({'국가중점=N'}),0.12927645641950722,0.9609709810954818,0.1281398913485501,0.9912082593966769,1.0314653396367135,1.0,0.00390896819054895,4.439282352093731,0.03503462694337666,0.13318666074196103,0.7747383651935627,0.5622762217122274,다운로드=L1(하) AND 표준=N AND 형식=CSV,국가중점=N,BR,0.13100983587298917,595,[]
"frozenset({'형식=CSV', '다운로드=L1(하)', '유형=FILE'})",frozenset({'국가중점=N'}),0.12927645641950722,0.9609709810954818,0.1281398913485501,0.9912082593966769,1.0314653396367135,1.0,0.00390896819054895,4.439282352093731,0.03503462694337666,0.13318666074196103,0.7747383651935627,0.5622762217122274,다운로드=L1(하) AND 유형=FILE AND 형식=CSV,국가중점=N,BR,0.13100983587298917,595,[]
"frozenset({'다운로드=L1(하)', '표준=N', '유형=FILE', '형식=CSV'})",frozenset({'국가중점=N'}),0.12927645641950722,0.9609709810954818,0.1281398913485501,0.9912082593966769,1.0314653396367135,1.0,0.00390896819054895,4.439282352093731,0.03503462694337666,0.13318666074196103,0.7747383651935627,0.5622762217122274,다운로드=L1(하) AND 유형=FILE AND 표준=N AND 형식=CSV,국가중점=N,BR,0.13100983587298917,595,[]
"frozenset({'형식=CSV', '다운로드=L1(하)'})",frozenset({'국가중점=N'}),0.12927645641950722,0.9609709810954818,0.1281398913485501,0.9912082593966769,1.0314653396367135,1.0,0.00390896819054895,4.439282352093731,0.03503462694337666,0.13318666074196103,0.7747383651935627,0.5622762217122274,다운로드=L1(하) AND 형식=CSV,국가중점=N,BR,0.13100983587298917,595,[]
"frozenset({'형식=CSV', '도메인=공공행정', '표준=N'})",frozenset({'유형=FILE'}),0.11376077912056974,0.8711614860848983,0.11376077912056974,1.0,1.1478928028534836,1.0,0.014656769723718335,inf,0.1453766780793712,0.13058517959950686,1.0,0.5652925897997534,도메인=공공행정 AND 표준=N AND 형식=CSV,유형=FILE,BR,0.13058517959950686,599,['공공행정']
"frozenset({'형식=CSV', '도메인=공공행정'})","frozenset({'표준=N', '유형=FILE'})",0.11376077912056974,0.8711614860848983,0.11376077912056974,1.0,1.1478928028534836,1.0,0.014656769723718335,inf,0.1453766780793712,0.13058517959950686,1.0,0.5652925897997534,도메인=공공행정 AND 형식=CSV,유형=FILE AND 표준=N,BR,0.13058517959950686,599,['공공행정']
"frozenset({'형식=CSV', '도메인=공공행정'})",frozenset({'유형=FILE'}),0.11376077912056974,0.8711614860848983,0.11376077912056974,1.0,1.1478928028534836,1.0,0.014656769723718335,inf,0.1453766780793712,0.13058517959950686,1.0,0.5652925897997534,도메인=공공행정 AND 형식=CSV,유형=FILE,BR,0.13058517959950686,599,['공공행정']
"frozenset({'국가중점=N', '표준=N', '다운로드=L2(중)'})",frozenset({'형식=CSV'}),0.1935393053397704,0.6992794803082281,0.1505166678831736,0.7777059425677495,1.1121532441148605,1.0,0.015178603025963494,1.3528050329614583,0.12504432939954754,0.20277009088482773,0.2607951806544689,0.4964756544325558,국가중점=N AND 다운로드=L2(중) AND 표준=N,형식=CSV,BI,0.13018610866459063,601,[]
"frozenset({'국가중점=N', '표준=N', '다운로드=L2(중)'})","frozenset({'형식=CSV', '유형=FILE'})",0.1935393053397704,0.6992794803082281,0.1505166678831736,0.7777059425677495,1.1121532441148605,1.0,0.015178603025963494,1.3528050329614583,0.12504432939954754,0.20277009088482773,0.2607951806544689,0.4964756544325558,국가중점=N AND 다운로드=L2(중) AND 표준=N,유형=FILE AND 형식=CSV,BI,0.13018610866459063,601,[]
"frozenset({'국가중점=N', '다운로드=L2(중)'})",frozenset({'형식=CSV'}),0.19364357736462884,0.6992794803082281,0.1505166678831736,0.7772871681654192,1.1115543785480548,1.0,0.015105687738609791,1.3502613083162227,0.1244597309893539,0.20274161153948794,0.25940261056061725,0.49626626723139067,국가중점=N AND 다운로드=L2(중),형식=CSV,BI,0.13004594275241624,604,[]
"frozenset({'국가중점=N', '다운로드=L2(중)'})","frozenset({'형식=CSV', '표준=N'})",0.19364357736462884,0.6992794803082281,0.1505166678831736,0.7772871681654192,1.1115543785480548,1.0,0.015105687738609791,1.3502613083162227,0.1244597309893539,0.20274161153948794,0.25940261056061725,0.49626626723139067,국가중점=N AND 다운로드=L2(중),표준=N AND 형식=CSV,BI,0.13004594275241624,604,[]
"frozenset({'국가중점=N', '다운로드=L2(중)'})","frozenset({'형식=CSV', '표준=N', '유형=FILE'})",0.19364357736462884,0.6992794803082281,0.1505166678831736,0.7772871681654192,1.1115543785480548,1.0,0.015105687738609791,1.3502613083162227,0.1244597309893539,0.20274161153948794,0.25940261056061725,0.49626626723139067,국가중점=N AND 다운로드=L2(중),유형=FILE AND 표준=N AND 형식=CSV,BI,0.13004594275241624,604,[]
"frozenset({'국가중점=N', '다운로드=L2(중)'})","frozenset({'형식=CSV', '유형=FILE'})",0.19364357736462884,0.6992794803082281,0.1505166678831736,0.7772871681654192,1.1115543785480548,1.0,0.015105687738609791,1.3502613083162227,0.1244597309893539,0.20274161153948794,0.25940261056061725,0.49626626723139067,국가중점=N AND 다운로드=L2(중),유형=FILE AND 형식=CSV,BI,0.13004594275241624,604,[]
"frozenset({'형식=CSV', '다운로드=L1(하)', '유형=FILE'})",frozenset({'표준=N'}),0.12927645641950722,0.9968718392542465,0.12927645641950722,1.0,1.0031379768417308,1.0,0.0004043975363216268,inf,0.0035925992455542338,0.12968212294593268,1.0,0.5648410614729663,다운로드=L1(하) AND 유형=FILE AND 형식=CSV,표준=N,BR,0.12968212294593265,607,[]
"frozenset({'형식=CSV', '다운로드=L1(하)'})",frozenset({'표준=N'}),0.12927645641950722,0.9968718392542465,0.12927645641950722,1.0,1.0031379768417308,1.0,0.0004043975363216268,inf,0.0035925992455542338,0.12968212294593268,1.0,0.5648410614729663,다운로드=L1(하) AND 형식=CSV,표준=N,BR,0.12968212294593265,607,[]
"frozenset({'형식=CSV', '도메인=공공행정', '국가중점=N'})",frozenset({'유형=FILE'}),0.11251994202475418,0.8711614860848983,0.11251994202475418,1.0,1.1478928028534836,1.0,0.014496902116282726,inf,0.14517341855437538,0.12916083162770658,1.0,0.5645804158138533,국가중점=N AND 도메인=공공행정 AND 형식=CSV,유형=FILE,BR,0.12916083162770656,610,['공공행정']
"frozenset({'형식=CSV', '도메인=공공행정', '국가중점=N'})","frozenset({'표준=N', '유형=FILE'})",0.11251994202475418,0.8711614860848983,0.11251994202475418,1.0,1.1478928028534836,1.0,0.014496902116282726,inf,0.14517341855437538,0.12916083162770658,1.0,0.5645804158138533,국가중점=N AND 도메인=공공행정 AND 형식=CSV,유형=FILE AND 표준=N,BR,0.12916083162770656,610,['공공행정']
"frozenset({'형식=CSV', '도메인=공공행정', '국가중점=N', '표준=N'})",frozenset({'유형=FILE'}),0.11251994202475418,0.8711614860848983,0.11251994202475418,1.0,1.1478928028534836,1.0,0.014496902116282726,inf,0.14517341855437538,0.12916083162770658,1.0,0.5645804158138533,국가중점=N AND 도메인=공공행정 AND 표준=N AND 형식=CSV,유형=FILE,BR,0.12916083162770656,610,['공공행정']
"frozenset({'다운로드=L3(상)', '표준=N', '주기=연간'})",frozenset({'유형=FILE'}),0.11242609720238157,0.8711614860848983,0.11242609720238157,1.0,1.1478928028534836,1.0,0.014484811288829613,inf,0.14515806910163176,0.12905310783152,1.0,0.56452655391576,다운로드=L3(상) AND 주기=연간 AND 표준=N,유형=FILE,BR,0.12905310783151996,613,[]
"frozenset({'다운로드=L3(상)', '주기=연간'})","frozenset({'표준=N', '유형=FILE'})",0.11242609720238157,0.8711614860848983,0.11242609720238157,1.0,1.1478928028534836,1.0,0.014484811288829613,inf,0.14515806910163176,0.12905310783152,1.0,0.56452655391576,다운로드=L3(상) AND 주기=연간,유형=FILE AND 표준=N,BR,0.12905310783151996,613,[]
"frozenset({'다운로드=L3(상)', '주기=연간'})",frozenset({'유형=FILE'}),0.11242609720238157,0.8711614860848983,0.11242609720238157,1.0,1.1478928028534836,1.0,0.014484811288829613,inf,0.14515806910163176,0.12905310783152,1.0,0.56452655391576,다운로드=L3(상) AND 주기=연간,유형=FILE,BR,0.12905310783151996,613,[]
"frozenset({'형식=CSV', '도메인=공공행정'})","frozenset({'국가중점=N', '유형=FILE'})",0.11376077912056974,0.8547803509796357,0.11251994202475418,0.9890925756186985,1.1571306880008787,1.0,0.015279463320356776,13.313835048841822,0.15322429595866263,0.13144527681344786,0.9248901615250978,0.5603643321149997,도메인=공공행정 AND 형식=CSV,국가중점=N AND 유형=FILE,BR,0.12878012824298862,616,['공공행정']
"frozenset({'형식=CSV', '도메인=공공행정'})","frozenset({'국가중점=N', '표준=N', '유형=FILE'})",0.11376077912056974,0.8547803509796357,0.11251994202475418,0.9890925756186985,1.1571306880008787,1.0,0.015279463320356776,13.313835048841822,0.15322429595866263,0.13144527681344786,0.9248901615250978,0.5603643321149997,도메인=공공행정 AND 형식=CSV,국가중점=N AND 유형=FILE AND 표준=N,BR,0.12878012824298862,616,['공공행정']
"frozenset({'형식=CSV', '도메인=공공행정', '표준=N'})","frozenset({'국가중점=N', '유형=FILE'})",0.11376077912056974,0.8547803509796357,0.11251994202475418,0.9890925756186985,1.1571306880008787,1.0,0.015279463320356776,13.313835048841822,0.15322429595866263,0.13144527681344786,0.9248901615250978,0.5603643321149997,도메인=공공행정 AND 표준=N AND 형식=CSV,국가중점=N AND 유형=FILE,BR,0.12878012824298862,616,['공공행정']
"frozenset({'형식=CSV', '국가중점=N', '다운로드=L1(하)'})",frozenset({'표준=N'}),0.1281398913485501,0.9968718392542465,0.1281398913485501,1.0,1.0031379768417308,1.0,0.00040084217808164513,inf,0.003587915899251226,0.12854199136010375,1.0,0.5642709956800519,국가중점=N AND 다운로드=L1(하) AND 형식=CSV,표준=N,BR,0.12854199136010375,618,[]
"frozenset({'다운로드=L1(하)', '국가중점=N', '유형=FILE', '형식=CSV'})",frozenset({'표준=N'}),0.1281398913485501,0.9968718392542465,0.1281398913485501,1.0,1.0031379768417308,1.0,0.00040084217808164513,inf,0.003587915899251226,0.12854199136010375,1.0,0.5642709956800519,국가중점=N AND 다운로드=L1(하) AND 유형=FILE AND 형식=CSV,표준=N,BR,0.12854199136010375,618,[]
"frozenset({'주기=수시', '조회수=L0(최소)'})","frozenset({'국가중점=N', '표준=N', '유형=FILE'})",0.10942306288645819,0.8547803509796357,0.10939178127900066,0.999714122355632,1.169556741927786,1.0,0.01585909717964719,507.97833227352146,0.16278797542105214,0.12797179765549713,0.9980314120968027,0.5638453016384386,조회수=L0(최소) AND 주기=수시,국가중점=N AND 유형=FILE AND 표준=N,BR,0.1279033201504541,621,[]
"frozenset({'표준=N', '주기=수시', '조회수=L0(최소)'})","frozenset({'국가중점=N', '유형=FILE'})",0.10942306288645819,0.8547803509796357,0.10939178127900066,0.999714122355632,1.169556741927786,1.0,0.01585909717964719,507.97833227352146,0.16278797542105214,0.12797179765549713,0.9980314120968027,0.5638453016384386,조회수=L0(최소) AND 주기=수시 AND 표준=N,국가중점=N AND 유형=FILE,BR,0.1279033201504541,621,[]
"frozenset({'주기=수시', '조회수=L0(최소)'})","frozenset({'국가중점=N', '유형=FILE'})",0.10942306288645819,0.8547803509796357,0.10939178127900066,0.999714122355632,1.169556741927786,1.0,0.01585909717964719,507.97833227352146,0.16278797542105214,0.12797179765549713,0.9980314120968027,0.5638453016384386,조회수=L0(최소) AND 주기=수시,국가중점=N AND 유형=FILE,BR,0.1279033201504541,621,[]
"frozenset({'다운로드=L3(상)', '국가중점=N', '표준=N', '주기=연간'})",frozenset({'유형=FILE'}),0.11075774480464635,0.8711614860848983,0.11075774480464635,1.0,1.1478928028534836,1.0,0.014269863245218714,inf,0.14488573070203212,0.12713801812153638,1.0,0.5635690090607682,국가중점=N AND 다운로드=L3(상) AND 주기=연간 AND 표준=N,유형=FILE,BR,0.12713801812153636,624,[]
"frozenset({'다운로드=L3(상)', '국가중점=N', '주기=연간'})",frozenset({'유형=FILE'}),0.11075774480464635,0.8711614860848983,0.11075774480464635,1.0,1.1478928028534836,1.0,0.014269863245218714,inf,0.14488573070203212,0.12713801812153638,1.0,0.5635690090607682,국가중점=N AND 다운로드=L3(상) AND 주기=연간,유형=FILE,BR,0.12713801812153636,624,[]
"frozenset({'다운로드=L3(상)', '국가중점=N', '주기=연간'})","frozenset({'표준=N', '유형=FILE'})",0.11075774480464635,0.8711614860848983,0.11075774480464635,1.0,1.1478928028534836,1.0,0.014269863245218714,inf,0.14488573070203212,0.12713801812153638,1.0,0.5635690090607682,국가중점=N AND 다운로드=L3(상) AND 주기=연간,유형=FILE AND 표준=N,BR,0.12713801812153636,624,[]
"frozenset({'표준=N', '다운로드=L2(중)'})","frozenset({'형식=CSV', '유형=FILE'})",0.19922213069455597,0.6992794803082281,0.152174593078423,0.7638438186956976,1.092329805472071,1.0,0.012862645060435995,1.2733967750955215,0.10555433506126377,0.20389800908138317,0.21469881221822093,0.49073004498150674,다운로드=L2(중) AND 표준=N,유형=FILE AND 형식=CSV,BI,0.12696981933964152,626,[]
"frozenset({'표준=N', '다운로드=L2(중)'})",frozenset({'형식=CSV'}),0.19922213069455597,0.6992794803082281,0.152174593078423,0.7638438186956976,1.092329805472071,1.0,0.012862645060435995,1.2733967750955215,0.10555433506126377,0.20389800908138317,0.21469881221822093,0.49073004498150674,다운로드=L2(중) AND 표준=N,형식=CSV,BI,0.12696981933964152,626,[]
frozenset({'다운로드=L2(중)'}),"frozenset({'형식=CSV', '표준=N'})",0.1993264027194144,0.6992794803082281,0.152174593078423,0.7634442351956476,1.0917583837282585,1.0,0.01278972977308232,1.2712457882414667,0.10496964100028805,0.2038695257386324,0.21337005852871702,0.4905302532314817,다운로드=L2(중),표준=N AND 형식=CSV,BI,0.126837012676127,629,[]
frozenset({'다운로드=L2(중)'}),"frozenset({'형식=CSV', '유형=FILE'})",0.1993264027194144,0.6992794803082281,0.152174593078423,0.7634442351956476,1.0917583837282585,1.0,0.01278972977308232,1.2712457882414667,0.10496964100028805,0.2038695257386324,0.21337005852871702,0.4905302532314817,다운로드=L2(중),유형=FILE AND 형식=CSV,BI,0.126837012676127,629,[]
frozenset({'다운로드=L2(중)'}),"frozenset({'형식=CSV', '표준=N', '유형=FILE'})",0.1993264027194144,0.6992794803082281,0.152174593078423,0.7634442351956476,1.0917583837282585,1.0,0.01278972977308232,1.2712457882414667,0.10496964100028805,0.2038695257386324,0.21337005852871702,0.4905302532314817,다운로드=L2(중),유형=FILE AND 표준=N AND 형식=CSV,BI,0.126837012676127,629,[]
frozenset({'다운로드=L2(중)'}),frozenset({'형식=CSV'}),0.1993264027194144,0.6992794803082281,0.152174593078423,0.7634442351956476,1.0917583837282585,1.0,0.01278972977308232,1.2712457882414667,0.10496964100028805,0.2038695257386324,0.21337005852871702,0.4905302532314817,다운로드=L2(중),형식=CSV,BI,0.126837012676127,629,[]
"frozenset({'조회수=L1(하)', '주기=수시'})","frozenset({'국가중점=N', '유형=FILE'})",0.10847418746024629,0.8547803509796357,0.10833863382793031,0.9987503604729406,1.1684292453942182,1.0,0.015617029798430201,116.2092314430012,0.1616892558634316,0.12672431667662737,0.9913948316533658,0.5627473867359336,조회수=L1(하) AND 주기=수시,국가중점=N AND 유형=FILE,BR,0.1264278412662337,633,[]
"frozenset({'조회수=L1(하)', '주기=수시'})","frozenset({'국가중점=N', '표준=N', '유형=FILE'})",0.10847418746024629,0.8547803509796357,0.10833863382793031,0.9987503604729406,1.1684292453942182,1.0,0.015617029798430201,116.2092314430012,0.1616892558634316,0.12672431667662737,0.9913948316533658,0.5627473867359336,조회수=L1(하) AND 주기=수시,국가중점=N AND 유형=FILE AND 표준=N,BR,0.1264278412662337,633,[]
"frozenset({'조회수=L1(하)', '표준=N', '주기=수시'})","frozenset({'국가중점=N', '유형=FILE'})",0.10847418746024629,0.8547803509796357,0.10833863382793031,0.9987503604729406,1.1684292453942182,1.0,0.015617029798430201,116.2092314430012,0.1616892558634316,0.12672431667662737,0.9913948316533658,0.5627473867359336,조회수=L1(하) AND 주기=수시 AND 표준=N,국가중점=N AND 유형=FILE,BR,0.1264278412662337,633,[]
frozenset({'유형=API'}),frozenset({'표준=N'}),0.1257103531693482,0.9968718392542465,0.1257103531693482,1.0,1.0031379768417308,1.0,0.0003932421921191698,inf,0.003577945543668852,0.12610482934635941,1.0,0.5630524146731797,유형=API,표준=N,BR,0.12610482934635941,635,[]
"frozenset({'형식=CSV', '다운로드=L0(최소)'})","frozenset({'국가중점=N', '유형=FILE'})",0.10865144990250565,0.8547803509796357,0.10829692501798692,0.9967370441458734,1.1660738843652008,1.0,0.015423800535876844,44.50555125859489,0.15978194828210338,0.12664309230581636,0.9775308928499817,0.5617163311877996,다운로드=L0(최소) AND 형식=CSV,국가중점=N AND 유형=FILE,BR,0.12587016272449464,637,[]
"frozenset({'형식=CSV', '다운로드=L0(최소)'})","frozenset({'국가중점=N', '표준=N', '유형=FILE'})",0.10865144990250565,0.8547803509796357,0.10829692501798692,0.9967370441458734,1.1660738843652008,1.0,0.015423800535876844,44.50555125859489,0.15978194828210338,0.12664309230581636,0.9775308928499817,0.5617163311877996,다운로드=L0(최소) AND 형식=CSV,국가중점=N AND 유형=FILE AND 표준=N,BR,0.12587016272449464,637,[]
"frozenset({'형식=CSV', '다운로드=L0(최소)', '표준=N'})","frozenset({'국가중점=N', '유형=FILE'})",0.10865144990250565,0.8547803509796357,0.10829692501798692,0.9967370441458734,1.1660738843652008,1.0,0.015423800535876844,44.50555125859489,0.15978194828210338,0.12664309230581636,0.9775308928499817,0.5617163311877996,다운로드=L0(최소) AND 표준=N AND 형식=CSV,국가중점=N AND 유형=FILE,BR,0.12587016272449464,637,[]
"frozenset({'다운로드=L3(상)', '표준=N', '주기=연간'})","frozenset({'국가중점=N', '유형=FILE'})",0.11242609720238157,0.8547803509796357,0.11075774480464635,0.9851604526061954,1.152530531939738,1.0,0.014658125978723999,9.785989098359758,0.14910761421858534,0.1293220999318204,0.897813088697635,0.5573674811093825,다운로드=L3(상) AND 주기=연간 AND 표준=N,국가중점=N AND 유형=FILE,BR,0.1257573893432508,640,[]
"frozenset({'다운로드=L3(상)', '주기=연간'})","frozenset({'국가중점=N', '표준=N', '유형=FILE'})",0.11242609720238157,0.8547803509796357,0.11075774480464635,0.9851604526061954,1.152530531939738,1.0,0.014658125978723999,9.785989098359758,0.14910761421858534,0.1293220999318204,0.897813088697635,0.5573674811093825,다운로드=L3(상) AND 주기=연간,국가중점=N AND 유형=FILE AND 표준=N,BR,0.1257573893432508,640,[]
"frozenset({'다운로드=L3(상)', '주기=연간'})","frozenset({'국가중점=N', '유형=FILE'})",0.11242609720238157,0.8547803509796357,0.11075774480464635,0.9851604526061954,1.152530531939738,1.0,0.014658125978723999,9.785989098359758,0.14910761421858534,0.1293220999318204,0.897813088697635,0.5573674811093825,다운로드=L3(상) AND 주기=연간,국가중점=N AND 유형=FILE,BR,0.1257573893432508,640,[]
"frozenset({'주기=수시', '조회수=L0(최소)'})","frozenset({'표준=N', '유형=FILE'})",0.10942306288645819,0.8711614860848983,0.10942306288645819,1.0,1.1478928028534836,1.0,0.014097904810329992,inf,0.14466859464459247,0.1256059463535495,1.0,0.5628029731767747,조회수=L0(최소) AND 주기=수시,유형=FILE AND 표준=N,BR,0.1256059463535495,643,[]
"frozenset({'주기=수시', '조회수=L0(최소)'})",frozenset({'유형=FILE'}),0.10942306288645819,0.8711614860848983,0.10942306288645819,1.0,1.1478928028534836,1.0,0.014097904810329992,inf,0.14466859464459247,0.1256059463535495,1.0,0.5628029731767747,조회수=L0(최소) AND 주기=수시,유형=FILE,BR,0.1256059463535495,643,[]
"frozenset({'표준=N', '주기=수시', '조회수=L0(최소)'})",frozenset({'유형=FILE'}),0.10942306288645819,0.8711614860848983,0.10942306288645819,1.0,1.1478928028534836,1.0,0.014097904810329992,inf,0.14466859464459247,0.1256059463535495,1.0,0.5628029731767747,조회수=L0(최소) AND 주기=수시 AND 표준=N,유형=FILE,BR,0.1256059463535495,643,[]
"frozenset({'국가중점=N', '표준=N', '주기=수시', '조회수=L0(최소)'})",frozenset({'유형=FILE'}),0.10939178127900066,0.8711614860848983,0.10939178127900066,1.0,1.1478928028534836,1.0,0.014093874534512288,inf,0.14466351332365474,0.1255700384214873,1.0,0.5627850192107436,국가중점=N AND 조회수=L0(최소) AND 주기=수시 AND 표준=N,유형=FILE,BR,0.1255700384214873,646,[]
"frozenset({'국가중점=N', '주기=수시', '조회수=L0(최소)'})",frozenset({'유형=FILE'}),0.10939178127900066,0.8711614860848983,0.10939178127900066,1.0,1.1478928028534836,1.0,0.014093874534512288,inf,0.14466351332365474,0.1255700384214873,1.0,0.5627850192107436,국가중점=N AND 조회수=L0(최소) AND 주기=수시,유형=FILE,BR,0.1255700384214873,646,[]
"frozenset({'국가중점=N', '주기=수시', '조회수=L0(최소)'})","frozenset({'표준=N', '유형=FILE'})",0.10939178127900066,0.8711614860848983,0.10939178127900066,1.0,1.1478928028534836,1.0,0.014093874534512288,inf,0.14466351332365474,0.1255700384214873,1.0,0.5627850192107436,국가중점=N AND 조회수=L0(최소) AND 주기=수시,유형=FILE AND 표준=N,BR,0.1255700384214873,646,[]
"frozenset({'도메인=공공행정', '표준=N'})",frozenset({'유형=FILE'}),0.155876249960898,0.8711614860848983,0.13847324901202257,0.8883537360358552,1.0197348599835616,1.0,0.002679863450745612,1.1539885826943408,0.022926653311370417,0.1558392790086369,0.13344030001995966,0.5236530909822471,도메인=공공행정 AND 표준=N,유형=FILE,BI,0.12544087693354983,648,['공공행정']
"frozenset({'조회수=L4(최대)', '형식=CSV'})",frozenset({'표준=N'}),0.12490745857793813,0.9968718392542465,0.12490745857793813,1.0,1.0031379768417308,1.0,0.0003907306087753415,inf,0.003574662790143476,0.12529941529031516,1.0,0.5626497076451575,조회수=L4(최대) AND 형식=CSV,표준=N,BR,0.12529941529031513,649,[]
"frozenset({'조회수=L4(최대)', '유형=FILE', '형식=CSV'})",frozenset({'표준=N'}),0.12490745857793813,0.9968718392542465,0.12490745857793813,1.0,1.0031379768417308,1.0,0.0003907306087753415,inf,0.003574662790143476,0.12529941529031516,1.0,0.5626497076451575,유형=FILE AND 조회수=L4(최대) AND 형식=CSV,표준=N,BR,0.12529941529031513,649,[]
frozenset({'도메인=공공행정'}),frozenset({'유형=FILE'}),0.1560847940106149,0.8711614860848983,0.13847324901202257,0.8871668114102479,1.0183723977482975,1.0,0.0024981879064800705,1.1418494462967188,0.02137767189299869,0.15580271246890987,0.12422780144682764,0.5230596286694434,도메인=공공행정,유형=FILE,BI,0.12510589910872605,651,['공공행정']
frozenset({'도메인=공공행정'}),"frozenset({'표준=N', '유형=FILE'})",0.1560847940106149,0.8711614860848983,0.13847324901202257,0.8871668114102479,1.0183723977482975,1.0,0.0024981879064800705,1.1418494462967188,0.02137767189299869,0.15580271246890987,0.12422780144682764,0.5230596286694434,도메인=공공행정,유형=FILE AND 표준=N,BI,0.12510589910872605,651,['공공행정']
"frozenset({'표준=N', '다운로드=L2(중)'})","frozenset({'형식=CSV', '국가중점=N', '유형=FILE'})",0.19922213069455597,0.6867564101227281,0.1505166678831736,0.7555218256045221,1.100130722434036,1.0,0.013699592590379395,1.2812742513798232,0.11366087479450171,0.20465597663505025,0.2195269678422983,0.4873461060851859,다운로드=L2(중) AND 표준=N,국가중점=N AND 유형=FILE AND 형식=CSV,BI,0.1251053560491139,653,[]
"frozenset({'표준=N', '다운로드=L2(중)'})","frozenset({'형식=CSV', '국가중점=N'})",0.19922213069455597,0.6867564101227281,0.1505166678831736,0.7555218256045221,1.100130722434036,1.0,0.013699592590379395,1.2812742513798232,0.11366087479450171,0.20465597663505025,0.2195269678422983,0.4873461060851859,다운로드=L2(중) AND 표준=N,국가중점=N AND 형식=CSV,BI,0.1251053560491139,653,[]
frozenset({'다운로드=L2(중)'}),"frozenset({'형식=CSV', '국가중점=N', '유형=FILE'})",0.1993264027194144,0.6867564101227281,0.1505166678831736,0.7551265955220757,1.0995552198590026,1.0,0.01362798310891139,1.279206251675695,0.1130814799325973,0.2046269651134769,0.21826523385884727,0.48714849104396274,다운로드=L2(중),국가중점=N AND 유형=FILE AND 형식=CSV,BI,0.12497449955887792,656,[]
frozenset({'다운로드=L2(중)'}),"frozenset({'형식=CSV', '국가중점=N', '표준=N'})",0.1993264027194144,0.6867564101227281,0.1505166678831736,0.7551265955220757,1.0995552198590026,1.0,0.01362798310891139,1.279206251675695,0.1130814799325973,0.2046269651134769,0.21826523385884727,0.48714849104396274,다운로드=L2(중),국가중점=N AND 표준=N AND 형식=CSV,BI,0.12497449955887792,656,[]
frozenset({'다운로드=L2(중)'}),"frozenset({'형식=CSV', '국가중점=N'})",0.1993264027194144,0.6867564101227281,0.1505166678831736,0.7551265955220757,1.0995552198590026,1.0,0.01362798310891139,1.279206251675695,0.1130814799325973,0.2046269651134769,0.21826523385884727,0.48714849104396274,다운로드=L2(중),국가중점=N AND 형식=CSV,BI,0.12497449955887792,656,[]
frozenset({'다운로드=L2(중)'}),"frozenset({'형식=CSV', '국가중점=N', '표준=N', '유형=FILE'})",0.1993264027194144,0.6867564101227281,0.1505166678831736,0.7551265955220757,1.0995552198590026,1.0,0.01362798310891139,1.279206251675695,0.1130814799325973,0.2046269651134769,0.21826523385884727,0.48714849104396274,다운로드=L2(중),국가중점=N AND 유형=FILE AND 표준=N AND 형식=CSV,BI,0.12497449955887792,656,[]
"frozenset({'형식=CSV', '다운로드=L0(최소)'})",frozenset({'유형=FILE'}),0.10865144990250565,0.8711614860848983,0.10865144990250565,1.0,1.1478928028534836,1.0,0.013998491340159944,inf,0.1445433594983797,0.12472021736268207,1.0,0.562360108681341,다운로드=L0(최소) AND 형식=CSV,유형=FILE,BR,0.12472021736268207,660,[]
"frozenset({'형식=CSV', '다운로드=L0(최소)', '표준=N'})",frozenset({'유형=FILE'}),0.10865144990250565,0.8711614860848983,0.10865144990250565,1.0,1.1478928028534836,1.0,0.013998491340159944,inf,0.1445433594983797,0.12472021736268207,1.0,0.562360108681341,다운로드=L0(최소) AND 표준=N AND 형식=CSV,유형=FILE,BR,0.12472021736268207,660,[]
"frozenset({'형식=CSV', '다운로드=L0(최소)'})","frozenset({'표준=N', '유형=FILE'})",0.10865144990250565,0.8711614860848983,0.10865144990250565,1.0,1.1478928028534836,1.0,0.013998491340159944,inf,0.1445433594983797,0.12472021736268207,1.0,0.562360108681341,다운로드=L0(최소) AND 형식=CSV,유형=FILE AND 표준=N,BR,0.12472021736268207,660,[]
"frozenset({'조회수=L1(하)', '주기=수시'})",frozenset({'유형=FILE'}),0.10847418746024629,0.8711614860848983,0.10847418746024629,1.0,1.1478928028534836,1.0,0.013975653110526287,inf,0.14451461988304087,0.12451673908099632,1.0,0.5622583695404981,조회수=L1(하) AND 주기=수시,유형=FILE,BR,0.12451673908099631,663,[]
"frozenset({'조회수=L1(하)', '주기=수시'})","frozenset({'표준=N', '유형=FILE'})",0.10847418746024629,0.8711614860848983,0.10847418746024629,1.0,1.1478928028534836,1.0,0.013975653110526287,inf,0.14451461988304087,0.12451673908099632,1.0,0.5622583695404981,조회수=L1(하) AND 주기=수시,유형=FILE AND 표준=N,BR,0.12451673908099631,663,[]
"frozenset({'조회수=L1(하)', '표준=N', '주기=수시'})",frozenset({'유형=FILE'}),0.10847418746024629,0.8711614860848983,0.10847418746024629,1.0,1.1478928028534836,1.0,0.013975653110526287,inf,0.14451461988304087,0.12451673908099632,1.0,0.5622583695404981,조회수=L1(하) AND 주기=수시 AND 표준=N,유형=FILE,BR,0.12451673908099631,663,[]
"frozenset({'조회수=L1(하)', '국가중점=N', '주기=수시'})",frozenset({'유형=FILE'}),0.10833863382793031,0.8711614860848983,0.10833863382793031,1.0,1.1478928028534836,1.0,0.013958188581982903,inf,0.14449265024031427,0.12436113804206016,1.0,0.5621805690210301,국가중점=N AND 조회수=L1(하) AND 주기=수시,유형=FILE,BR,0.12436113804206016,666,[]
"frozenset({'조회수=L1(하)', '국가중점=N', '주기=수시'})","frozenset({'표준=N', '유형=FILE'})",0.10833863382793031,0.8711614860848983,0.10833863382793031,1.0,1.1478928028534836,1.0,0.013958188581982903,inf,0.14449265024031427,0.12436113804206016,1.0,0.5621805690210301,국가중점=N AND 조회수=L1(하) AND 주기=수시,유형=FILE AND 표준=N,BR,0.12436113804206016,666,[]
"frozenset({'조회수=L1(하)', '국가중점=N', '표준=N', '주기=수시'})",frozenset({'유형=FILE'}),0.10833863382793031,0.8711614860848983,0.10833863382793031,1.0,1.1478928028534836,1.0,0.013958188581982903,inf,0.14449265024031427,0.12436113804206016,1.0,0.5621805690210301,국가중점=N AND 조회수=L1(하) AND 주기=수시 AND 표준=N,유형=FILE,BR,0.12436113804206016,666,[]
"frozenset({'형식=CSV', '다운로드=L0(최소)', '국가중점=N'})","frozenset({'표준=N', '유형=FILE'})",0.10829692501798692,0.8711614860848983,0.10829692501798692,1.0,1.1478928028534836,1.0,0.01395281488089263,inf,0.14448589169404907,0.12431326079931056,1.0,0.5621566303996552,국가중점=N AND 다운로드=L0(최소) AND 형식=CSV,유형=FILE AND 표준=N,BR,0.12431326079931056,669,[]
"frozenset({'형식=CSV', '다운로드=L0(최소)', '국가중점=N', '표준=N'})",frozenset({'유형=FILE'}),0.10829692501798692,0.8711614860848983,0.10829692501798692,1.0,1.1478928028534836,1.0,0.01395281488089263,inf,0.14448589169404907,0.12431326079931056,1.0,0.5621566303996552,국가중점=N AND 다운로드=L0(최소) AND 표준=N AND 형식=CSV,유형=FILE,BR,0.12431326079931056,669,[]
"frozenset({'형식=CSV', '다운로드=L0(최소)', '국가중점=N'})",frozenset({'유형=FILE'}),0.10829692501798692,0.8711614860848983,0.10829692501798692,1.0,1.1478928028534836,1.0,0.01395281488089263,inf,0.14448589169404907,0.12431326079931056,1.0,0.5621566303996552,국가중점=N AND 다운로드=L0(최소) AND 형식=CSV,유형=FILE,BR,0.12431326079931056,669,[]
"frozenset({'형식=CSV', '다운로드=L3(상)', '주기=연간'})","frozenset({'표준=N', '유형=FILE'})",0.10800496334838326,0.8711614860848983,0.10800496334838326,1.0,1.1478928028534836,1.0,0.013915198973260726,inf,0.1444385995674791,0.12397812010006344,1.0,0.5619890600500317,다운로드=L3(상) AND 주기=연간 AND 형식=CSV,유형=FILE AND 표준=N,BR,0.12397812010006343,672,[]
"frozenset({'형식=CSV', '다운로드=L3(상)', '표준=N', '주기=연간'})",frozenset({'유형=FILE'}),0.10800496334838326,0.8711614860848983,0.10800496334838326,1.0,1.1478928028534836,1.0,0.013915198973260726,inf,0.1444385995674791,0.12397812010006344,1.0,0.5619890600500317,다운로드=L3(상) AND 주기=연간 AND 표준=N AND 형식=CSV,유형=FILE,BR,0.12397812010006343,672,[]
"frozenset({'형식=CSV', '다운로드=L3(상)', '주기=연간'})",frozenset({'유형=FILE'}),0.10800496334838326,0.8711614860848983,0.10800496334838326,1.0,1.1478928028534836,1.0,0.013915198973260726,inf,0.1444385995674791,0.12397812010006344,1.0,0.5619890600500317,다운로드=L3(상) AND 주기=연간 AND 형식=CSV,유형=FILE,BR,0.12397812010006343,672,[]
"frozenset({'도메인=공공행정', '표준=N'})","frozenset({'국가중점=N', '유형=FILE'})",0.155876249960898,0.8547803509796357,0.13694045024660334,0.8785203023613619,1.0277731599170696,1.0,0.003700494595637538,1.195423201104309,0.03201267040093828,0.15673333969830056,0.16347616553182248,0.5193628641698486,도메인=공공행정 AND 표준=N,국가중점=N AND 유형=FILE,BI,0.12364621480891007,674,['공공행정']
frozenset({'도메인=공공행정'}),"frozenset({'국가중점=N', '유형=FILE'})",0.1560847940106149,0.8547803509796357,0.13694045024660334,0.8773465161333422,1.0263999577527072,1.0,0.003522235239625804,1.1839830752646152,0.030478093296926797,0.15669593852908892,0.15539333214158982,0.5187759710558387,도메인=공공행정,국가중점=N AND 유형=FILE,BI,0.12331602945707834,675,['공공행정']
frozenset({'도메인=공공행정'}),"frozenset({'국가중점=N', '표준=N', '유형=FILE'})",0.1560847940106149,0.8547803509796357,0.13694045024660334,0.8773465161333422,1.0263999577527072,1.0,0.003522235239625804,1.1839830752646152,0.030478093296926797,0.15669593852908892,0.15539333214158982,0.5187759710558387,도메인=공공행정,국가중점=N AND 유형=FILE AND 표준=N,BI,0.12331602945707834,675,['공공행정']
"frozenset({'형식=CSV', '다운로드=L3(상)', '국가중점=N', '주기=연간'})","frozenset({'표준=N', '유형=FILE'})",0.10639917416556312,0.8711614860848983,0.10639917416556312,1.0,1.1478928028534836,1.0,0.013708311481285235,inf,0.1441790452630719,0.12213484625420422,1.0,0.5610674231271021,국가중점=N AND 다운로드=L3(상) AND 주기=연간 AND 형식=CSV,유형=FILE AND 표준=N,BR,0.1221348462542042,678,[]
"frozenset({'형식=CSV', '다운로드=L3(상)', '국가중점=N', '주기=연간'})",frozenset({'유형=FILE'}),0.10639917416556312,0.8711614860848983,0.10639917416556312,1.0,1.1478928028534836,1.0,0.013708311481285235,inf,0.1441790452630719,0.12213484625420422,1.0,0.5610674231271021,국가중점=N AND 다운로드=L3(상) AND 주기=연간 AND 형식=CSV,유형=FILE,BR,0.1221348462542042,678,[]
"frozenset({'다운로드=L3(상)', '국가중점=N', '형식=CSV', '주기=연간', '표준=N'})",frozenset({'유형=FILE'}),0.10639917416556312,0.8711614860848983,0.10639917416556312,1.0,1.1478928028534836,1.0,0.013708311481285235,inf,0.1441790452630719,0.12213484625420422,1.0,0.5610674231271021,국가중점=N AND 다운로드=L3(상) AND 주기=연간 AND 표준=N AND 형식=CSV,유형=FILE,BR,0.1221348462542042,678,[]
"frozenset({'조회수=L1(하)', '유형=FILE'})","frozenset({'형식=CSV', '국가중점=N', '표준=N'})",0.1832476564862413,0.6867564101227281,0.1408610783812811,0.7686923864800274,1.119308644447391,1.0,0.015014575649387157,1.3542294830266117,0.13050635624627405,0.1931871809172423,0.26157271530888004,0.4869015362299016,유형=FILE AND 조회수=L1(하),국가중점=N AND 표준=N AND 형식=CSV,BI,0.12119743994719487,681,[]
"frozenset({'조회수=L1(하)', '표준=N', '유형=FILE'})","frozenset({'형식=CSV', '국가중점=N'})",0.1832476564862413,0.6867564101227281,0.1408610783812811,0.7686923864800274,1.119308644447391,1.0,0.015014575649387157,1.3542294830266117,0.13050635624627405,0.1931871809172423,0.26157271530888004,0.4869015362299016,유형=FILE AND 조회수=L1(하) AND 표준=N,국가중점=N AND 형식=CSV,BI,0.12119743994719487,681,[]
"frozenset({'조회수=L1(하)', '유형=FILE'})","frozenset({'형식=CSV', '국가중점=N'})",0.1832476564862413,0.6867564101227281,0.1408610783812811,0.7686923864800274,1.119308644447391,1.0,0.015014575649387157,1.3542294830266117,0.13050635624627405,0.1931871809172423,0.26157271530888004,0.4869015362299016,유형=FILE AND 조회수=L1(하),국가중점=N AND 형식=CSV,BI,0.12119743994719487,681,[]
"frozenset({'형식=CSV', '다운로드=L3(상)', '주기=연간'})","frozenset({'국가중점=N', '표준=N', '유형=FILE'})",0.10800496334838326,0.8547803509796357,0.10639917416556312,0.9851322649160069,1.152497555409386,1.0,0.014078653687089382,9.767435873720325,0.14834073657684818,0.12424205527821745,0.8976189848667919,0.5548038605735495,다운로드=L3(상) AND 주기=연간 AND 형식=CSV,국가중점=N AND 유형=FILE AND 표준=N,BR,0.12080163525883965,684,[]
"frozenset({'형식=CSV', '다운로드=L3(상)', '주기=연간'})","frozenset({'국가중점=N', '유형=FILE'})",0.10800496334838326,0.8547803509796357,0.10639917416556312,0.9851322649160069,1.152497555409386,1.0,0.014078653687089382,9.767435873720325,0.14834073657684818,0.12424205527821745,0.8976189848667919,0.5548038605735495,다운로드=L3(상) AND 주기=연간 AND 형식=CSV,국가중점=N AND 유형=FILE,BR,0.12080163525883965,684,[]
"frozenset({'형식=CSV', '다운로드=L3(상)', '표준=N', '주기=연간'})","frozenset({'국가중점=N', '유형=FILE'})",0.10800496334838326,0.8547803509796357,0.10639917416556312,0.9851322649160069,1.152497555409386,1.0,0.014078653687089382,9.767435873720325,0.14834073657684818,0.12424205527821745,0.8976189848667919,0.5548038605735495,다운로드=L3(상) AND 주기=연간 AND 표준=N AND 형식=CSV,국가중점=N AND 유형=FILE,BR,0.12080163525883965,684,[]
"frozenset({'다운로드=L1(하)', '주기=수시'})",frozenset({'유형=FILE'}),0.10500192903245988,0.8711614860848983,0.10500192903245988,1.0,1.1478928028534836,1.0,0.013528292494761104,inf,0.14395395710274603,0.12053095862209294,1.0,0.5602654793110464,다운로드=L1(하) AND 주기=수시,유형=FILE,BR,0.12053095862209294,687,[]
"frozenset({'다운로드=L1(하)', '표준=N', '주기=수시'})",frozenset({'유형=FILE'}),0.10500192903245988,0.8711614860848983,0.10500192903245988,1.0,1.1478928028534836,1.0,0.013528292494761104,inf,0.14395395710274603,0.12053095862209294,1.0,0.5602654793110464,다운로드=L1(하) AND 주기=수시 AND 표준=N,유형=FILE,BR,0.12053095862209294,687,[]
"frozenset({'다운로드=L1(하)', '주기=수시'})","frozenset({'표준=N', '유형=FILE'})",0.10500192903245988,0.8711614860848983,0.10500192903245988,1.0,1.1478928028534836,1.0,0.013528292494761104,inf,0.14395395710274603,0.12053095862209294,1.0,0.5602654793110464,다운로드=L1(하) AND 주기=수시,유형=FILE AND 표준=N,BR,0.12053095862209294,687,[]
"frozenset({'조회수=L1(하)', '국가중점=N', '표준=N', '유형=FILE'})",frozenset({'형식=CSV'}),0.18310167565143948,0.6992794803082281,0.1408610783812811,0.7693052391799544,1.1001398737467034,1.0,0.01282183378817675,1.3035429093526325,0.1114271772097181,0.1899625952695672,0.2328599290247979,0.48537134675696947,국가중점=N AND 유형=FILE AND 조회수=L1(하) AND 표준=N,형식=CSV,BI,0.11921683959650747,690,[]
"frozenset({'조회수=L1(하)', '국가중점=N', '유형=FILE'})",frozenset({'형식=CSV'}),0.18310167565143948,0.6992794803082281,0.1408610783812811,0.7693052391799544,1.1001398737467034,1.0,0.01282183378817675,1.3035429093526325,0.1114271772097181,0.1899625952695672,0.2328599290247979,0.48537134675696947,국가중점=N AND 유형=FILE AND 조회수=L1(하),형식=CSV,BI,0.11921683959650747,690,[]
"frozenset({'조회수=L1(하)', '국가중점=N', '유형=FILE'})","frozenset({'형식=CSV', '표준=N'})",0.18310167565143948,0.6992794803082281,0.1408610783812811,0.7693052391799544,1.1001398737467034,1.0,0.01282183378817675,1.3035429093526325,0.1114271772097181,0.1899625952695672,0.2328599290247979,0.48537134675696947,국가중점=N AND 유형=FILE AND 조회수=L1(하),표준=N AND 형식=CSV,BI,0.11921683959650747,690,[]
"frozenset({'조회수=L1(하)', '유형=FILE'})","frozenset({'형식=CSV', '표준=N'})",0.1832476564862413,0.6992794803082281,0.140934068798682,0.7690907021736657,1.0998330765185134,1.0,0.012792742803282492,1.3023317922777726,0.11113664674740957,0.19004232223956358,0.23214651909018952,0.48531626798586813,유형=FILE AND 조회수=L1(하),표준=N AND 형식=CSV,BI,0.11921209710906877,693,[]
"frozenset({'조회수=L1(하)', '유형=FILE'})",frozenset({'형식=CSV'}),0.1832476564862413,0.6992794803082281,0.140934068798682,0.7690907021736657,1.0998330765185134,1.0,0.012792742803282492,1.3023317922777726,0.11113664674740957,0.19004232223956358,0.23214651909018952,0.48531626798586813,유형=FILE AND 조회수=L1(하),형식=CSV,BI,0.11921209710906877,693,[]
"frozenset({'조회수=L1(하)', '표준=N', '유형=FILE'})",frozenset({'형식=CSV'}),0.1832476564862413,0.6992794803082281,0.140934068798682,0.7690907021736657,1.0998330765185134,1.0,0.012792742803282492,1.3023317922777726,0.11113664674740957,0.19004232223956358,0.23214651909018952,0.48531626798586813,유형=FILE AND 조회수=L1(하) AND 표준=N,형식=CSV,BI,0.11921209710906877,693,[]
"frozenset({'유형=FILE', '조회수=L2(중)'})","frozenset({'형식=CSV', '국가중점=N', '표준=N'})",0.17196542339655693,0.6867564101227281,0.13416681438536854,0.7801964588891583,1.136059958653654,1.0,0.016068457548314097,1.4251071128981976,0.1446374010254603,0.18517132701080777,0.29829835880453226,0.48777974534145446,유형=FILE AND 조회수=L2(중),국가중점=N AND 표준=N AND 형식=CSV,BI,0.11891875013813373,696,[]
"frozenset({'표준=N', '유형=FILE', '조회수=L2(중)'})","frozenset({'형식=CSV', '국가중점=N'})",0.17196542339655693,0.6867564101227281,0.13416681438536854,0.7801964588891583,1.136059958653654,1.0,0.016068457548314097,1.4251071128981976,0.1446374010254603,0.18517132701080777,0.29829835880453226,0.48777974534145446,유형=FILE AND 조회수=L2(중) AND 표준=N,국가중점=N AND 형식=CSV,BI,0.11891875013813373,696,[]
"frozenset({'유형=FILE', '조회수=L2(중)'})","frozenset({'형식=CSV', '국가중점=N'})",0.17196542339655693,0.6867564101227281,0.13416681438536854,0.7801964588891583,1.136059958653654,1.0,0.016068457548314097,1.4251071128981976,0.1446374010254603,0.18517132701080777,0.29829835880453226,0.48777974534145446,유형=FILE AND 조회수=L2(중),국가중점=N AND 형식=CSV,BI,0.11891875013813373,696,[]
"frozenset({'조회수=L3(상)', '주기=연간'})","frozenset({'형식=CSV', '국가중점=N', '표준=N'})",0.09485626101373262,0.6867564101227281,0.09023701031250325,0.9513026272397493,1.385211136317963,1.0,0.02509386502104774,6.432453582649076,0.3072311934380414,0.13051806047809364,0.8445383262931887,0.5413492881727276,조회수=L3(상) AND 주기=연간,국가중점=N AND 표준=N AND 형식=CSV,BR,0.11891027091624884,702,[]
"frozenset({'조회수=L3(상)', '표준=N', '주기=연간'})","frozenset({'형식=CSV', '국가중점=N'})",0.09485626101373262,0.6867564101227281,0.09023701031250325,0.9513026272397493,1.385211136317963,1.0,0.02509386502104774,6.432453582649076,0.3072311934380414,0.13051806047809364,0.8445383262931887,0.5413492881727276,조회수=L3(상) AND 주기=연간 AND 표준=N,국가중점=N AND 형식=CSV,BR,0.11891027091624884,702,[]
"frozenset({'조회수=L3(상)', '주기=연간', '유형=FILE'})","frozenset({'형식=CSV', '국가중점=N'})",0.09485626101373262,0.6867564101227281,0.09023701031250325,0.9513026272397493,1.385211136317963,1.0,0.02509386502104774,6.432453582649076,0.3072311934380414,0.13051806047809364,0.8445383262931887,0.5413492881727276,유형=FILE AND 조회수=L3(상) AND 주기=연간,국가중점=N AND 형식=CSV,BR,0.11891027091624884,702,[]
"frozenset({'조회수=L3(상)', '주기=연간'})","frozenset({'형식=CSV', '국가중점=N', '유형=FILE'})",0.09485626101373262,0.6867564101227281,0.09023701031250325,0.9513026272397493,1.385211136317963,1.0,0.02509386502104774,6.432453582649076,0.3072311934380414,0.13051806047809364,0.8445383262931887,0.5413492881727276,조회수=L3(상) AND 주기=연간,국가중점=N AND 유형=FILE AND 형식=CSV,BR,0.11891027091624884,702,[]
"frozenset({'조회수=L3(상)', '표준=N', '주기=연간', '유형=FILE'})","frozenset({'형식=CSV', '국가중점=N'})",0.09485626101373262,0.6867564101227281,0.09023701031250325,0.9513026272397493,1.385211136317963,1.0,0.02509386502104774,6.432453582649076,0.3072311934380414,0.13051806047809364,0.8445383262931887,0.5413492881727276,유형=FILE AND 조회수=L3(상) AND 주기=연간 AND 표준=N,국가중점=N AND 형식=CSV,BR,0.11891027091624884,702,[]
"frozenset({'조회수=L3(상)', '주기=연간'})","frozenset({'형식=CSV', '국가중점=N'})",0.09485626101373262,0.6867564101227281,0.09023701031250325,0.9513026272397493,1.385211136317963,1.0,0.02509386502104774,6.432453582649076,0.3072311934380414,0.13051806047809364,0.8445383262931887,0.5413492881727276,조회수=L3(상) AND 주기=연간,국가중점=N AND 형식=CSV,BR,0.11891027091624884,702,[]
"frozenset({'조회수=L3(상)', '주기=연간'})","frozenset({'형식=CSV', '국가중점=N', '표준=N', '유형=FILE'})",0.09485626101373262,0.6867564101227281,0.09023701031250325,0.9513026272397493,1.385211136317963,1.0,0.02509386502104774,6.432453582649076,0.3072311934380414,0.13051806047809364,0.8445383262931887,0.5413492881727276,조회수=L3(상) AND 주기=연간,국가중점=N AND 유형=FILE AND 표준=N AND 형식=CSV,BR,0.11891027091624884,702,[]
"frozenset({'조회수=L3(상)', '주기=연간', '유형=FILE'})","frozenset({'형식=CSV', '국가중점=N', '표준=N'})",0.09485626101373262,0.6867564101227281,0.09023701031250325,0.9513026272397493,1.385211136317963,1.0,0.02509386502104774,6.432453582649076,0.3072311934380414,0.13051806047809364,0.8445383262931887,0.5413492881727276,유형=FILE AND 조회수=L3(상) AND 주기=연간,국가중점=N AND 표준=N AND 형식=CSV,BR,0.11891027091624884,702,[]
"frozenset({'조회수=L3(상)', '표준=N', '주기=연간'})","frozenset({'형식=CSV', '국가중점=N', '유형=FILE'})",0.09485626101373262,0.6867564101227281,0.09023701031250325,0.9513026272397493,1.385211136317963,1.0,0.02509386502104774,6.432453582649076,0.3072311934380414,0.13051806047809364,0.8445383262931887,0.5413492881727276,조회수=L3(상) AND 주기=연간 AND 표준=N,국가중점=N AND 유형=FILE AND 형식=CSV,BR,0.11891027091624884,702,[]
"frozenset({'다운로드=L1(하)', '국가중점=N', '표준=N', '주기=수시'})",frozenset({'유형=FILE'}),0.10356297508941326,0.8711614860848983,0.10356297508941326,1.0,1.1478928028534836,1.0,0.013342899807146702,inf,0.14372288329785626,0.11887919374723209,1.0,0.559439596873616,국가중점=N AND 다운로드=L1(하) AND 주기=수시 AND 표준=N,유형=FILE,BR,0.11887919374723209,708,[]
"frozenset({'다운로드=L1(하)', '국가중점=N', '주기=수시'})","frozenset({'표준=N', '유형=FILE'})",0.10356297508941326,0.8711614860848983,0.10356297508941326,1.0,1.1478928028534836,1.0,0.013342899807146702,inf,0.14372288329785626,0.11887919374723209,1.0,0.559439596873616,국가중점=N AND 다운로드=L1(하) AND 주기=수시,유형=FILE AND 표준=N,BR,0.11887919374723209,708,[]
"frozenset({'다운로드=L1(하)', '국가중점=N', '주기=수시'})",frozenset({'유형=FILE'}),0.10356297508941326,0.8711614860848983,0.10356297508941326,1.0,1.1478928028534836,1.0,0.013342899807146702,inf,0.14372288329785626,0.11887919374723209,1.0,0.559439596873616,국가중점=N AND 다운로드=L1(하) AND 주기=수시,유형=FILE,BR,0.11887919374723209,708,[]
"frozenset({'조회수=L3(상)', '표준=N', '주기=연간', '유형=FILE'})",frozenset({'형식=CSV'}),0.09485626101373262,0.6992794803082281,0.090591535197022,0.9550401231175113,1.3657488171918746,1.0,0.024260498291357416,6.688641974660272,0.2958656493667704,0.12876452454351436,0.8504928199493303,0.5422949747001302,유형=FILE AND 조회수=L3(상) AND 주기=연간 AND 표준=N,형식=CSV,BR,0.11816260859502759,714,[]
"frozenset({'조회수=L3(상)', '주기=연간'})","frozenset({'형식=CSV', '표준=N', '유형=FILE'})",0.09485626101373262,0.6992794803082281,0.090591535197022,0.9550401231175113,1.3657488171918746,1.0,0.024260498291357416,6.688641974660272,0.2958656493667704,0.12876452454351436,0.8504928199493303,0.5422949747001302,조회수=L3(상) AND 주기=연간,유형=FILE AND 표준=N AND 형식=CSV,BR,0.11816260859502759,714,[]
"frozenset({'조회수=L3(상)', '표준=N', '주기=연간'})",frozenset({'형식=CSV'}),0.09485626101373262,0.6992794803082281,0.090591535197022,0.9550401231175113,1.3657488171918746,1.0,0.024260498291357416,6.688641974660272,0.2958656493667704,0.12876452454351436,0.8504928199493303,0.5422949747001302,조회수=L3(상) AND 주기=연간 AND 표준=N,형식=CSV,BR,0.11816260859502759,714,[]
"frozenset({'조회수=L3(상)', '주기=연간', '유형=FILE'})",frozenset({'형식=CSV'}),0.09485626101373262,0.6992794803082281,0.090591535197022,0.9550401231175113,1.3657488171918746,1.0,0.024260498291357416,6.688641974660272,0.2958656493667704,0.12876452454351436,0.8504928199493303,0.5422949747001302,유형=FILE AND 조회수=L3(상) AND 주기=연간,형식=CSV,BR,0.11816260859502759,714,[]
"frozenset({'조회수=L3(상)', '표준=N', '주기=연간'})","frozenset({'형식=CSV', '유형=FILE'})",0.09485626101373262,0.6992794803082281,0.090591535197022,0.9550401231175113,1.3657488171918746,1.0,0.024260498291357416,6.688641974660272,0.2958656493667704,0.12876452454351436,0.8504928199493303,0.5422949747001302,조회수=L3(상) AND 주기=연간 AND 표준=N,유형=FILE AND 형식=CSV,BR,0.11816260859502759,714,[]
"frozenset({'조회수=L3(상)', '주기=연간'})","frozenset({'형식=CSV', '유형=FILE'})",0.09485626101373262,0.6992794803082281,0.090591535197022,0.9550401231175113,1.3657488171918746,1.0,0.024260498291357416,6.688641974660272,0.2958656493667704,0.12876452454351436,0.8504928199493303,0.5422949747001302,조회수=L3(상) AND 주기=연간,유형=FILE AND 형식=CSV,BR,0.11816260859502759,714,[]
"frozenset({'조회수=L3(상)', '주기=연간'})","frozenset({'형식=CSV', '표준=N'})",0.09485626101373262,0.6992794803082281,0.090591535197022,0.9550401231175113,1.3657488171918746,1.0,0.024260498291357416,6.688641974660272,0.2958656493667704,0.12876452454351436,0.8504928199493303,0.5422949747001302,조회수=L3(상) AND 주기=연간,표준=N AND 형식=CSV,BR,0.11816260859502759,714,[]
"frozenset({'조회수=L3(상)', '주기=연간'})",frozenset({'형식=CSV'}),0.09485626101373262,0.6992794803082281,0.090591535197022,0.9550401231175113,1.3657488171918746,1.0,0.024260498291357416,6.688641974660272,0.2958656493667704,0.12876452454351436,0.8504928199493303,0.5422949747001302,조회수=L3(상) AND 주기=연간,형식=CSV,BR,0.11816260859502759,714,[]
"frozenset({'조회수=L3(상)', '주기=연간', '유형=FILE'})","frozenset({'형식=CSV', '표준=N'})",0.09485626101373262,0.6992794803082281,0.090591535197022,0.9550401231175113,1.3657488171918746,1.0,0.024260498291357416,6.688641974660272,0.2958656493667704,0.12876452454351436,0.8504928199493303,0.5422949747001302,유형=FILE AND 조회수=L3(상) AND 주기=연간,표준=N AND 형식=CSV,BR,0.11816260859502759,714,[]
"frozenset({'표준=N', '유형=FILE', '조회수=L2(중)'})",frozenset({'형식=CSV'}),0.17196542339655693,0.6992794803082281,0.13467774730717497,0.7831675964103809,1.1199636461020945,1.0,0.014425855403446236,1.3868799806366627,0.12935918151712225,0.1828451705148714,0.2789570734585563,0.48788130950053965,유형=FILE AND 조회수=L2(중) AND 표준=N,형식=CSV,BI,0.11812844292996329,720,[]
"frozenset({'유형=FILE', '조회수=L2(중)'})",frozenset({'형식=CSV'}),0.17196542339655693,0.6992794803082281,0.13467774730717497,0.7831675964103809,1.1199636461020945,1.0,0.014425855403446236,1.3868799806366627,0.12935918151712225,0.1828451705148714,0.2789570734585563,0.48788130950053965,유형=FILE AND 조회수=L2(중),형식=CSV,BI,0.11812844292996329,720,[]
"frozenset({'유형=FILE', '조회수=L2(중)'})","frozenset({'형식=CSV', '표준=N'})",0.17196542339655693,0.6992794803082281,0.13467774730717497,0.7831675964103809,1.1199636461020945,1.0,0.014425855403446236,1.3868799806366627,0.12935918151712225,0.1828451705148714,0.2789570734585563,0.48788130950053965,유형=FILE AND 조회수=L2(중),표준=N AND 형식=CSV,BI,0.11812844292996329,720,[]
"frozenset({'국가중점=N', '유형=FILE', '조회수=L2(중)'})",frozenset({'형식=CSV'}),0.1710582567802884,0.6992794803082281,0.13416681438536854,0.7843340444986284,1.121631717482844,1.0,0.014549285481617033,1.3943810417025206,0.13081951881146606,0.1822495432076033,0.28283591780693357,0.48809920542036234,국가중점=N AND 유형=FILE AND 조회수=L2(중),형식=CSV,BI,0.11803110042583348,723,[]
"frozenset({'국가중점=N', '유형=FILE', '조회수=L2(중)'})","frozenset({'형식=CSV', '표준=N'})",0.1710582567802884,0.6992794803082281,0.13416681438536854,0.7843340444986284,1.121631717482844,1.0,0.014549285481617033,1.3943810417025206,0.13081951881146606,0.1822495432076033,0.28283591780693357,0.48809920542036234,국가중점=N AND 유형=FILE AND 조회수=L2(중),표준=N AND 형식=CSV,BI,0.11803110042583348,723,[]
"frozenset({'국가중점=N', '표준=N', '유형=FILE', '조회수=L2(중)'})",frozenset({'형식=CSV'}),0.1710582567802884,0.6992794803082281,0.13416681438536854,0.7843340444986284,1.121631717482844,1.0,0.014549285481617033,1.3943810417025206,0.13081951881146606,0.1822495432076033,0.28283591780693357,0.48809920542036234,국가중점=N AND 유형=FILE AND 조회수=L2(중) AND 표준=N,형식=CSV,BI,0.11803110042583348,723,[]
"frozenset({'다운로드=L1(하)', '주기=수시'})","frozenset({'국가중점=N', '표준=N', '유형=FILE'})",0.10500192903245988,0.8547803509796357,0.10356297508941326,0.9862959285004965,1.1538589151822864,1.0,0.013809389337508401,10.596825113297598,0.14898682213307474,0.12095379594222666,0.905632112514046,0.5537266702129691,다운로드=L1(하) AND 주기=수시,국가중점=N AND 유형=FILE AND 표준=N,BR,0.1178594658068624,726,[]
"frozenset({'다운로드=L1(하)', '표준=N', '주기=수시'})","frozenset({'국가중점=N', '유형=FILE'})",0.10500192903245988,0.8547803509796357,0.10356297508941326,0.9862959285004965,1.1538589151822864,1.0,0.013809389337508401,10.596825113297598,0.14898682213307474,0.12095379594222666,0.905632112514046,0.5537266702129691,다운로드=L1(하) AND 주기=수시 AND 표준=N,국가중점=N AND 유형=FILE,BR,0.1178594658068624,726,[]
"frozenset({'다운로드=L1(하)', '주기=수시'})","frozenset({'국가중점=N', '유형=FILE'})",0.10500192903245988,0.8547803509796357,0.10356297508941326,0.9862959285004965,1.1538589151822864,1.0,0.013809389337508401,10.596825113297598,0.14898682213307474,0.12095379594222666,0.905632112514046,0.5537266702129691,다운로드=L1(하) AND 주기=수시,국가중점=N AND 유형=FILE,BR,0.1178594658068624,726,[]
"frozenset({'국가중점=N', '조회수=L3(상)', '주기=연간', '표준=N', '유형=FILE'})",frozenset({'형식=CSV'}),0.09443917291429882,0.6992794803082281,0.09023701031250325,0.9555040300320194,1.366412224209486,1.0,0.024197634556253483,6.7583765430480875,0.29612194141740056,0.1282720184982065,0.8520354712954494,0.5422734351731754,국가중점=N AND 유형=FILE AND 조회수=L3(상) AND 주기=연간 AND 표준=N,형식=CSV,BR,0.1178145584223775,732,[]
"frozenset({'조회수=L3(상)', '국가중점=N', '주기=연간', '유형=FILE'})","frozenset({'형식=CSV', '표준=N'})",0.09443917291429882,0.6992794803082281,0.09023701031250325,0.9555040300320194,1.366412224209486,1.0,0.024197634556253483,6.7583765430480875,0.29612194141740056,0.1282720184982065,0.8520354712954494,0.5422734351731754,국가중점=N AND 유형=FILE AND 조회수=L3(상) AND 주기=연간,표준=N AND 형식=CSV,BR,0.1178145584223775,732,[]
"frozenset({'조회수=L3(상)', '국가중점=N', '표준=N', '주기=연간'})","frozenset({'형식=CSV', '유형=FILE'})",0.09443917291429882,0.6992794803082281,0.09023701031250325,0.9555040300320194,1.366412224209486,1.0,0.024197634556253483,6.7583765430480875,0.29612194141740056,0.1282720184982065,0.8520354712954494,0.5422734351731754,국가중점=N AND 조회수=L3(상) AND 주기=연간 AND 표준=N,유형=FILE AND 형식=CSV,BR,0.1178145584223775,732,[]
"frozenset({'조회수=L3(상)', '국가중점=N', '주기=연간'})","frozenset({'형식=CSV', '유형=FILE'})",0.09443917291429882,0.6992794803082281,0.09023701031250325,0.9555040300320194,1.366412224209486,1.0,0.024197634556253483,6.7583765430480875,0.29612194141740056,0.1282720184982065,0.8520354712954494,0.5422734351731754,국가중점=N AND 조회수=L3(상) AND 주기=연간,유형=FILE AND 형식=CSV,BR,0.1178145584223775,732,[]
"frozenset({'조회수=L3(상)', '국가중점=N', '주기=연간', '유형=FILE'})",frozenset({'형식=CSV'}),0.09443917291429882,0.6992794803082281,0.09023701031250325,0.9555040300320194,1.366412224209486,1.0,0.024197634556253483,6.7583765430480875,0.29612194141740056,0.1282720184982065,0.8520354712954494,0.5422734351731754,국가중점=N AND 유형=FILE AND 조회수=L3(상) AND 주기=연간,형식=CSV,BR,0.1178145584223775,732,[]
"frozenset({'조회수=L3(상)', '국가중점=N', '표준=N', '주기=연간'})",frozenset({'형식=CSV'}),0.09443917291429882,0.6992794803082281,0.09023701031250325,0.9555040300320194,1.366412224209486,1.0,0.024197634556253483,6.7583765430480875,0.29612194141740056,0.1282720184982065,0.8520354712954494,0.5422734351731754,국가중점=N AND 조회수=L3(상) AND 주기=연간 AND 표준=N,형식=CSV,BR,0.1178145584223775,732,[]
"frozenset({'조회수=L3(상)', '국가중점=N', '주기=연간'})","frozenset({'형식=CSV', '표준=N'})",0.09443917291429882,0.6992794803082281,0.09023701031250325,0.9555040300320194,1.366412224209486,1.0,0.024197634556253483,6.7583765430480875,0.29612194141740056,0.1282720184982065,0.8520354712954494,0.5422734351731754,국가중점=N AND 조회수=L3(상) AND 주기=연간,표준=N AND 형식=CSV,BR,0.1178145584223775,732,[]
"frozenset({'조회수=L3(상)', '국가중점=N', '주기=연간'})","frozenset({'형식=CSV', '표준=N', '유형=FILE'})",0.09443917291429882,0.6992794803082281,0.09023701031250325,0.9555040300320194,1.366412224209486,1.0,0.024197634556253483,6.7583765430480875,0.29612194141740056,0.1282720184982065,0.8520354712954494,0.5422734351731754,국가중점=N AND 조회수=L3(상) AND 주기=연간,유형=FILE AND 표준=N AND 형식=CSV,BR,0.1178145584223775,732,[]
"frozenset({'조회수=L3(상)', '국가중점=N', '주기=연간'})",frozenset({'형식=CSV'}),0.09443917291429882,0.6992794803082281,0.09023701031250325,0.9555040300320194,1.366412224209486,1.0,0.024197634556253483,6.7583765430480875,0.29612194141740056,0.1282720184982065,0.8520354712954494,0.5422734351731754,국가중점=N AND 조회수=L3(상) AND 주기=연간,형식=CSV,BR,0.1178145584223775,732,[]
"frozenset({'다운로드=L0(최소)', '조회수=L0(최소)'})",frozenset({'표준=N'}),0.11699321189118171,0.9968718392542465,0.11681594944892235,0.9984848484848485,1.0016180708162132,1.0,0.00018871113069825196,2.0645860921973758,0.0018294954402562804,0.1171616816565572,0.5156414141414263,0.5578336818389432,다운로드=L0(최소) AND 조회수=L0(최소),표준=N,BR,0.11682768567618845,737,[]
"frozenset({'표준=N', '다운로드=L4(최대)', '주기=연간'})",frozenset({'유형=FILE'}),0.10132112655495656,0.8711614860848983,0.10132112655495656,1.0,1.1478928028534836,1.0,0.013054063373544547,inf,0.14336435151880808,0.11630579194944161,1.0,0.5581528959747208,다운로드=L4(최대) AND 주기=연간 AND 표준=N,유형=FILE,BR,0.11630579194944161,739,[]
"frozenset({'다운로드=L4(최대)', '주기=연간'})","frozenset({'표준=N', '유형=FILE'})",0.10132112655495656,0.8711614860848983,0.10132112655495656,1.0,1.1478928028534836,1.0,0.013054063373544547,inf,0.14336435151880808,0.11630579194944161,1.0,0.5581528959747208,다운로드=L4(최대) AND 주기=연간,유형=FILE AND 표준=N,BR,0.11630579194944161,739,[]
"frozenset({'다운로드=L4(최대)', '주기=연간'})",frozenset({'유형=FILE'}),0.10132112655495656,0.8711614860848983,0.10132112655495656,1.0,1.1478928028534836,1.0,0.013054063373544547,inf,0.14336435151880808,0.11630579194944161,1.0,0.5581528959747208,다운로드=L4(최대) AND 주기=연간,유형=FILE,BR,0.11630579194944161,739,[]
frozenset({'도메인=문화관광'}),frozenset({'국가중점=N'}),0.11614860848982826,0.9609709810954818,0.11453239210452228,0.9860849268336476,1.0261339272800272,1.0,0.002916949851177006,2.8048015585640544,0.0288151829493228,0.11898391377349293,0.6434685381050773,0.5526344773057127,도메인=문화관광,국가중점=N,BR,0.11589019635944948,741,['문화관광']
"frozenset({'조회수=L4(최대)', '국가중점=N', '형식=CSV'})",frozenset({'표준=N'}),0.11509546103875791,0.9968718392542465,0.11509546103875791,1.0,1.0031379768417308,1.0,0.00036003710323584404,inf,0.003535026218111095,0.11545662793008588,1.0,0.557728313965043,국가중점=N AND 조회수=L4(최대) AND 형식=CSV,표준=N,BR,0.11545662793008586,742,[]
"frozenset({'형식=CSV', '국가중점=N', '유형=FILE', '조회수=L4(최대)'})",frozenset({'표준=N'}),0.11509546103875791,0.9968718392542465,0.11509546103875791,1.0,1.0031379768417308,1.0,0.00036003710323584404,inf,0.003535026218111095,0.11545662793008588,1.0,0.557728313965043,국가중점=N AND 유형=FILE AND 조회수=L4(최대) AND 형식=CSV,표준=N,BR,0.11545662793008586,742,[]
"frozenset({'표준=N', '도메인=문화관광'})",frozenset({'국가중점=N'}),0.11573152039039446,0.9609709810954818,0.11411530400508847,0.9860347779079196,1.0260817415983423,1.0,0.0029006713118593513,2.794729553685458,0.02874554080120361,0.11855061474299954,0.6421836242861916,0.5523923889539598,도메인=문화관광 AND 표준=N,국가중점=N,BR,0.11545641926021555,744,['문화관광']
frozenset({'도메인=문화관광'}),"frozenset({'국가중점=N', '표준=N'})",0.11614860848982826,0.9578428203497283,0.11411530400508847,0.9824939402100727,1.0257360804263729,1.0,0.002863193269494968,2.408147816022445,0.028387524557346864,0.11888544891640866,0.584743098680833,0.5508158793147032,도메인=문화관광,국가중점=N AND 표준=N,BR,0.11500306210387418,745,['문화관광']
"frozenset({'형식=CSV', '도메인=공공행정'})","frozenset({'국가중점=N', '표준=N'})",0.11376077912056974,0.9578428203497283,0.11251994202475418,0.9890925756186985,1.0326251391199657,1.0,0.0035549965067251665,3.86499857129802,0.035649932557038896,0.11732025788495201,0.7412676921988718,0.5532824079922363,도메인=공공행정 AND 형식=CSV,국가중점=N AND 표준=N,BR,0.11492357710480336,746,['공공행정']
"frozenset({'형식=CSV', '도메인=공공행정', '유형=FILE'})","frozenset({'국가중점=N', '표준=N'})",0.11376077912056974,0.9578428203497283,0.11251994202475418,0.9890925756186985,1.0326251391199657,1.0,0.0035549965067251665,3.86499857129802,0.035649932557038896,0.11732025788495201,0.7412676921988718,0.5532824079922363,도메인=공공행정 AND 유형=FILE AND 형식=CSV,국가중점=N AND 표준=N,BR,0.11492357710480336,746,['공공행정']
"frozenset({'형식=CSV', '도메인=공공행정', '유형=FILE'})",frozenset({'국가중점=N'}),0.11376077912056974,0.9609709810954818,0.11251994202475418,0.9890925756186985,1.029263729161893,1.0,0.0031991345030738666,3.578206691162131,0.03208130558208071,0.11693884849207298,0.720530397958867,0.5530912096843492,도메인=공공행정 AND 유형=FILE AND 형식=CSV,국가중점=N,BR,0.11454947691891533,749,['공공행정']
"frozenset({'형식=CSV', '도메인=공공행정', '표준=N', '유형=FILE'})",frozenset({'국가중점=N'}),0.11376077912056974,0.9609709810954818,0.11251994202475418,0.9890925756186985,1.029263729161893,1.0,0.0031991345030738666,3.578206691162131,0.03208130558208071,0.11693884849207298,0.720530397958867,0.5530912096843492,도메인=공공행정 AND 유형=FILE AND 표준=N AND 형식=CSV,국가중점=N,BR,0.11454947691891533,749,['공공행정']
"frozenset({'형식=CSV', '도메인=공공행정', '표준=N'})",frozenset({'국가중점=N'}),0.11376077912056974,0.9609709810954818,0.11251994202475418,0.9890925756186985,1.029263729161893,1.0,0.0031991345030738666,3.578206691162131,0.03208130558208071,0.11693884849207298,0.720530397958867,0.5530912096843492,도메인=공공행정 AND 표준=N AND 형식=CSV,국가중점=N,BR,0.11454947691891533,749,['공공행정']
"frozenset({'형식=CSV', '도메인=공공행정'})",frozenset({'국가중점=N'}),0.11376077912056974,0.9609709810954818,0.11251994202475418,0.9890925756186985,1.029263729161893,1.0,0.0031991345030738666,3.578206691162131,0.03208130558208071,0.11693884849207298,0.720530397958867,0.5530912096843492,도메인=공공행정 AND 형식=CSV,국가중점=N,BR,0.11454947691891533,749,['공공행정']
"frozenset({'다운로드=L0(최소)', '국가중점=N', '조회수=L0(최소)'})",frozenset({'표준=N'}),0.11451153769955058,0.9968718392542465,0.11433427525729122,0.9984520123839009,1.0015851316763411,1.0,0.00018094805490824484,2.020791841756741,0.0017872881215911897,0.11467266262288224,0.5051444788441609,0.5565725329745828,국가중점=N AND 다운로드=L0(최소) AND 조회수=L0(최소),표준=N,BR,0.11433824154714708,752,[]
"frozenset({'형식=CSV', '조회수=L4(최대)', '표준=N'})","frozenset({'국가중점=N', '유형=FILE'})",0.12490745857793813,0.8547803509796357,0.11509546103875791,0.9214458635946239,1.0779913957294234,1.0,0.008327019755533654,1.848656934766146,0.08267561150050952,0.13312107288010902,0.4590667520869688,0.5280475146020353,조회수=L4(최대) AND 표준=N AND 형식=CSV,국가중점=N AND 유형=FILE,BI,0.11432555441976211,754,[]
"frozenset({'형식=CSV', '조회수=L4(최대)'})","frozenset({'국가중점=N', '표준=N', '유형=FILE'})",0.12490745857793813,0.8547803509796357,0.11509546103875791,0.9214458635946239,1.0779913957294234,1.0,0.008327019755533654,1.848656934766146,0.08267561150050952,0.13312107288010902,0.4590667520869688,0.5280475146020353,조회수=L4(최대) AND 형식=CSV,국가중점=N AND 유형=FILE AND 표준=N,BI,0.11432555441976211,754,[]
"frozenset({'조회수=L4(최대)', '형식=CSV'})","frozenset({'국가중점=N', '유형=FILE'})",0.12490745857793813,0.8547803509796357,0.11509546103875791,0.9214458635946239,1.0779913957294234,1.0,0.008327019755533654,1.848656934766146,0.08267561150050952,0.13312107288010902,0.4590667520869688,0.5280475146020353,조회수=L4(최대) AND 형식=CSV,국가중점=N AND 유형=FILE,BI,0.11432555441976211,754,[]
"frozenset({'다운로드=L0(최소)', '조회수=L0(최소)'})",frozenset({'국가중점=N'}),0.11699321189118171,0.9609709810954818,0.11451153769955058,0.9787878787878788,1.0185405158354377,1.0,0.002084456086970096,1.839939462641568,0.020614815939495938,0.11885538648022685,0.4565038577061019,0.5489751025883838,다운로드=L0(최소) AND 조회수=L0(최소),국가중점=N,BR,0.11416057254202376,756,[]
"frozenset({'주기=수시', '유형=FILE', '조회수=L0(최소)'})","frozenset({'국가중점=N', '표준=N'})",0.10942306288645819,0.9578428203497283,0.10939178127900066,0.999714122355632,1.043714168041282,1.0,0.004581686112529862,147.4658144167336,0.04702937360335158,0.11420267136932172,0.9932187673193597,0.5569602617003503,유형=FILE AND 조회수=L0(최소) AND 주기=수시,국가중점=N AND 표준=N,BR,0.11414111226489902,757,[]
"frozenset({'주기=수시', '조회수=L0(최소)'})","frozenset({'국가중점=N', '표준=N'})",0.10942306288645819,0.9578428203497283,0.10939178127900066,0.999714122355632,1.043714168041282,1.0,0.004581686112529862,147.4658144167336,0.04702937360335158,0.11420267136932172,0.9932187673193597,0.5569602617003503,조회수=L0(최소) AND 주기=수시,국가중점=N AND 표준=N,BR,0.11414111226489902,757,[]
"frozenset({'형식=CSV', '도메인=공공행정', '유형=FILE'})",frozenset({'표준=N'}),0.11376077912056974,0.9968718392542465,0.11376077912056974,1.0,1.0031379768417308,1.0,0.00035586200365129994,inf,0.0035297024460837637,0.11411775781094734,1.0,0.5570588789054737,도메인=공공행정 AND 유형=FILE AND 형식=CSV,표준=N,BR,0.11411775781094734,759,['공공행정']
"frozenset({'형식=CSV', '도메인=공공행정'})",frozenset({'표준=N'}),0.11376077912056974,0.9968718392542465,0.11376077912056974,1.0,1.0031379768417308,1.0,0.00035586200365129994,inf,0.0035297024460837637,0.11411775781094734,1.0,0.5570588789054737,도메인=공공행정 AND 형식=CSV,표준=N,BR,0.11411775781094734,759,['공공행정']
"frozenset({'다운로드=L0(최소)', '조회수=L0(최소)'})","frozenset({'국가중점=N', '표준=N'})",0.11699321189118171,0.9578428203497283,0.11433427525729122,0.9772727272727273,1.0202850681867666,1.0,0.002273167217668348,1.8549159046119545,0.022515982313245368,0.11903598762416544,0.4608920018887873,0.5483195772222552,다운로드=L0(최소) AND 조회수=L0(최소),국가중점=N AND 표준=N,BR,0.11400233669453877,761,[]
"frozenset({'다운로드=L0(최소)', '표준=N', '조회수=L0(최소)'})",frozenset({'국가중점=N'}),0.11681594944892235,0.9609709810954818,0.11433427525729122,0.9787556904400607,1.0185070201852555,1.0,0.002077537707760091,1.8371516755769637,0.020574119326761998,0.11867139981384879,0.4556791291138514,0.548866777511697,다운로드=L0(최소) AND 조회수=L0(최소) AND 표준=N,국가중점=N,BR,0.11397635658313685,762,[]
"frozenset({'표준=N', '주기=수시', '유형=FILE', '조회수=L0(최소)'})",frozenset({'국가중점=N'}),0.10942306288645819,0.9609709810954818,0.10939178127900066,0.999714122355632,1.0403166609838561,1.0,0.004239393182528334,136.52350812808166,0.04351585877683305,0.11383092998274798,0.9926752541469867,0.5567743788861493,유형=FILE AND 조회수=L0(최소) AND 주기=수시 AND 표준=N,국가중점=N,BR,0.1137695591650784,764,[]
"frozenset({'주기=수시', '조회수=L0(최소)'})",frozenset({'국가중점=N'}),0.10942306288645819,0.9609709810954818,0.10939178127900066,0.999714122355632,1.0403166609838561,1.0,0.004239393182528334,136.52350812808166,0.04351585877683305,0.11383092998274798,0.9926752541469867,0.5567743788861493,조회수=L0(최소) AND 주기=수시,국가중점=N,BR,0.1137695591650784,764,[]
"frozenset({'주기=수시', '유형=FILE', '조회수=L0(최소)'})",frozenset({'국가중점=N'}),0.10942306288645819,0.9609709810954818,0.10939178127900066,0.999714122355632,1.0403166609838561,1.0,0.004239393182528334,136.52350812808166,0.04351585877683305,0.11383092998274798,0.9926752541469867,0.5567743788861493,유형=FILE AND 조회수=L0(최소) AND 주기=수시,국가중점=N,BR,0.1137695591650784,764,[]
"frozenset({'표준=N', '주기=수시', '조회수=L0(최소)'})",frozenset({'국가중점=N'}),0.10942306288645819,0.9609709810954818,0.10939178127900066,0.999714122355632,1.0403166609838561,1.0,0.004239393182528334,136.52350812808166,0.04351585877683305,0.11383092998274798,0.9926752541469867,0.5567743788861493,조회수=L0(최소) AND 주기=수시 AND 표준=N,국가중점=N,BR,0.1137695591650784,764,[]
"frozenset({'형식=CSV', '도메인=공공행정', '국가중점=N', '유형=FILE'})",frozenset({'표준=N'}),0.11251994202475418,0.9968718392542465,0.11251994202475418,1.0,1.0031379768417308,1.0,0.0003519804657562964,inf,0.00352476736535387,0.11287302699706078,1.0,0.5564365134985304,국가중점=N AND 도메인=공공행정 AND 유형=FILE AND 형식=CSV,표준=N,BR,0.11287302699706075,767,['공공행정']
"frozenset({'형식=CSV', '도메인=공공행정', '국가중점=N'})",frozenset({'표준=N'}),0.11251994202475418,0.9968718392542465,0.11251994202475418,1.0,1.0031379768417308,1.0,0.0003519804657562964,inf,0.00352476736535387,0.11287302699706078,1.0,0.5564365134985304,국가중점=N AND 도메인=공공행정 AND 형식=CSV,표준=N,BR,0.11287302699706075,767,['공공행정']
"frozenset({'조회수=L1(하)', '주기=수시', '유형=FILE'})","frozenset({'국가중점=N', '표준=N'})",0.10847418746024629,0.9578428203497283,0.10833863382793031,0.9987503604729406,1.042707988465452,1.0,0.004437412175862868,33.735472300140316,0.045942274679319495,0.11309089721681018,0.9703576107930808,0.5559286311400192,유형=FILE AND 조회수=L1(하) AND 주기=수시,국가중점=N AND 표준=N,BR,0.11282439272415384,769,[]
"frozenset({'조회수=L1(하)', '주기=수시'})","frozenset({'국가중점=N', '표준=N'})",0.10847418746024629,0.9578428203497283,0.10833863382793031,0.9987503604729406,1.042707988465452,1.0,0.004437412175862868,33.735472300140316,0.045942274679319495,0.11309089721681018,0.9703576107930808,0.5559286311400192,조회수=L1(하) AND 주기=수시,국가중점=N AND 표준=N,BR,0.11282439272415384,769,[]
"frozenset({'다운로드=L3(상)', '주기=연간'})",frozenset({'표준=N'}),0.11242609720238157,0.9968718392542465,0.11242609720238157,1.0,1.0031379768417308,1.0,0.00035168690406675585,inf,0.0035243946852127747,0.11277888769180884,1.0,0.5563894438459044,다운로드=L3(상) AND 주기=연간,표준=N,BR,0.11277888769180881,771,[]
"frozenset({'다운로드=L3(상)', '주기=연간', '유형=FILE'})",frozenset({'표준=N'}),0.11242609720238157,0.9968718392542465,0.11242609720238157,1.0,1.0031379768417308,1.0,0.00035168690406675585,inf,0.0035243946852127747,0.11277888769180884,1.0,0.5563894438459044,다운로드=L3(상) AND 유형=FILE AND 주기=연간,표준=N,BR,0.11277888769180881,771,[]
"frozenset({'조회수=L1(하)', '주기=수시'})",frozenset({'국가중점=N'}),0.10847418746024629,0.9609709810954818,0.10833863382793031,0.9987503604729406,1.0393137567321662,1.0,0.004098087480722226,31.232221820288217,0.04242911256324983,0.11272281470712685,0.9679817847813054,0.5557445378753592,조회수=L1(하) AND 주기=수시,국가중점=N,BR,0.11245712582075493,774,[]
"frozenset({'조회수=L1(하)', '표준=N', '주기=수시', '유형=FILE'})",frozenset({'국가중점=N'}),0.10847418746024629,0.9609709810954818,0.10833863382793031,0.9987503604729406,1.0393137567321662,1.0,0.004098087480722226,31.232221820288217,0.04242911256324983,0.11272281470712685,0.9679817847813054,0.5557445378753592,유형=FILE AND 조회수=L1(하) AND 주기=수시 AND 표준=N,국가중점=N,BR,0.11245712582075493,774,[]
"frozenset({'조회수=L1(하)', '주기=수시', '유형=FILE'})",frozenset({'국가중점=N'}),0.10847418746024629,0.9609709810954818,0.10833863382793031,0.9987503604729406,1.0393137567321662,1.0,0.004098087480722226,31.232221820288217,0.04242911256324983,0.11272281470712685,0.9679817847813054,0.5557445378753592,유형=FILE AND 조회수=L1(하) AND 주기=수시,국가중점=N,BR,0.11245712582075493,774,[]
"frozenset({'조회수=L1(하)', '표준=N', '주기=수시'})",frozenset({'국가중점=N'}),0.10847418746024629,0.9609709810954818,0.10833863382793031,0.9987503604729406,1.0393137567321662,1.0,0.004098087480722226,31.232221820288217,0.04242911256324983,0.11272281470712685,0.9679817847813054,0.5557445378753592,조회수=L1(하) AND 주기=수시 AND 표준=N,국가중점=N,BR,0.11245712582075493,774,[]
"frozenset({'형식=CSV', '다운로드=L0(최소)', '유형=FILE'})","frozenset({'국가중점=N', '표준=N'})",0.10865144990250565,0.9578428203497283,0.10829692501798692,0.9967370441458734,1.0406060607960124,1.0,0.004225913808283688,12.919935645759983,0.04377810384601322,0.11302152480031341,0.9226002336684876,0.5549002007143475,다운로드=L0(최소) AND 유형=FILE AND 형식=CSV,국가중점=N AND 표준=N,BR,0.11232671956785513,777,[]
"frozenset({'형식=CSV', '다운로드=L0(최소)'})","frozenset({'국가중점=N', '표준=N'})",0.10865144990250565,0.9578428203497283,0.10829692501798692,0.9967370441458734,1.0406060607960124,1.0,0.004225913808283688,12.919935645759983,0.04377810384601322,0.11302152480031341,0.9226002336684876,0.5549002007143475,다운로드=L0(최소) AND 형식=CSV,국가중점=N AND 표준=N,BR,0.11232671956785513,777,[]
"frozenset({'다운로드=L3(상)', '주기=연간'})","frozenset({'국가중점=N', '표준=N'})",0.11242609720238157,0.9578428203497283,0.11075774480464635,0.9851604526061954,1.028519953040409,1.0,0.003071214779404488,2.840866943682669,0.03124147719664545,0.11543142795044556,0.6479947777125805,0.5503964684106527,다운로드=L3(상) AND 주기=연간,국가중점=N AND 표준=N,BR,0.1122260804354706,779,[]
"frozenset({'다운로드=L3(상)', '주기=연간', '유형=FILE'})","frozenset({'국가중점=N', '표준=N'})",0.11242609720238157,0.9578428203497283,0.11075774480464635,0.9851604526061954,1.028519953040409,1.0,0.003071214779404488,2.840866943682669,0.03124147719664545,0.11543142795044556,0.6479947777125805,0.5503964684106527,다운로드=L3(상) AND 유형=FILE AND 주기=연간,국가중점=N AND 표준=N,BR,0.1122260804354706,779,[]
"frozenset({'형식=CSV', '다운로드=L0(최소)'})",frozenset({'국가중점=N'}),0.10865144990250565,0.9609709810954818,0.10829692501798692,0.9967370441458734,1.037218671275192,1.0,0.0038860346077294744,11.96124638191433,0.04025714539489768,0.1126537518710545,0.9163966723808965,0.5547161783229367,다운로드=L0(최소) AND 형식=CSV,국가중점=N,BR,0.11196107269426185,782,[]
"frozenset({'형식=CSV', '다운로드=L0(최소)', '표준=N', '유형=FILE'})",frozenset({'국가중점=N'}),0.10865144990250565,0.9609709810954818,0.10829692501798692,0.9967370441458734,1.037218671275192,1.0,0.0038860346077294744,11.96124638191433,0.04025714539489768,0.1126537518710545,0.9163966723808965,0.5547161783229367,다운로드=L0(최소) AND 유형=FILE AND 표준=N AND 형식=CSV,국가중점=N,BR,0.11196107269426185,782,[]
"frozenset({'형식=CSV', '다운로드=L0(최소)', '유형=FILE'})",frozenset({'국가중점=N'}),0.10865144990250565,0.9609709810954818,0.10829692501798692,0.9967370441458734,1.037218671275192,1.0,0.0038860346077294744,11.96124638191433,0.04025714539489768,0.1126537518710545,0.9163966723808965,0.5547161783229367,다운로드=L0(최소) AND 유형=FILE AND 형식=CSV,국가중점=N,BR,0.11196107269426185,782,[]
"frozenset({'형식=CSV', '다운로드=L0(최소)', '표준=N'})",frozenset({'국가중점=N'}),0.10865144990250565,0.9609709810954818,0.10829692501798692,0.9967370441458734,1.037218671275192,1.0,0.0038860346077294744,11.96124638191433,0.04025714539489768,0.1126537518710545,0.9163966723808965,0.5547161783229367,다운로드=L0(최소) AND 표준=N AND 형식=CSV,국가중점=N,BR,0.11196107269426185,782,[]
"frozenset({'다운로드=L3(상)', '주기=연간'})",frozenset({'국가중점=N'}),0.11242609720238157,0.9609709810954818,0.11075774480464635,0.9851604526061954,1.0251719063182723,1.0,0.002719527875337732,2.6300680114282056,0.02766399428420296,0.11505632582322357,0.6197816955094747,0.5502082644975421,다운로드=L3(상) AND 주기=연간,국가중점=N,BR,0.11186076116321972,786,[]
"frozenset({'다운로드=L3(상)', '표준=N', '주기=연간'})",frozenset({'국가중점=N'}),0.11242609720238157,0.9609709810954818,0.11075774480464635,0.9851604526061954,1.0251719063182723,1.0,0.002719527875337732,2.6300680114282056,0.02766399428420296,0.11505632582322357,0.6197816955094747,0.5502082644975421,다운로드=L3(상) AND 주기=연간 AND 표준=N,국가중점=N,BR,0.11186076116321972,786,[]
"frozenset({'다운로드=L3(상)', '표준=N', '주기=연간', '유형=FILE'})",frozenset({'국가중점=N'}),0.11242609720238157,0.9609709810954818,0.11075774480464635,0.9851604526061954,1.0251719063182723,1.0,0.002719527875337732,2.6300680114282056,0.02766399428420296,0.11505632582322357,0.6197816955094747,0.5502082644975421,다운로드=L3(상) AND 유형=FILE AND 주기=연간 AND 표준=N,국가중점=N,BR,0.11186076116321972,786,[]
"frozenset({'다운로드=L3(상)', '주기=연간', '유형=FILE'})",frozenset({'국가중점=N'}),0.11242609720238157,0.9609709810954818,0.11075774480464635,0.9851604526061954,1.0251719063182723,1.0,0.002719527875337732,2.6300680114282056,0.02766399428420296,0.11505632582322357,0.6197816955094747,0.5502082644975421,다운로드=L3(상) AND 유형=FILE AND 주기=연간,국가중점=N,BR,0.11186076116321972,786,[]
"frozenset({'국가중점=N', '다운로드=L4(최대)', '주기=연간'})","frozenset({'표준=N', '유형=FILE'})",0.09684785668852904,0.8711614860848983,0.09684785668852904,1.0,1.1478928028534836,1.0,0.01247773393161282,inf,0.14265427466374178,0.1111709576645481,1.0,0.555585478832274,국가중점=N AND 다운로드=L4(최대) AND 주기=연간,유형=FILE AND 표준=N,BR,0.1111709576645481,790,[]
"frozenset({'표준=N', '국가중점=N', '다운로드=L4(최대)', '주기=연간'})",frozenset({'유형=FILE'}),0.09684785668852904,0.8711614860848983,0.09684785668852904,1.0,1.1478928028534836,1.0,0.01247773393161282,inf,0.14265427466374178,0.1111709576645481,1.0,0.555585478832274,국가중점=N AND 다운로드=L4(최대) AND 주기=연간 AND 표준=N,유형=FILE,BR,0.1111709576645481,790,[]
"frozenset({'국가중점=N', '다운로드=L4(최대)', '주기=연간'})",frozenset({'유형=FILE'}),0.09684785668852904,0.8711614860848983,0.09684785668852904,1.0,1.1478928028534836,1.0,0.01247773393161282,inf,0.14265427466374178,0.1111709576645481,1.0,0.555585478832274,국가중점=N AND 다운로드=L4(최대) AND 주기=연간,유형=FILE,BR,0.1111709576645481,790,[]
"frozenset({'다운로드=L3(상)', '국가중점=N', '주기=연간', '유형=FILE'})",frozenset({'표준=N'}),0.11075774480464635,0.9968718392542465,0.11075774480464635,1.0,1.0031379768417308,1.0,0.00034646802958607226,inf,0.003517782389981269,0.11110530004288569,1.0,0.5555526500214428,국가중점=N AND 다운로드=L3(상) AND 유형=FILE AND 주기=연간,표준=N,BR,0.11110530004288566,792,[]
"frozenset({'다운로드=L3(상)', '국가중점=N', '주기=연간'})",frozenset({'표준=N'}),0.11075774480464635,0.9968718392542465,0.11075774480464635,1.0,1.0031379768417308,1.0,0.00034646802958607226,inf,0.003517782389981269,0.11110530004288569,1.0,0.5555526500214428,국가중점=N AND 다운로드=L3(상) AND 주기=연간,표준=N,BR,0.11110530004288566,792,[]
"frozenset({'다운로드=L1(하)', '유형=FILE'})",frozenset({'형식=CSV'}),0.16697079340583715,0.6992794803082281,0.12927645641950722,0.7742459251857866,1.1072052691214604,1.0,0.012517206780020898,1.3320712812792104,0.11623254821806835,0.17541526358980167,0.24928942313080776,0.47955843371706014,다운로드=L1(하) AND 유형=FILE,형식=CSV,BI,0.11082213470263666,795,[]
"frozenset({'다운로드=L1(하)', '유형=FILE'})","frozenset({'형식=CSV', '표준=N'})",0.16697079340583715,0.6992794803082281,0.12927645641950722,0.7742459251857866,1.1072052691214604,1.0,0.012517206780020898,1.3320712812792104,0.11623254821806835,0.17541526358980167,0.24928942313080776,0.47955843371706014,다운로드=L1(하) AND 유형=FILE,표준=N AND 형식=CSV,BI,0.11082213470263666,795,[]
"frozenset({'다운로드=L1(하)', '표준=N', '유형=FILE'})",frozenset({'형식=CSV'}),0.16697079340583715,0.6992794803082281,0.12927645641950722,0.7742459251857866,1.1072052691214604,1.0,0.012517206780020898,1.3320712812792104,0.11623254821806835,0.17541526358980167,0.24928942313080776,0.47955843371706014,다운로드=L1(하) AND 유형=FILE AND 표준=N,형식=CSV,BI,0.11082213470263666,795,[]
"frozenset({'조회수=L4(최대)', '표준=N', '유형=FILE'})",frozenset({'형식=CSV'}),0.15910868273150996,0.6992794803082281,0.12490745857793813,0.7850448915394194,1.1226482595962743,1.0,0.013646021604921094,1.3989921981636426,0.1299205391920195,0.17029413019063733,0.2851997306971199,0.4818339886473024,유형=FILE AND 조회수=L4(최대) AND 표준=N,형식=CSV,BI,0.11008460068397315,798,[]
"frozenset({'조회수=L4(최대)', '유형=FILE'})",frozenset({'형식=CSV'}),0.15910868273150996,0.6992794803082281,0.12490745857793813,0.7850448915394194,1.1226482595962743,1.0,0.013646021604921094,1.3989921981636426,0.1299205391920195,0.17029413019063733,0.2851997306971199,0.4818339886473024,유형=FILE AND 조회수=L4(최대),형식=CSV,BI,0.11008460068397315,798,[]
"frozenset({'조회수=L4(최대)', '유형=FILE'})","frozenset({'형식=CSV', '표준=N'})",0.15910868273150996,0.6992794803082281,0.12490745857793813,0.7850448915394194,1.1226482595962743,1.0,0.013646021604921094,1.3989921981636426,0.1299205391920195,0.17029413019063733,0.2851997306971199,0.4818339886473024,유형=FILE AND 조회수=L4(최대),표준=N AND 형식=CSV,BI,0.11008460068397315,798,[]
"frozenset({'다운로드=L1(하)', '국가중점=N', '유형=FILE'})",frozenset({'형식=CSV'}),0.16543799464041792,0.6992794803082281,0.1281398913485501,0.7745493508130594,1.1076391809347157,1.0,0.012452496433163249,1.3338640663767556,0.11644302137407696,0.17396659116647795,0.2502984185514855,0.47889747784602693,국가중점=N AND 다운로드=L1(하) AND 유형=FILE,형식=CSV,BI,0.10993393044640662,801,[]
"frozenset({'다운로드=L1(하)', '국가중점=N', '유형=FILE'})","frozenset({'형식=CSV', '표준=N'})",0.16543799464041792,0.6992794803082281,0.1281398913485501,0.7745493508130594,1.1076391809347157,1.0,0.012452496433163249,1.3338640663767556,0.11644302137407696,0.17396659116647795,0.2502984185514855,0.47889747784602693,국가중점=N AND 다운로드=L1(하) AND 유형=FILE,표준=N AND 형식=CSV,BI,0.10993393044640662,801,[]
"frozenset({'다운로드=L1(하)', '국가중점=N', '표준=N', '유형=FILE'})",frozenset({'형식=CSV'}),0.16543799464041792,0.6992794803082281,0.1281398913485501,0.7745493508130594,1.1076391809347157,1.0,0.012452496433163249,1.3338640663767556,0.11644302137407696,0.17396659116647795,0.2502984185514855,0.47889747784602693,국가중점=N AND 다운로드=L1(하) AND 유형=FILE AND 표준=N,형식=CSV,BI,0.10993393044640662,801,[]
"frozenset({'다운로드=L1(하)', '유형=FILE'})","frozenset({'형식=CSV', '국가중점=N'})",0.16697079340583715,0.6867564101227281,0.1281398913485501,0.7674389558483733,1.1174834985686215,1.0,0.013471628673813699,1.346930613508259,0.12620469856118086,0.1766016152674389,0.2575712587039894,0.47701303111115334,다운로드=L1(하) AND 유형=FILE,국가중점=N AND 형식=CSV,BI,0.10989281814505028,804,[]
"frozenset({'다운로드=L1(하)', '표준=N', '유형=FILE'})","frozenset({'형식=CSV', '국가중점=N'})",0.16697079340583715,0.6867564101227281,0.1281398913485501,0.7674389558483733,1.1174834985686215,1.0,0.013471628673813699,1.346930613508259,0.12620469856118086,0.1766016152674389,0.2575712587039894,0.47701303111115334,다운로드=L1(하) AND 유형=FILE AND 표준=N,국가중점=N AND 형식=CSV,BI,0.10989281814505028,804,[]
"frozenset({'다운로드=L1(하)', '유형=FILE'})","frozenset({'형식=CSV', '국가중점=N', '표준=N'})",0.16697079340583715,0.6867564101227281,0.1281398913485501,0.7674389558483733,1.1174834985686215,1.0,0.013471628673813699,1.346930613508259,0.12620469856118086,0.1766016152674389,0.2575712587039894,0.47701303111115334,다운로드=L1(하) AND 유형=FILE,국가중점=N AND 표준=N AND 형식=CSV,BI,0.10989281814505028,804,[]
"frozenset({'주기=수시', '다운로드=L2(중)'})",frozenset({'유형=FILE'}),0.09568001001011439,0.8711614860848983,0.09568001001011439,1.0,1.1478928028534836,1.0,0.0123272703010852,inf,0.1424700496961731,0.10983039486755958,1.0,0.5549151974337798,다운로드=L2(중) AND 주기=수시,유형=FILE,BR,0.10983039486755958,807,[]
"frozenset({'주기=수시', '다운로드=L2(중)'})","frozenset({'표준=N', '유형=FILE'})",0.09568001001011439,0.8711614860848983,0.09568001001011439,1.0,1.1478928028534836,1.0,0.0123272703010852,inf,0.1424700496961731,0.10983039486755958,1.0,0.5549151974337798,다운로드=L2(중) AND 주기=수시,유형=FILE AND 표준=N,BR,0.10983039486755958,807,[]
"frozenset({'표준=N', '주기=수시', '다운로드=L2(중)'})",frozenset({'유형=FILE'}),0.09568001001011439,0.8711614860848983,0.09568001001011439,1.0,1.1478928028534836,1.0,0.0123272703010852,inf,0.1424700496961731,0.10983039486755958,1.0,0.5549151974337798,다운로드=L2(중) AND 주기=수시 AND 표준=N,유형=FILE,BR,0.10983039486755958,807,[]
"frozenset({'도메인=공공행정', '유형=FILE'})","frozenset({'형식=CSV', '표준=N'})",0.13847324901202257,0.6992794803082281,0.11376077912056974,0.8215361445783133,1.174832334871598,1.0,0.016929277514850738,1.6850500006357516,0.17273370936132737,0.15712989500669708,0.4065458000518023,0.49210949751618194,도메인=공공행정 AND 유형=FILE,표준=N AND 형식=CSV,BI,0.10979817571564376,810,['공공행정']
"frozenset({'도메인=공공행정', '표준=N', '유형=FILE'})",frozenset({'형식=CSV'}),0.13847324901202257,0.6992794803082281,0.11376077912056974,0.8215361445783133,1.174832334871598,1.0,0.016929277514850738,1.6850500006357516,0.17273370936132737,0.15712989500669708,0.4065458000518023,0.49210949751618194,도메인=공공행정 AND 유형=FILE AND 표준=N,형식=CSV,BI,0.10979817571564376,810,['공공행정']
"frozenset({'도메인=공공행정', '유형=FILE'})",frozenset({'형식=CSV'}),0.13847324901202257,0.6992794803082281,0.11376077912056974,0.8215361445783133,1.174832334871598,1.0,0.016929277514850738,1.6850500006357516,0.17273370936132737,0.15712989500669708,0.4065458000518023,0.49210949751618194,도메인=공공행정 AND 유형=FILE,형식=CSV,BI,0.10979817571564376,810,['공공행정']
"frozenset({'주기=수시', '유형=FILE', '조회수=L0(최소)'})",frozenset({'표준=N'}),0.10942306288645819,0.9968718392542465,0.10942306288645819,1.0,1.0031379768417308,1.0,0.00034229293000154204,inf,0.00351251039117662,0.10976642992374716,1.0,0.5548832149618735,유형=FILE AND 조회수=L0(최소) AND 주기=수시,표준=N,BR,0.10976642992374715,812,[]
"frozenset({'주기=수시', '조회수=L0(최소)'})",frozenset({'표준=N'}),0.10942306288645819,0.9968718392542465,0.10942306288645819,1.0,1.0031379768417308,1.0,0.00034229293000154204,inf,0.00351251039117662,0.10976642992374716,1.0,0.5548832149618735,조회수=L0(최소) AND 주기=수시,표준=N,BR,0.10976642992374715,812,[]
"frozenset({'국가중점=N', '주기=수시', '유형=FILE', '조회수=L0(최소)'})",frozenset({'표준=N'}),0.10939178127900066,0.9968718392542465,0.10939178127900066,1.0,1.0031379768417308,1.0,0.00034219507610502853,inf,0.0035123870182176184,0.10973505015532985,1.0,0.5548675250776649,국가중점=N AND 유형=FILE AND 조회수=L0(최소) AND 주기=수시,표준=N,BR,0.10973505015532985,814,[]
"frozenset({'국가중점=N', '주기=수시', '조회수=L0(최소)'})",frozenset({'표준=N'}),0.10939178127900066,0.9968718392542465,0.10939178127900066,1.0,1.0031379768417308,1.0,0.00034219507610502853,inf,0.0035123870182176184,0.10973505015532985,1.0,0.5548675250776649,국가중점=N AND 조회수=L0(최소) AND 주기=수시,표준=N,BR,0.10973505015532985,814,[]
"frozenset({'조회수=L3(상)', '주기=연간'})","frozenset({'국가중점=N', '유형=FILE'})",0.09485626101373262,0.8547803509796357,0.09443917291429882,0.9956029460261625,1.164747112969004,1.0,0.013357904832364514,33.026578678456616,0.1562674835010774,0.1104296722590714,0.9697213565554005,0.553043251094471,조회수=L3(상) AND 주기=연간,국가중점=N AND 유형=FILE,BR,0.10951408794175753,817,[]
"frozenset({'조회수=L3(상)', '표준=N', '주기=연간'})","frozenset({'국가중점=N', '유형=FILE'})",0.09485626101373262,0.8547803509796357,0.09443917291429882,0.9956029460261625,1.164747112969004,1.0,0.013357904832364514,33.026578678456616,0.1562674835010774,0.1104296722590714,0.9697213565554005,0.553043251094471,조회수=L3(상) AND 주기=연간 AND 표준=N,국가중점=N AND 유형=FILE,BR,0.10951408794175753,817,[]
"frozenset({'조회수=L3(상)', '주기=연간'})","frozenset({'국가중점=N', '표준=N', '유형=FILE'})",0.09485626101373262,0.8547803509796357,0.09443917291429882,0.9956029460261625,1.164747112969004,1.0,0.013357904832364514,33.026578678456616,0.1562674835010774,0.1104296722590714,0.9697213565554005,0.553043251094471,조회수=L3(상) AND 주기=연간,국가중점=N AND 유형=FILE AND 표준=N,BR,0.10951408794175753,817,[]
"frozenset({'다운로드=L0(최소)', '주기=수시'})","frozenset({'국가중점=N', '유형=FILE'})",0.09464771696401572,0.8547803509796357,0.09418892005463854,0.9951525834526826,1.1642202377630357,1.0,0.013285911328715969,29.958153503587706,0.15580232386245615,0.11013167520117044,0.9666201056123087,0.5526716855001288,다운로드=L0(최소) AND 주기=수시,국가중점=N AND 유형=FILE,BR,0.10912509545594527,820,[]
"frozenset({'다운로드=L0(최소)', '주기=수시'})","frozenset({'국가중점=N', '표준=N', '유형=FILE'})",0.09464771696401572,0.8547803509796357,0.09418892005463854,0.9951525834526826,1.1642202377630357,1.0,0.013285911328715969,29.958153503587706,0.15580232386245615,0.11013167520117044,0.9666201056123087,0.5526716855001288,다운로드=L0(최소) AND 주기=수시,국가중점=N AND 유형=FILE AND 표준=N,BR,0.10912509545594527,820,[]
"frozenset({'다운로드=L0(최소)', '표준=N', '주기=수시'})","frozenset({'국가중점=N', '유형=FILE'})",0.09464771696401572,0.8547803509796357,0.09418892005463854,0.9951525834526826,1.1642202377630357,1.0,0.013285911328715969,29.958153503587706,0.15580232386245615,0.11013167520117044,0.9666201056123087,0.5526716855001288,다운로드=L0(최소) AND 주기=수시 AND 표준=N,국가중점=N AND 유형=FILE,BR,0.10912509545594527,820,[]
"frozenset({'형식=CSV', '다운로드=L0(최소)', '유형=FILE'})",frozenset({'표준=N'}),0.10865144990250565,0.9968718392542465,0.10865144990250565,1.0,1.0031379768417308,1.0,0.00033987920055422727,inf,0.003509469719125479,0.1089923956361202,1.0,0.5544961978180601,다운로드=L0(최소) AND 유형=FILE AND 형식=CSV,표준=N,BR,0.10899239563612019,822,[]
"frozenset({'형식=CSV', '다운로드=L0(최소)'})",frozenset({'표준=N'}),0.10865144990250565,0.9968718392542465,0.10865144990250565,1.0,1.0031379768417308,1.0,0.00033987920055422727,inf,0.003509469719125479,0.1089923956361202,1.0,0.5544961978180601,다운로드=L0(최소) AND 형식=CSV,표준=N,BR,0.10899239563612019,822,[]
"frozenset({'조회수=L3(상)', '표준=N', '주기=연간'})",frozenset({'유형=FILE'}),0.09485626101373262,0.8711614860848983,0.09485626101373262,1.0,1.1478928028534836,1.0,0.012221139704552311,inf,0.14234039121719697,0.10888481932325518,1.0,0.5544424096616276,조회수=L3(상) AND 주기=연간 AND 표준=N,유형=FILE,BR,0.10888481932325517,825,[]
"frozenset({'조회수=L3(상)', '주기=연간'})","frozenset({'표준=N', '유형=FILE'})",0.09485626101373262,0.8711614860848983,0.09485626101373262,1.0,1.1478928028534836,1.0,0.012221139704552311,inf,0.14234039121719697,0.10888481932325518,1.0,0.5544424096616276,조회수=L3(상) AND 주기=연간,유형=FILE AND 표준=N,BR,0.10888481932325517,825,[]
"frozenset({'조회수=L3(상)', '주기=연간'})",frozenset({'유형=FILE'}),0.09485626101373262,0.8711614860848983,0.09485626101373262,1.0,1.1478928028534836,1.0,0.012221139704552311,inf,0.14234039121719697,0.10888481932325518,1.0,0.5544424096616276,조회수=L3(상) AND 주기=연간,유형=FILE,BR,0.10888481932325517,825,[]
"frozenset({'조회수=L1(하)', '주기=수시', '유형=FILE'})",frozenset({'표준=N'}),0.10847418746024629,0.9968718392542465,0.10847418746024629,1.0,1.0031379768417308,1.0,0.00033932469514065533,inf,0.0035087719298246027,0.10881457694842211,1.0,0.5544072884742111,유형=FILE AND 조회수=L1(하) AND 주기=수시,표준=N,BR,0.1088145769484221,827,[]
"frozenset({'조회수=L1(하)', '주기=수시'})",frozenset({'표준=N'}),0.10847418746024629,0.9968718392542465,0.10847418746024629,1.0,1.0031379768417308,1.0,0.00033932469514065533,inf,0.0035087719298246027,0.10881457694842211,1.0,0.5544072884742111,조회수=L1(하) AND 주기=수시,표준=N,BR,0.1088145769484221,827,[]
"frozenset({'조회수=L1(하)', '국가중점=N', '주기=수시', '유형=FILE'})",frozenset({'표준=N'}),0.10833863382793031,0.9968718392542465,0.10833863382793031,1.0,1.0031379768417308,1.0,0.00033890066158909216,inf,0.003508238513442359,0.10867859795194712,1.0,0.5543392989759736,국가중점=N AND 유형=FILE AND 조회수=L1(하) AND 주기=수시,표준=N,BR,0.1086785979519471,829,[]
"frozenset({'조회수=L1(하)', '국가중점=N', '주기=수시'})",frozenset({'표준=N'}),0.10833863382793031,0.9968718392542465,0.10833863382793031,1.0,1.0031379768417308,1.0,0.00033890066158909216,inf,0.003508238513442359,0.10867859795194712,1.0,0.5543392989759736,국가중점=N AND 조회수=L1(하) AND 주기=수시,표준=N,BR,0.1086785979519471,829,[]
"frozenset({'다운로드=L0(최소)', '표준=N', '주기=수시'})",frozenset({'유형=FILE'}),0.09464771696401572,0.8711614860848983,0.09464771696401572,1.0,1.1478928028534836,1.0,0.01219427119910095,inf,0.1423076037131735,0.10864543310950722,1.0,0.5543227165547536,다운로드=L0(최소) AND 주기=수시 AND 표준=N,유형=FILE,BR,0.10864543310950721,832,[]
"frozenset({'다운로드=L0(최소)', '주기=수시'})","frozenset({'표준=N', '유형=FILE'})",0.09464771696401572,0.8711614860848983,0.09464771696401572,1.0,1.1478928028534836,1.0,0.01219427119910095,inf,0.1423076037131735,0.10864543310950722,1.0,0.5543227165547536,다운로드=L0(최소) AND 주기=수시,유형=FILE AND 표준=N,BR,0.10864543310950721,832,[]
"frozenset({'다운로드=L0(최소)', '주기=수시'})",frozenset({'유형=FILE'}),0.09464771696401572,0.8711614860848983,0.09464771696401572,1.0,1.1478928028534836,1.0,0.01219427119910095,inf,0.1423076037131735,0.10864543310950722,1.0,0.5543227165547536,다운로드=L0(최소) AND 주기=수시,유형=FILE,BR,0.10864543310950721,832,[]
"frozenset({'형식=CSV', '다운로드=L0(최소)', '국가중점=N', '유형=FILE'})",frozenset({'표준=N'}),0.10829692501798692,0.9968718392542465,0.10829692501798692,1.0,1.0031379768417308,1.0,0.0003387701897270834,inf,0.0035080744179520297,0.10863675826072403,1.0,0.554318379130362,국가중점=N AND 다운로드=L0(최소) AND 유형=FILE AND 형식=CSV,표준=N,BR,0.10863675826072401,834,[]
"frozenset({'형식=CSV', '다운로드=L0(최소)', '국가중점=N'})",frozenset({'표준=N'}),0.10829692501798692,0.9968718392542465,0.10829692501798692,1.0,1.0031379768417308,1.0,0.0003387701897270834,inf,0.0035080744179520297,0.10863675826072403,1.0,0.554318379130362,국가중점=N AND 다운로드=L0(최소) AND 형식=CSV,표준=N,BR,0.10863675826072401,834,[]
"frozenset({'도메인=공공행정', '국가중점=N', '표준=N', '유형=FILE'})",frozenset({'형식=CSV'}),0.13694045024660334,0.6992794803082281,0.11251994202475418,0.8216706007766694,1.1750246130695754,1.0,0.016760295143134638,1.6863204889462169,0.17258831950300413,0.15547871190836396,0.40699291353276457,0.491289500170629,국가중점=N AND 도메인=공공행정 AND 유형=FILE AND 표준=N,형식=CSV,BI,0.10863611141114858,837,['공공행정']
"frozenset({'도메인=공공행정', '국가중점=N', '유형=FILE'})",frozenset({'형식=CSV'}),0.13694045024660334,0.6992794803082281,0.11251994202475418,0.8216706007766694,1.1750246130695754,1.0,0.016760295143134638,1.6863204889462169,0.17258831950300413,0.15547871190836396,0.40699291353276457,0.491289500170629,국가중점=N AND 도메인=공공행정 AND 유형=FILE,형식=CSV,BI,0.10863611141114858,837,['공공행정']
"frozenset({'도메인=공공행정', '국가중점=N', '유형=FILE'})","frozenset({'형식=CSV', '표준=N'})",0.13694045024660334,0.6992794803082281,0.11251994202475418,0.8216706007766694,1.1750246130695754,1.0,0.016760295143134638,1.6863204889462169,0.17258831950300413,0.15547871190836396,0.40699291353276457,0.491289500170629,국가중점=N AND 도메인=공공행정 AND 유형=FILE,표준=N AND 형식=CSV,BI,0.10863611141114858,837,['공공행정']
"frozenset({'조회수=L3(상)', '국가중점=N', '주기=연간'})",frozenset({'유형=FILE'}),0.09443917291429882,0.8711614860848983,0.09443917291429882,1.0,1.1478928028534836,1.0,0.01216740269364959,inf,0.14227483131059582,0.10840604689575926,1.0,0.5542030234478796,국가중점=N AND 조회수=L3(상) AND 주기=연간,유형=FILE,BR,0.10840604689575926,840,[]
"frozenset({'조회수=L3(상)', '국가중점=N', '표준=N', '주기=연간'})",frozenset({'유형=FILE'}),0.09443917291429882,0.8711614860848983,0.09443917291429882,1.0,1.1478928028534836,1.0,0.01216740269364959,inf,0.14227483131059582,0.10840604689575926,1.0,0.5542030234478796,국가중점=N AND 조회수=L3(상) AND 주기=연간 AND 표준=N,유형=FILE,BR,0.10840604689575926,840,[]
"frozenset({'조회수=L3(상)', '국가중점=N', '주기=연간'})","frozenset({'표준=N', '유형=FILE'})",0.09443917291429882,0.8711614860848983,0.09443917291429882,1.0,1.1478928028534836,1.0,0.01216740269364959,inf,0.14227483131059582,0.10840604689575926,1.0,0.5542030234478796,국가중점=N AND 조회수=L3(상) AND 주기=연간,유형=FILE AND 표준=N,BR,0.10840604689575926,840,[]
"frozenset({'형식=CSV', '다운로드=L3(상)', '주기=연간', '유형=FILE'})",frozenset({'표준=N'}),0.10800496334838326,0.9968718392542465,0.10800496334838326,1.0,1.0031379768417308,1.0,0.00033785688669295266,inf,0.003506926179203848,0.10834388042216249,1.0,0.5541719402110813,다운로드=L3(상) AND 유형=FILE AND 주기=연간 AND 형식=CSV,표준=N,BR,0.10834388042216248,842,[]
"frozenset({'형식=CSV', '다운로드=L3(상)', '주기=연간'})",frozenset({'표준=N'}),0.10800496334838326,0.9968718392542465,0.10800496334838326,1.0,1.0031379768417308,1.0,0.00033785688669295266,inf,0.003506926179203848,0.10834388042216249,1.0,0.5541719402110813,다운로드=L3(상) AND 주기=연간 AND 형식=CSV,표준=N,BR,0.10834388042216248,842,[]
"frozenset({'도메인=공공행정', '유형=FILE'})","frozenset({'형식=CSV', '국가중점=N'})",0.13847324901202257,0.6867564101227281,0.11251994202475418,0.8125753012048192,1.183207450600434,1.0,0.01742255063522695,1.6713036856449055,0.17972705934207206,0.15787625638249625,0.4016646952979522,0.48820894057234676,도메인=공공행정 AND 유형=FILE,국가중점=N AND 형식=CSV,BI,0.10818175260092856,845,['공공행정']
"frozenset({'도메인=공공행정', '유형=FILE'})","frozenset({'형식=CSV', '국가중점=N', '표준=N'})",0.13847324901202257,0.6867564101227281,0.11251994202475418,0.8125753012048192,1.183207450600434,1.0,0.01742255063522695,1.6713036856449055,0.17972705934207206,0.15787625638249625,0.4016646952979522,0.48820894057234676,도메인=공공행정 AND 유형=FILE,국가중점=N AND 표준=N AND 형식=CSV,BI,0.10818175260092856,845,['공공행정']
"frozenset({'도메인=공공행정', '표준=N', '유형=FILE'})","frozenset({'형식=CSV', '국가중점=N'})",0.13847324901202257,0.6867564101227281,0.11251994202475418,0.8125753012048192,1.183207450600434,1.0,0.01742255063522695,1.6713036856449055,0.17972705934207206,0.15787625638249625,0.4016646952979522,0.48820894057234676,도메인=공공행정 AND 유형=FILE AND 표준=N,국가중점=N AND 형식=CSV,BI,0.10818175260092856,845,['공공행정']
"frozenset({'다운로드=L0(최소)', '국가중점=N', '주기=수시'})","frozenset({'표준=N', '유형=FILE'})",0.09418892005463854,0.8711614860848983,0.09418892005463854,1.0,1.1478928028534836,1.0,0.012135160487107943,inf,0.1422355243467249,0.10811878343926173,1.0,0.5540593917196308,국가중점=N AND 다운로드=L0(최소) AND 주기=수시,유형=FILE AND 표준=N,BR,0.10811878343926172,848,[]
"frozenset({'다운로드=L0(최소)', '국가중점=N', '주기=수시'})",frozenset({'유형=FILE'}),0.09418892005463854,0.8711614860848983,0.09418892005463854,1.0,1.1478928028534836,1.0,0.012135160487107943,inf,0.1422355243467249,0.10811878343926173,1.0,0.5540593917196308,국가중점=N AND 다운로드=L0(최소) AND 주기=수시,유형=FILE,BR,0.10811878343926172,848,[]
"frozenset({'다운로드=L0(최소)', '국가중점=N', '표준=N', '주기=수시'})",frozenset({'유형=FILE'}),0.09418892005463854,0.8711614860848983,0.09418892005463854,1.0,1.1478928028534836,1.0,0.012135160487107943,inf,0.1422355243467249,0.10811878343926173,1.0,0.5540593917196308,국가중점=N AND 다운로드=L0(최소) AND 주기=수시 AND 표준=N,유형=FILE,BR,0.10811878343926172,848,[]
"frozenset({'형식=CSV', '다운로드=L3(상)', '주기=연간', '유형=FILE'})","frozenset({'국가중점=N', '표준=N'})",0.10800496334838326,0.9578428203497283,0.10639917416556312,0.9851322649160069,1.0284905247359004,1.0,0.0029473954601786506,2.835480953360473,0.0310554420375511,0.11089616797443869,0.6473261445065082,0.5481071731721336,다운로드=L3(상) AND 유형=FILE AND 주기=연간 AND 형식=CSV,국가중점=N AND 표준=N,BR,0.10780355815347963,850,[]
"frozenset({'형식=CSV', '다운로드=L3(상)', '주기=연간'})","frozenset({'국가중점=N', '표준=N'})",0.10800496334838326,0.9578428203497283,0.10639917416556312,0.9851322649160069,1.0284905247359004,1.0,0.0029473954601786506,2.835480953360473,0.0310554420375511,0.11089616797443869,0.6473261445065082,0.5481071731721336,다운로드=L3(상) AND 주기=연간 AND 형식=CSV,국가중점=N AND 표준=N,BR,0.10780355815347963,850,[]
"frozenset({'형식=CSV', '다운로드=L3(상)', '주기=연간'})",frozenset({'국가중점=N'}),0.10800496334838326,0.9609709810954818,0.10639917416556312,0.9851322649160069,1.0251425738090258,1.0,0.002609538573485698,2.625081674110377,0.027495588905035083,0.11053578005502958,0.6190594716109573,0.547926375513559,다운로드=L3(상) AND 주기=연간 AND 형식=CSV,국가중점=N,BR,0.10745263511261545,853,[]
"frozenset({'형식=CSV', '다운로드=L3(상)', '표준=N', '주기=연간'})",frozenset({'국가중점=N'}),0.10800496334838326,0.9609709810954818,0.10639917416556312,0.9851322649160069,1.0251425738090258,1.0,0.002609538573485698,2.625081674110377,0.027495588905035083,0.11053578005502958,0.6190594716109573,0.547926375513559,다운로드=L3(상) AND 주기=연간 AND 표준=N AND 형식=CSV,국가중점=N,BR,0.10745263511261545,853,[]
"frozenset({'다운로드=L3(상)', '형식=CSV', '주기=연간', '표준=N', '유형=FILE'})",frozenset({'국가중점=N'}),0.10800496334838326,0.9609709810954818,0.10639917416556312,0.9851322649160069,1.0251425738090258,1.0,0.002609538573485698,2.625081674110377,0.027495588905035083,0.11053578005502958,0.6190594716109573,0.547926375513559,다운로드=L3(상) AND 유형=FILE AND 주기=연간 AND 표준=N AND 형식=CSV,국가중점=N,BR,0.10745263511261545,853,[]
"frozenset({'형식=CSV', '다운로드=L3(상)', '주기=연간', '유형=FILE'})",frozenset({'국가중점=N'}),0.10800496334838326,0.9609709810954818,0.10639917416556312,0.9851322649160069,1.0251425738090258,1.0,0.002609538573485698,2.625081674110377,0.027495588905035083,0.11053578005502958,0.6190594716109573,0.547926375513559,다운로드=L3(상) AND 유형=FILE AND 주기=연간 AND 형식=CSV,국가중점=N,BR,0.10745263511261545,853,[]
"frozenset({'다운로드=L0(최소)', '유형=FILE', '조회수=L0(최소)'})","frozenset({'국가중점=N', '표준=N'})",0.10295819734523425,0.9578428203497283,0.10292691573777671,0.9996961717642293,1.0436954273971792,1.0,0.004309145614493623,138.75333062227185,0.046671260341764366,0.10745349052393238,0.9927929657939362,0.5535765857732533,다운로드=L0(최소) AND 유형=FILE AND 조회수=L0(최소),국가중점=N AND 표준=N,BR,0.10739171276047449,856,[]
"frozenset({'국가중점=N', '주기=수시', '다운로드=L2(중)'})",frozenset({'유형=FILE'}),0.09351115189305861,0.8711614860848983,0.09351115189305861,1.0,1.1478928028534836,1.0,0.012047837844391021,inf,0.14212917697130037,0.1073407782445809,1.0,0.5536703891222905,국가중점=N AND 다운로드=L2(중) AND 주기=수시,유형=FILE,BR,0.1073407782445809,858,[]
"frozenset({'국가중점=N', '표준=N', '주기=수시', '다운로드=L2(중)'})",frozenset({'유형=FILE'}),0.09351115189305861,0.8711614860848983,0.09351115189305861,1.0,1.1478928028534836,1.0,0.012047837844391021,inf,0.14212917697130037,0.1073407782445809,1.0,0.5536703891222905,국가중점=N AND 다운로드=L2(중) AND 주기=수시 AND 표준=N,유형=FILE,BR,0.1073407782445809,858,[]
"frozenset({'국가중점=N', '주기=수시', '다운로드=L2(중)'})","frozenset({'표준=N', '유형=FILE'})",0.09351115189305861,0.8711614860848983,0.09351115189305861,1.0,1.1478928028534836,1.0,0.012047837844391021,inf,0.14212917697130037,0.1073407782445809,1.0,0.5536703891222905,국가중점=N AND 다운로드=L2(중) AND 주기=수시,유형=FILE AND 표준=N,BR,0.1073407782445809,858,[]
"frozenset({'다운로드=L0(최소)', '표준=N', '유형=FILE', '조회수=L0(최소)'})",frozenset({'국가중점=N'}),0.10295819734523425,0.9609709810954818,0.10292691573777671,0.9996961717642293,1.0402979813444542,1.0,0.003987075823104716,128.45751088774765,0.043183004333062325,0.10710371841194405,0.9922153247942517,0.5534016883126702,다운로드=L0(최소) AND 유형=FILE AND 조회수=L0(최소) AND 표준=N,국가중점=N,BR,0.10704213036216567,860,[]
"frozenset({'다운로드=L0(최소)', '유형=FILE', '조회수=L0(최소)'})",frozenset({'국가중점=N'}),0.10295819734523425,0.9609709810954818,0.10292691573777671,0.9996961717642293,1.0402979813444542,1.0,0.003987075823104716,128.45751088774765,0.043183004333062325,0.10710371841194405,0.9922153247942517,0.5534016883126702,다운로드=L0(최소) AND 유형=FILE AND 조회수=L0(최소),국가중점=N,BR,0.10704213036216567,860,[]
"frozenset({'형식=CSV', '다운로드=L3(상)', '국가중점=N', '주기=연간'})",frozenset({'표준=N'}),0.10639917416556312,0.9968718392542465,0.10639917416556312,1.0,1.0031379768417308,1.0,0.00033283372000531,inf,0.0035006242779962765,0.10673305231007395,1.0,0.553366526155037,국가중점=N AND 다운로드=L3(상) AND 주기=연간 AND 형식=CSV,표준=N,BR,0.10673305231007393,862,[]
"frozenset({'다운로드=L3(상)', '국가중점=N', '형식=CSV', '주기=연간', '유형=FILE'})",frozenset({'표준=N'}),0.10639917416556312,0.9968718392542465,0.10639917416556312,1.0,1.0031379768417308,1.0,0.00033283372000531,inf,0.0035006242779962765,0.10673305231007395,1.0,0.553366526155037,국가중점=N AND 다운로드=L3(상) AND 유형=FILE AND 주기=연간 AND 형식=CSV,표준=N,BR,0.10673305231007393,862,[]
"frozenset({'다운로드=L4(최대)', '주기=연간'})","frozenset({'형식=CSV', '표준=N', '유형=FILE'})",0.10132112655495656,0.6992794803082281,0.09140485699091791,0.9021302871256561,1.2900854558581007,1.0,0.02055307226932368,3.0726617138222396,0.25020900945923874,0.12888522951157116,0.6745492692861235,0.5164215994326817,다운로드=L4(최대) AND 주기=연간,유형=FILE AND 표준=N AND 형식=CSV,BI,0.1063792725599303,868,[]
"frozenset({'다운로드=L4(최대)', '주기=연간'})",frozenset({'형식=CSV'}),0.10132112655495656,0.6992794803082281,0.09140485699091791,0.9021302871256561,1.2900854558581007,1.0,0.02055307226932368,3.0726617138222396,0.25020900945923874,0.12888522951157116,0.6745492692861235,0.5164215994326817,다운로드=L4(최대) AND 주기=연간,형식=CSV,BI,0.1063792725599303,868,[]
"frozenset({'다운로드=L4(최대)', '주기=연간', '유형=FILE'})",frozenset({'형식=CSV'}),0.10132112655495656,0.6992794803082281,0.09140485699091791,0.9021302871256561,1.2900854558581007,1.0,0.02055307226932368,3.0726617138222396,0.25020900945923874,0.12888522951157116,0.6745492692861235,0.5164215994326817,다운로드=L4(최대) AND 유형=FILE AND 주기=연간,형식=CSV,BI,0.1063792725599303,868,[]
"frozenset({'다운로드=L4(최대)', '주기=연간'})","frozenset({'형식=CSV', '표준=N'})",0.10132112655495656,0.6992794803082281,0.09140485699091791,0.9021302871256561,1.2900854558581007,1.0,0.02055307226932368,3.0726617138222396,0.25020900945923874,0.12888522951157116,0.6745492692861235,0.5164215994326817,다운로드=L4(최대) AND 주기=연간,표준=N AND 형식=CSV,BI,0.1063792725599303,868,[]
"frozenset({'다운로드=L4(최대)', '주기=연간'})","frozenset({'형식=CSV', '유형=FILE'})",0.10132112655495656,0.6992794803082281,0.09140485699091791,0.9021302871256561,1.2900854558581007,1.0,0.02055307226932368,3.0726617138222396,0.25020900945923874,0.12888522951157116,0.6745492692861235,0.5164215994326817,다운로드=L4(최대) AND 주기=연간,유형=FILE AND 형식=CSV,BI,0.1063792725599303,868,[]
"frozenset({'표준=N', '다운로드=L4(최대)', '주기=연간'})","frozenset({'형식=CSV', '유형=FILE'})",0.10132112655495656,0.6992794803082281,0.09140485699091791,0.9021302871256561,1.2900854558581007,1.0,0.02055307226932368,3.0726617138222396,0.25020900945923874,0.12888522951157116,0.6745492692861235,0.5164215994326817,다운로드=L4(최대) AND 주기=연간 AND 표준=N,유형=FILE AND 형식=CSV,BI,0.1063792725599303,868,[]
"frozenset({'표준=N', '다운로드=L4(최대)', '주기=연간'})",frozenset({'형식=CSV'}),0.10132112655495656,0.6992794803082281,0.09140485699091791,0.9021302871256561,1.2900854558581007,1.0,0.02055307226932368,3.0726617138222396,0.25020900945923874,0.12888522951157116,0.6745492692861235,0.5164215994326817,다운로드=L4(최대) AND 주기=연간 AND 표준=N,형식=CSV,BI,0.1063792725599303,868,[]
"frozenset({'표준=N', '다운로드=L4(최대)', '주기=연간', '유형=FILE'})",frozenset({'형식=CSV'}),0.10132112655495656,0.6992794803082281,0.09140485699091791,0.9021302871256561,1.2900854558581007,1.0,0.02055307226932368,3.0726617138222396,0.25020900945923874,0.12888522951157116,0.6745492692861235,0.5164215994326817,다운로드=L4(최대) AND 유형=FILE AND 주기=연간 AND 표준=N,형식=CSV,BI,0.1063792725599303,868,[]
"frozenset({'다운로드=L4(최대)', '주기=연간', '유형=FILE'})","frozenset({'형식=CSV', '표준=N'})",0.10132112655495656,0.6992794803082281,0.09140485699091791,0.9021302871256561,1.2900854558581007,1.0,0.02055307226932368,3.0726617138222396,0.25020900945923874,0.12888522951157116,0.6745492692861235,0.5164215994326817,다운로드=L4(최대) AND 유형=FILE AND 주기=연간,표준=N AND 형식=CSV,BI,0.1063792725599303,868,[]
"frozenset({'형식=CSV', '다운로드=L0(최소)', '조회수=L0(최소)'})","frozenset({'국가중점=N', '표준=N', '유형=FILE'})",0.09052897198210692,0.8547803509796357,0.09051854477962108,0.9998848191660908,1.1697564386221042,1.0,0.01313615833493012,1260.7969927956904,0.15956658199618634,0.10589555607060518,0.9992068509000941,0.5528908335120002,다운로드=L0(최소) AND 조회수=L0(최소) AND 형식=CSV,국가중점=N AND 유형=FILE AND 표준=N,BR,0.10587245468831412,874,[]
"frozenset({'형식=CSV', '다운로드=L0(최소)', '조회수=L0(최소)'})","frozenset({'국가중점=N', '유형=FILE'})",0.09052897198210692,0.8547803509796357,0.09051854477962108,0.9998848191660908,1.1697564386221042,1.0,0.01313615833493012,1260.7969927956904,0.15956658199618634,0.10589555607060518,0.9992068509000941,0.5528908335120002,다운로드=L0(최소) AND 조회수=L0(최소) AND 형식=CSV,국가중점=N AND 유형=FILE,BR,0.10587245468831412,874,[]
"frozenset({'형식=CSV', '다운로드=L0(최소)', '표준=N', '조회수=L0(최소)'})","frozenset({'국가중점=N', '유형=FILE'})",0.09052897198210692,0.8547803509796357,0.09051854477962108,0.9998848191660908,1.1697564386221042,1.0,0.01313615833493012,1260.7969927956904,0.15956658199618634,0.10589555607060518,0.9992068509000941,0.5528908335120002,다운로드=L0(최소) AND 조회수=L0(최소) AND 표준=N AND 형식=CSV,국가중점=N AND 유형=FILE,BR,0.10587245468831412,874,[]
"frozenset({'다운로드=L1(하)', '주기=수시', '유형=FILE'})",frozenset({'표준=N'}),0.10500192903245988,0.9968718392542465,0.10500192903245988,1.0,1.0031379768417308,1.0,0.00032846291262773886,inf,0.0034951592045017734,0.10533142265410081,1.0,0.5526657113270504,다운로드=L1(하) AND 유형=FILE AND 주기=수시,표준=N,BR,0.1053314226541008,876,[]
"frozenset({'다운로드=L1(하)', '주기=수시'})",frozenset({'표준=N'}),0.10500192903245988,0.9968718392542465,0.10500192903245988,1.0,1.0031379768417308,1.0,0.00032846291262773886,inf,0.0034951592045017734,0.10533142265410081,1.0,0.5526657113270504,다운로드=L1(하) AND 주기=수시,표준=N,BR,0.1053314226541008,876,[]
"frozenset({'다운로드=L1(하)', '주기=수시'})","frozenset({'국가중점=N', '표준=N'})",0.10500192903245988,0.9578428203497283,0.10356297508941326,0.9862959285004965,1.029705404212749,1.0,0.002987631242799868,3.0762521672335907,0.032232973789886106,0.10795886867105807,0.6749291197089089,0.5472084911389921,다운로드=L1(하) AND 주기=수시,국가중점=N AND 표준=N,BR,0.10517796177861259,878,[]
"frozenset({'다운로드=L1(하)', '주기=수시', '유형=FILE'})","frozenset({'국가중점=N', '표준=N'})",0.10500192903245988,0.9578428203497283,0.10356297508941326,0.9862959285004965,1.029705404212749,1.0,0.002987631242799868,3.0762521672335907,0.032232973789886106,0.10795886867105807,0.6749291197089089,0.5472084911389921,다운로드=L1(하) AND 유형=FILE AND 주기=수시,국가중점=N AND 표준=N,BR,0.10517796177861259,878,[]
"frozenset({'형식=CSV', '다운로드=L4(최대)', '주기=연간'})",frozenset({'유형=FILE'}),0.09140485699091791,0.8711614860848983,0.09140485699091791,1.0,1.1478928028534836,1.0,0.011776465939332265,inf,0.1417996947335805,0.1049229774857266,1.0,0.5524614887428633,다운로드=L4(최대) AND 주기=연간 AND 형식=CSV,유형=FILE,BR,0.1049229774857266,881,[]
"frozenset({'형식=CSV', '다운로드=L4(최대)', '주기=연간'})","frozenset({'표준=N', '유형=FILE'})",0.09140485699091791,0.8711614860848983,0.09140485699091791,1.0,1.1478928028534836,1.0,0.011776465939332265,inf,0.1417996947335805,0.1049229774857266,1.0,0.5524614887428633,다운로드=L4(최대) AND 주기=연간 AND 형식=CSV,유형=FILE AND 표준=N,BR,0.1049229774857266,881,[]
"frozenset({'형식=CSV', '표준=N', '다운로드=L4(최대)', '주기=연간'})",frozenset({'유형=FILE'}),0.09140485699091791,0.8711614860848983,0.09140485699091791,1.0,1.1478928028534836,1.0,0.011776465939332265,inf,0.1417996947335805,0.1049229774857266,1.0,0.5524614887428633,다운로드=L4(최대) AND 주기=연간 AND 표준=N AND 형식=CSV,유형=FILE,BR,0.1049229774857266,881,[]
"frozenset({'주기=수시', '조회수=L2(중)'})","frozenset({'표준=N', '유형=FILE'})",0.09137357538346037,0.8711614860848983,0.09137357538346037,1.0,1.1478928028534836,1.0,0.01177243566351456,inf,0.1417948129446868,0.1048870695536644,1.0,0.5524435347768322,조회수=L2(중) AND 주기=수시,유형=FILE AND 표준=N,BR,0.1048870695536644,884,[]
"frozenset({'주기=수시', '조회수=L2(중)'})",frozenset({'유형=FILE'}),0.09137357538346037,0.8711614860848983,0.09137357538346037,1.0,1.1478928028534836,1.0,0.01177243566351456,inf,0.1417948129446868,0.1048870695536644,1.0,0.5524435347768322,조회수=L2(중) AND 주기=수시,유형=FILE,BR,0.1048870695536644,884,[]
"frozenset({'표준=N', '주기=수시', '조회수=L2(중)'})",frozenset({'유형=FILE'}),0.09137357538346037,0.8711614860848983,0.09137357538346037,1.0,1.1478928028534836,1.0,0.01177243566351456,inf,0.1417948129446868,0.1048870695536644,1.0,0.5524435347768322,조회수=L2(중) AND 주기=수시 AND 표준=N,유형=FILE,BR,0.1048870695536644,884,[]
"frozenset({'다운로드=L1(하)', '표준=N', '주기=수시', '유형=FILE'})",frozenset({'국가중점=N'}),0.10500192903245988,0.9609709810954818,0.10356297508941326,0.9862959285004965,1.0263534986000773,1.0,0.002659168330172129,2.847987104119549,0.02868925115704953,0.10760796550304448,0.6488748145827196,0.5470325128613593,다운로드=L1(하) AND 유형=FILE AND 주기=수시 AND 표준=N,국가중점=N,BR,0.10483558560094784,887,[]
"frozenset({'다운로드=L1(하)', '주기=수시'})",frozenset({'국가중점=N'}),0.10500192903245988,0.9609709810954818,0.10356297508941326,0.9862959285004965,1.0263534986000773,1.0,0.002659168330172129,2.847987104119549,0.02868925115704953,0.10760796550304448,0.6488748145827196,0.5470325128613593,다운로드=L1(하) AND 주기=수시,국가중점=N,BR,0.10483558560094784,887,[]
"frozenset({'다운로드=L1(하)', '표준=N', '주기=수시'})",frozenset({'국가중점=N'}),0.10500192903245988,0.9609709810954818,0.10356297508941326,0.9862959285004965,1.0263534986000773,1.0,0.002659168330172129,2.847987104119549,0.02868925115704953,0.10760796550304448,0.6488748145827196,0.5470325128613593,다운로드=L1(하) AND 주기=수시 AND 표준=N,국가중점=N,BR,0.10483558560094784,887,[]
"frozenset({'다운로드=L1(하)', '주기=수시', '유형=FILE'})",frozenset({'국가중점=N'}),0.10500192903245988,0.9609709810954818,0.10356297508941326,0.9862959285004965,1.0263534986000773,1.0,0.002659168330172129,2.847987104119549,0.02868925115704953,0.10760796550304448,0.6488748145827196,0.5470325128613593,다운로드=L1(하) AND 유형=FILE AND 주기=수시,국가중점=N,BR,0.10483558560094784,887,[]
"frozenset({'형식=CSV', '조회수=L3(상)', '주기=연간'})","frozenset({'국가중점=N', '표준=N', '유형=FILE'})",0.090591535197022,0.8547803509796357,0.09023701031250325,0.996086556169429,1.1653128842138767,1.0,0.012801146061008767,37.10789149084965,0.15599301874807348,0.1055237166199244,0.9730515542698892,0.5508270196676168,조회수=L3(상) AND 주기=연간 AND 형식=CSV,국가중점=N AND 유형=FILE AND 표준=N,BR,0.10474283510489982,891,[]
"frozenset({'형식=CSV', '조회수=L3(상)', '주기=연간'})","frozenset({'국가중점=N', '유형=FILE'})",0.090591535197022,0.8547803509796357,0.09023701031250325,0.996086556169429,1.1653128842138767,1.0,0.012801146061008767,37.10789149084965,0.15599301874807348,0.1055237166199244,0.9730515542698892,0.5508270196676168,조회수=L3(상) AND 주기=연간 AND 형식=CSV,국가중점=N AND 유형=FILE,BR,0.10474283510489982,891,[]
"frozenset({'형식=CSV', '조회수=L3(상)', '표준=N', '주기=연간'})","frozenset({'국가중점=N', '유형=FILE'})",0.090591535197022,0.8547803509796357,0.09023701031250325,0.996086556169429,1.1653128842138767,1.0,0.012801146061008767,37.10789149084965,0.15599301874807348,0.1055237166199244,0.9730515542698892,0.5508270196676168,조회수=L3(상) AND 주기=연간 AND 표준=N AND 형식=CSV,국가중점=N AND 유형=FILE,BR,0.10474283510489982,891,[]
"frozenset({'표준=N', '주기=수시', '다운로드=L2(중)'})","frozenset({'국가중점=N', '유형=FILE'})",0.09568001001011439,0.8547803509796357,0.09351115189305861,0.9773321708805579,1.1433722941343583,1.0,0.011725759354877976,6.406420670244513,0.1386613548083717,0.1091209967876959,0.843906597541333,0.5433650217143103,다운로드=L2(중) AND 주기=수시 AND 표준=N,국가중점=N AND 유형=FILE,BR,0.10449445994719574,894,[]
"frozenset({'주기=수시', '다운로드=L2(중)'})","frozenset({'국가중점=N', '유형=FILE'})",0.09568001001011439,0.8547803509796357,0.09351115189305861,0.9773321708805579,1.1433722941343583,1.0,0.011725759354877976,6.406420670244513,0.1386613548083717,0.1091209967876959,0.843906597541333,0.5433650217143103,다운로드=L2(중) AND 주기=수시,국가중점=N AND 유형=FILE,BR,0.10449445994719574,894,[]
"frozenset({'주기=수시', '다운로드=L2(중)'})","frozenset({'국가중점=N', '표준=N', '유형=FILE'})",0.09568001001011439,0.8547803509796357,0.09351115189305861,0.9773321708805579,1.1433722941343583,1.0,0.011725759354877976,6.406420670244513,0.1386613548083717,0.1091209967876959,0.843906597541333,0.5433650217143103,다운로드=L2(중) AND 주기=수시,국가중점=N AND 유형=FILE AND 표준=N,BR,0.10449445994719574,894,[]
"frozenset({'도메인=문화관광', '유형=FILE'})","frozenset({'국가중점=N', '표준=N'})",0.1022074387662534,0.9578428203497283,0.10142539857981502,0.9923485003060599,1.0360243656091015,1.0,0.003526737171224689,5.509662332426124,0.03873025616854428,0.10580301299831403,0.8185006739678617,0.5491189486071993,도메인=문화관광 AND 유형=FILE,국가중점=N AND 표준=N,BR,0.104275170874402,896,['문화관광']
"frozenset({'주기=수시', '조회수=L2(중)'})","frozenset({'국가중점=N', '표준=N', '유형=FILE'})",0.09137357538346037,0.8547803509796357,0.09056025358956446,0.9910989387196166,1.1594779145118985,1.0,0.012455916753026,16.314869030326424,0.15137449394558136,0.10584493138664781,0.9387062195754573,0.5485222906733636,조회수=L2(중) AND 주기=수시,국가중점=N AND 유형=FILE AND 표준=N,BR,0.10406797926815216,898,[]
"frozenset({'표준=N', '주기=수시', '조회수=L2(중)'})","frozenset({'국가중점=N', '유형=FILE'})",0.09137357538346037,0.8547803509796357,0.09056025358956446,0.9910989387196166,1.1594779145118985,1.0,0.012455916753026,16.314869030326424,0.15137449394558136,0.10584493138664781,0.9387062195754573,0.5485222906733636,조회수=L2(중) AND 주기=수시 AND 표준=N,국가중점=N AND 유형=FILE,BR,0.10406797926815216,898,[]
"frozenset({'주기=수시', '조회수=L2(중)'})","frozenset({'국가중점=N', '유형=FILE'})",0.09137357538346037,0.8547803509796357,0.09056025358956446,0.9910989387196166,1.1594779145118985,1.0,0.012455916753026,16.314869030326424,0.15137449394558136,0.10584493138664781,0.9387062195754573,0.5485222906733636,조회수=L2(중) AND 주기=수시,국가중점=N AND 유형=FILE,BR,0.10406797926815216,898,[]
"frozenset({'형식=CSV', '조회수=L3(상)', '주기=연간'})",frozenset({'유형=FILE'}),0.090591535197022,0.8711614860848983,0.090591535197022,1.0,1.1478928028534836,1.0,0.011671678768071944,inf,0.14167287737201167,0.1039893712521096,1.0,0.5519946856260548,조회수=L3(상) AND 주기=연간 AND 형식=CSV,유형=FILE,BR,0.1039893712521096,901,[]
"frozenset({'형식=CSV', '조회수=L3(상)', '표준=N', '주기=연간'})",frozenset({'유형=FILE'}),0.090591535197022,0.8711614860848983,0.090591535197022,1.0,1.1478928028534836,1.0,0.011671678768071944,inf,0.14167287737201167,0.1039893712521096,1.0,0.5519946856260548,조회수=L3(상) AND 주기=연간 AND 표준=N AND 형식=CSV,유형=FILE,BR,0.1039893712521096,901,[]
"frozenset({'형식=CSV', '조회수=L3(상)', '주기=연간'})","frozenset({'표준=N', '유형=FILE'})",0.090591535197022,0.8711614860848983,0.090591535197022,1.0,1.1478928028534836,1.0,0.011671678768071944,inf,0.14167287737201167,0.1039893712521096,1.0,0.5519946856260548,조회수=L3(상) AND 주기=연간 AND 형식=CSV,유형=FILE AND 표준=N,BR,0.1039893712521096,901,[]
"frozenset({'국가중점=N', '주기=수시', '조회수=L2(중)'})",frozenset({'유형=FILE'}),0.09056025358956446,0.8711614860848983,0.09056025358956446,1.0,1.1478928028534836,1.0,0.01166764849225424,inf,0.1416680043110367,0.1039534633200474,1.0,0.5519767316600237,국가중점=N AND 조회수=L2(중) AND 주기=수시,유형=FILE,BR,0.1039534633200474,904,[]
"frozenset({'국가중점=N', '표준=N', '주기=수시', '조회수=L2(중)'})",frozenset({'유형=FILE'}),0.09056025358956446,0.8711614860848983,0.09056025358956446,1.0,1.1478928028534836,1.0,0.01166764849225424,inf,0.1416680043110367,0.1039534633200474,1.0,0.5519767316600237,국가중점=N AND 조회수=L2(중) AND 주기=수시 AND 표준=N,유형=FILE,BR,0.1039534633200474,904,[]
"frozenset({'국가중점=N', '주기=수시', '조회수=L2(중)'})","frozenset({'표준=N', '유형=FILE'})",0.09056025358956446,0.8711614860848983,0.09056025358956446,1.0,1.1478928028534836,1.0,0.01166764849225424,inf,0.1416680043110367,0.1039534633200474,1.0,0.5519767316600237,국가중점=N AND 조회수=L2(중) AND 주기=수시,유형=FILE AND 표준=N,BR,0.1039534633200474,904,[]
"frozenset({'표준=N', '도메인=문화관광', '유형=FILE'})",frozenset({'국가중점=N'}),0.1022074387662534,0.9609709810954818,0.10142539857981502,0.9923485003060599,1.0326518904606343,1.0,0.0032070158733520926,5.100832577361115,0.03521911054925078,0.10545888220306825,0.8039535732973726,0.5489466025835855,도메인=문화관광 AND 유형=FILE AND 표준=N,국가중점=N,BR,0.10393573346921188,906,['문화관광']
"frozenset({'도메인=문화관광', '유형=FILE'})",frozenset({'국가중점=N'}),0.1022074387662534,0.9609709810954818,0.10142539857981502,0.9923485003060599,1.0326518904606343,1.0,0.0032070158733520926,5.100832577361115,0.03521911054925078,0.10545888220306825,0.8039535732973726,0.5489466025835855,도메인=문화관광 AND 유형=FILE,국가중점=N,BR,0.10393573346921188,906,['문화관광']
"frozenset({'형식=CSV', '다운로드=L0(최소)', '조회수=L0(최소)'})","frozenset({'표준=N', '유형=FILE'})",0.09052897198210692,0.8711614860848983,0.09052897198210692,1.0,1.1478928028534836,1.0,0.011663618216436536,inf,0.14166313158528338,0.10391755538798521,1.0,0.5519587776939926,다운로드=L0(최소) AND 조회수=L0(최소) AND 형식=CSV,유형=FILE AND 표준=N,BR,0.10391755538798521,909,[]
"frozenset({'형식=CSV', '다운로드=L0(최소)', '조회수=L0(최소)'})",frozenset({'유형=FILE'}),0.09052897198210692,0.8711614860848983,0.09052897198210692,1.0,1.1478928028534836,1.0,0.011663618216436536,inf,0.14166313158528338,0.10391755538798521,1.0,0.5519587776939926,다운로드=L0(최소) AND 조회수=L0(최소) AND 형식=CSV,유형=FILE,BR,0.10391755538798521,909,[]
"frozenset({'형식=CSV', '다운로드=L0(최소)', '표준=N', '조회수=L0(최소)'})",frozenset({'유형=FILE'}),0.09052897198210692,0.8711614860848983,0.09052897198210692,1.0,1.1478928028534836,1.0,0.011663618216436536,inf,0.14166313158528338,0.10391755538798521,1.0,0.5519587776939926,다운로드=L0(최소) AND 조회수=L0(최소) AND 표준=N AND 형식=CSV,유형=FILE,BR,0.10391755538798521,909,[]
"frozenset({'형식=CSV', '다운로드=L0(최소)', '국가중점=N', '조회수=L0(최소)'})","frozenset({'표준=N', '유형=FILE'})",0.09051854477962108,0.8711614860848983,0.09051854477962108,1.0,1.1478928028534836,1.0,0.011662274791163968,inf,0.1416615074178533,0.10390558607729782,1.0,0.5519527930386489,국가중점=N AND 다운로드=L0(최소) AND 조회수=L0(최소) AND 형식=CSV,유형=FILE AND 표준=N,BR,0.10390558607729782,912,[]
"frozenset({'형식=CSV', '다운로드=L0(최소)', '국가중점=N', '조회수=L0(최소)'})",frozenset({'유형=FILE'}),0.09051854477962108,0.8711614860848983,0.09051854477962108,1.0,1.1478928028534836,1.0,0.011662274791163968,inf,0.1416615074178533,0.10390558607729782,1.0,0.5519527930386489,국가중점=N AND 다운로드=L0(최소) AND 조회수=L0(최소) AND 형식=CSV,유형=FILE,BR,0.10390558607729782,912,[]
"frozenset({'다운로드=L0(최소)', '국가중점=N', '형식=CSV', '조회수=L0(최소)', '표준=N'})",frozenset({'유형=FILE'}),0.09051854477962108,0.8711614860848983,0.09051854477962108,1.0,1.1478928028534836,1.0,0.011662274791163968,inf,0.1416615074178533,0.10390558607729782,1.0,0.5519527930386489,국가중점=N AND 다운로드=L0(최소) AND 조회수=L0(최소) AND 표준=N AND 형식=CSV,유형=FILE,BR,0.10390558607729782,912,[]
"frozenset({'다운로드=L1(하)', '국가중점=N', '주기=수시'})",frozenset({'표준=N'}),0.10356297508941326,0.9968718392542465,0.10356297508941326,1.0,1.0031379768417308,1.0,0.0003239616333881451,inf,0.0034895488013399084,0.10388795330690459,1.0,0.5519439766534523,국가중점=N AND 다운로드=L1(하) AND 주기=수시,표준=N,BR,0.10388795330690458,914,[]
"frozenset({'다운로드=L1(하)', '국가중점=N', '주기=수시', '유형=FILE'})",frozenset({'표준=N'}),0.10356297508941326,0.9968718392542465,0.10356297508941326,1.0,1.0031379768417308,1.0,0.0003239616333881451,inf,0.0034895488013399084,0.10388795330690459,1.0,0.5519439766534523,국가중점=N AND 다운로드=L1(하) AND 유형=FILE AND 주기=수시,표준=N,BR,0.10388795330690458,914,[]
"frozenset({'형식=CSV', '조회수=L3(상)', '국가중점=N', '주기=연간'})","frozenset({'표준=N', '유형=FILE'})",0.09023701031250325,0.8711614860848983,0.09023701031250325,1.0,1.1478928028534836,1.0,0.011626002308804631,inf,0.14161766897041803,0.10358241468873805,1.0,0.551791207344369,국가중점=N AND 조회수=L3(상) AND 주기=연간 AND 형식=CSV,유형=FILE AND 표준=N,BR,0.10358241468873806,917,[]
"frozenset({'국가중점=N', '형식=CSV', '조회수=L3(상)', '주기=연간', '표준=N'})",frozenset({'유형=FILE'}),0.09023701031250325,0.8711614860848983,0.09023701031250325,1.0,1.1478928028534836,1.0,0.011626002308804631,inf,0.14161766897041803,0.10358241468873805,1.0,0.551791207344369,국가중점=N AND 조회수=L3(상) AND 주기=연간 AND 표준=N AND 형식=CSV,유형=FILE,BR,0.10358241468873806,917,[]
"frozenset({'형식=CSV', '조회수=L3(상)', '국가중점=N', '주기=연간'})",frozenset({'유형=FILE'}),0.09023701031250325,0.8711614860848983,0.09023701031250325,1.0,1.1478928028534836,1.0,0.011626002308804631,inf,0.14161766897041803,0.10358241468873805,1.0,0.551791207344369,국가중점=N AND 조회수=L3(상) AND 주기=연간 AND 형식=CSV,유형=FILE,BR,0.10358241468873806,917,[]
"frozenset({'표준=N', '다운로드=L4(최대)', '주기=연간'})","frozenset({'국가중점=N', '유형=FILE'})",0.10132112655495656,0.8547803509796357,0.09684785668852904,0.9558505711639396,1.1182411599289461,1.0,0.010240548570231184,3.289275826412314,0.11765995436466938,0.11271160730538196,0.6959817136738203,0.5345760126240309,다운로드=L4(최대) AND 주기=연간 AND 표준=N,국가중점=N AND 유형=FILE,BR,0.10351790914530425,920,[]
"frozenset({'다운로드=L4(최대)', '주기=연간'})","frozenset({'국가중점=N', '유형=FILE'})",0.10132112655495656,0.8547803509796357,0.09684785668852904,0.9558505711639396,1.1182411599289461,1.0,0.010240548570231184,3.289275826412314,0.11765995436466938,0.11271160730538196,0.6959817136738203,0.5345760126240309,다운로드=L4(최대) AND 주기=연간,국가중점=N AND 유형=FILE,BR,0.10351790914530425,920,[]
"frozenset({'다운로드=L4(최대)', '주기=연간'})","frozenset({'국가중점=N', '표준=N', '유형=FILE'})",0.10132112655495656,0.8547803509796357,0.09684785668852904,0.9558505711639396,1.1182411599289461,1.0,0.010240548570231184,3.289275826412314,0.11765995436466938,0.11271160730538196,0.6959817136738203,0.5345760126240309,다운로드=L4(최대) AND 주기=연간,국가중점=N AND 유형=FILE AND 표준=N,BR,0.10351790914530425,920,[]
"frozenset({'유형=API', '국가중점=N'})",frozenset({'표준=N'}),0.1030624693700927,0.9968718392542465,0.1030624693700927,1.0,1.0031379768417308,1.0,0.0003223959710439428,inf,0.0034876015763958485,0.10338587701222765,1.0,0.5516929385061138,국가중점=N AND 유형=API,표준=N,BR,0.10338587701222764,922,[]
"frozenset({'다운로드=L0(최소)', '유형=FILE', '조회수=L0(최소)'})",frozenset({'표준=N'}),0.10295819734523425,0.9968718392542465,0.10295819734523425,1.0,1.0031379768417308,1.0,0.000322069791388907,inf,0.0034871961780329973,0.10328127778416996,1.0,0.5516406388920849,다운로드=L0(최소) AND 유형=FILE AND 조회수=L0(최소),표준=N,BR,0.10328127778416994,923,[]
"frozenset({'다운로드=L0(최소)', '국가중점=N', '유형=FILE', '조회수=L0(최소)'})",frozenset({'표준=N'}),0.10292691573777671,0.9968718392542465,0.10292691573777671,1.0,1.0031379768417308,1.0,0.0003219719374923935,inf,0.0034870745769016182,0.10324989801575264,1.0,0.5516249490078763,국가중점=N AND 다운로드=L0(최소) AND 유형=FILE AND 조회수=L0(최소),표준=N,BR,0.10324989801575263,924,[]
"frozenset({'도메인=문화관광', '유형=FILE'})",frozenset({'표준=N'}),0.1022074387662534,0.9968718392542465,0.1022074387662534,1.0,1.0031379768417308,1.0,0.0003197212978725966,inf,0.003484280089662097,0.10252816334215453,1.0,0.5512640816710772,도메인=문화관광 AND 유형=FILE,표준=N,BR,0.10252816334215453,925,['문화관광']
"frozenset({'다운로드=L0(최소)', '유형=FILE', '조회수=L0(최소)'})","frozenset({'형식=CSV', '국가중점=N'})",0.10295819734523425,0.6867564101227281,0.09051854477962108,0.8791776382418474,1.2801884704428637,1.0,0.019811342778100607,2.5925961495793666,0.24398530330055138,0.1294608903139214,0.6142862434775104,0.5054917677103986,다운로드=L0(최소) AND 유형=FILE AND 조회수=L0(최소),국가중점=N AND 형식=CSV,BI,0.10187980576528431,927,[]
"frozenset({'다운로드=L0(최소)', '표준=N', '유형=FILE', '조회수=L0(최소)'})","frozenset({'형식=CSV', '국가중점=N'})",0.10295819734523425,0.6867564101227281,0.09051854477962108,0.8791776382418474,1.2801884704428637,1.0,0.019811342778100607,2.5925961495793666,0.24398530330055138,0.1294608903139214,0.6142862434775104,0.5054917677103986,다운로드=L0(최소) AND 유형=FILE AND 조회수=L0(최소) AND 표준=N,국가중점=N AND 형식=CSV,BI,0.10187980576528431,927,[]
"frozenset({'다운로드=L0(최소)', '유형=FILE', '조회수=L0(최소)'})","frozenset({'형식=CSV', '국가중점=N', '표준=N'})",0.10295819734523425,0.6867564101227281,0.09051854477962108,0.8791776382418474,1.2801884704428637,1.0,0.019811342778100607,2.5925961495793666,0.24398530330055138,0.1294608903139214,0.6142862434775104,0.5054917677103986,다운로드=L0(최소) AND 유형=FILE AND 조회수=L0(최소),국가중점=N AND 표준=N AND 형식=CSV,BI,0.10187980576528431,927,[]
"frozenset({'국가중점=N', '도메인=문화관광', '유형=FILE'})",frozenset({'표준=N'}),0.10142539857981502,0.9968718392542465,0.10142539857981502,1.0,1.0031379768417308,1.0,0.0003172749504597866,inf,0.0034812476791682605,0.10174366913172181,1.0,0.5508718345658609,국가중점=N AND 도메인=문화관광 AND 유형=FILE,표준=N,BR,0.1017436691317218,929,['문화관광']
"frozenset({'다운로드=L4(최대)', '주기=연간'})",frozenset({'표준=N'}),0.10132112655495656,0.9968718392542465,0.10132112655495656,1.0,1.0031379768417308,1.0,0.00031694877080473693,inf,0.0034808437565265493,0.10163906990366409,1.0,0.550819534951832,다운로드=L4(최대) AND 주기=연간,표준=N,BR,0.10163906990366409,930,[]
"frozenset({'다운로드=L4(최대)', '주기=연간', '유형=FILE'})",frozenset({'표준=N'}),0.10132112655495656,0.9968718392542465,0.10132112655495656,1.0,1.0031379768417308,1.0,0.00031694877080473693,inf,0.0034808437565265493,0.10163906990366409,1.0,0.550819534951832,다운로드=L4(최대) AND 유형=FILE AND 주기=연간,표준=N,BR,0.10163906990366409,930,[]
"frozenset({'조회수=L4(최대)', '국가중점=N', '표준=N', '유형=FILE'})",frozenset({'형식=CSV'}),0.14652304933109497,0.6992794803082281,0.11509546103875791,0.7855109592940506,1.123314756709025,1.0,0.012634899249332948,1.4020320977799527,0.12862393427692767,0.15751245059006522,0.28674956758589926,0.475051231402837,국가중점=N AND 유형=FILE AND 조회수=L4(최대) AND 표준=N,형식=CSV,BI,0.10155747852965355,933,[]
"frozenset({'조회수=L4(최대)', '국가중점=N', '유형=FILE'})","frozenset({'형식=CSV', '표준=N'})",0.14652304933109497,0.6992794803082281,0.11509546103875791,0.7855109592940506,1.123314756709025,1.0,0.012634899249332948,1.4020320977799527,0.12862393427692767,0.15751245059006522,0.28674956758589926,0.475051231402837,국가중점=N AND 유형=FILE AND 조회수=L4(최대),표준=N AND 형식=CSV,BI,0.10155747852965355,933,[]
"frozenset({'조회수=L4(최대)', '국가중점=N', '유형=FILE'})",frozenset({'형식=CSV'}),0.14652304933109497,0.6992794803082281,0.11509546103875791,0.7855109592940506,1.123314756709025,1.0,0.012634899249332948,1.4020320977799527,0.12862393427692767,0.15751245059006522,0.28674956758589926,0.475051231402837,국가중점=N AND 유형=FILE AND 조회수=L4(최대),형식=CSV,BI,0.10155747852965355,933,[]
"frozenset({'국가중점=N', '다운로드=L4(최대)', '주기=연간'})","frozenset({'형식=CSV', '유형=FILE'})",0.09684785668852904,0.6992794803082281,0.08724440319906572,0.9008397932816538,1.288239993664024,1.0,0.019520684304945385,3.032673384253179,0.24774023480266433,0.12307307601788656,0.6702579297881568,0.5128015377842293,국가중점=N AND 다운로드=L4(최대) AND 주기=연간,유형=FILE AND 형식=CSV,BI,0.10124694230123144,939,[]
"frozenset({'국가중점=N', '다운로드=L4(최대)', '주기=연간'})",frozenset({'형식=CSV'}),0.09684785668852904,0.6992794803082281,0.08724440319906572,0.9008397932816538,1.288239993664024,1.0,0.019520684304945385,3.032673384253179,0.24774023480266433,0.12307307601788656,0.6702579297881568,0.5128015377842293,국가중점=N AND 다운로드=L4(최대) AND 주기=연간,형식=CSV,BI,0.10124694230123144,939,[]
"frozenset({'국가중점=N', '다운로드=L4(최대)', '주기=연간'})","frozenset({'형식=CSV', '표준=N', '유형=FILE'})",0.09684785668852904,0.6992794803082281,0.08724440319906572,0.9008397932816538,1.288239993664024,1.0,0.019520684304945385,3.032673384253179,0.24774023480266433,0.12307307601788656,0.6702579297881568,0.5128015377842293,국가중점=N AND 다운로드=L4(최대) AND 주기=연간,유형=FILE AND 표준=N AND 형식=CSV,BI,0.10124694230123144,939,[]
"frozenset({'국가중점=N', '다운로드=L4(최대)', '주기=연간', '유형=FILE'})","frozenset({'형식=CSV', '표준=N'})",0.09684785668852904,0.6992794803082281,0.08724440319906572,0.9008397932816538,1.288239993664024,1.0,0.019520684304945385,3.032673384253179,0.24774023480266433,0.12307307601788656,0.6702579297881568,0.5128015377842293,국가중점=N AND 다운로드=L4(최대) AND 유형=FILE AND 주기=연간,표준=N AND 형식=CSV,BI,0.10124694230123144,939,[]
"frozenset({'국가중점=N', '다운로드=L4(최대)', '주기=연간', '표준=N', '유형=FILE'})",frozenset({'형식=CSV'}),0.09684785668852904,0.6992794803082281,0.08724440319906572,0.9008397932816538,1.288239993664024,1.0,0.019520684304945385,3.032673384253179,0.24774023480266433,0.12307307601788656,0.6702579297881568,0.5128015377842293,국가중점=N AND 다운로드=L4(최대) AND 유형=FILE AND 주기=연간 AND 표준=N,형식=CSV,BI,0.10124694230123144,939,[]
"frozenset({'표준=N', '국가중점=N', '다운로드=L4(최대)', '주기=연간'})","frozenset({'형식=CSV', '유형=FILE'})",0.09684785668852904,0.6992794803082281,0.08724440319906572,0.9008397932816538,1.288239993664024,1.0,0.019520684304945385,3.032673384253179,0.24774023480266433,0.12307307601788656,0.6702579297881568,0.5128015377842293,국가중점=N AND 다운로드=L4(최대) AND 주기=연간 AND 표준=N,유형=FILE AND 형식=CSV,BI,0.10124694230123144,939,[]
"frozenset({'국가중점=N', '다운로드=L4(최대)', '주기=연간', '유형=FILE'})",frozenset({'형식=CSV'}),0.09684785668852904,0.6992794803082281,0.08724440319906572,0.9008397932816538,1.288239993664024,1.0,0.019520684304945385,3.032673384253179,0.24774023480266433,0.12307307601788656,0.6702579297881568,0.5128015377842293,국가중점=N AND 다운로드=L4(최대) AND 유형=FILE AND 주기=연간,형식=CSV,BI,0.10124694230123144,939,[]
"frozenset({'표준=N', '국가중점=N', '다운로드=L4(최대)', '주기=연간'})",frozenset({'형식=CSV'}),0.09684785668852904,0.6992794803082281,0.08724440319906572,0.9008397932816538,1.288239993664024,1.0,0.019520684304945385,3.032673384253179,0.24774023480266433,0.12307307601788656,0.6702579297881568,0.5128015377842293,국가중점=N AND 다운로드=L4(최대) AND 주기=연간 AND 표준=N,형식=CSV,BI,0.10124694230123144,939,[]
"frozenset({'국가중점=N', '다운로드=L4(최대)', '주기=연간'})","frozenset({'형식=CSV', '표준=N'})",0.09684785668852904,0.6992794803082281,0.08724440319906572,0.9008397932816538,1.288239993664024,1.0,0.019520684304945385,3.032673384253179,0.24774023480266433,0.12307307601788656,0.6702579297881568,0.5128015377842293,국가중점=N AND 다운로드=L4(최대) AND 주기=연간,표준=N AND 형식=CSV,BI,0.10124694230123144,939,[]
"frozenset({'형식=CSV', '주기=수시', '조회수=L0(최소)'})","frozenset({'국가중점=N', '표준=N', '유형=FILE'})",0.08646236301262734,0.8547803509796357,0.08646236301262734,1.0,1.1698911876646823,1.0,0.01255603401016507,inf,0.1589640570248028,0.10115155655313751,1.0,0.5505757782765688,조회수=L0(최소) AND 주기=수시 AND 형식=CSV,국가중점=N AND 유형=FILE AND 표준=N,BR,0.1011515565531375,945,[]
"frozenset({'형식=CSV', '표준=N', '주기=수시', '조회수=L0(최소)'})","frozenset({'국가중점=N', '유형=FILE'})",0.08646236301262734,0.8547803509796357,0.08646236301262734,1.0,1.1698911876646823,1.0,0.01255603401016507,inf,0.1589640570248028,0.10115155655313751,1.0,0.5505757782765688,조회수=L0(최소) AND 주기=수시 AND 표준=N AND 형식=CSV,국가중점=N AND 유형=FILE,BR,0.1011515565531375,945,[]
"frozenset({'형식=CSV', '주기=수시', '조회수=L0(최소)'})","frozenset({'국가중점=N', '유형=FILE'})",0.08646236301262734,0.8547803509796357,0.08646236301262734,1.0,1.1698911876646823,1.0,0.01255603401016507,inf,0.1589640570248028,0.10115155655313751,1.0,0.5505757782765688,조회수=L0(최소) AND 주기=수시 AND 형식=CSV,국가중점=N AND 유형=FILE,BR,0.1011515565531375,945,[]
"frozenset({'형식=CSV', '국가중점=N', '다운로드=L4(최대)', '주기=연간'})","frozenset({'표준=N', '유형=FILE'})",0.08724440319906572,0.8711614860848983,0.08724440319906572,1.0,1.1478928028534836,1.0,0.011240439255577578,inf,0.14115335404862006,0.10014722252145498,1.0,0.5500736112607275,국가중점=N AND 다운로드=L4(최대) AND 주기=연간 AND 형식=CSV,유형=FILE AND 표준=N,BR,0.10014722252145498,948,[]
"frozenset({'국가중점=N', '형식=CSV', '다운로드=L4(최대)', '주기=연간', '표준=N'})",frozenset({'유형=FILE'}),0.08724440319906572,0.8711614860848983,0.08724440319906572,1.0,1.1478928028534836,1.0,0.011240439255577578,inf,0.14115335404862006,0.10014722252145498,1.0,0.5500736112607275,국가중점=N AND 다운로드=L4(최대) AND 주기=연간 AND 표준=N AND 형식=CSV,유형=FILE,BR,0.10014722252145498,948,[]
"frozenset({'형식=CSV', '국가중점=N', '다운로드=L4(최대)', '주기=연간'})",frozenset({'유형=FILE'}),0.08724440319906572,0.8711614860848983,0.08724440319906572,1.0,1.1478928028534836,1.0,0.011240439255577578,inf,0.14115335404862006,0.10014722252145498,1.0,0.5500736112607275,국가중점=N AND 다운로드=L4(최대) AND 주기=연간 AND 형식=CSV,유형=FILE,BR,0.10014722252145498,948,[]
"frozenset({'다운로드=L0(최소)', '국가중점=N', '유형=FILE', '조회수=L0(최소)'})",frozenset({'형식=CSV'}),0.10292691573777671,0.6992794803082281,0.09051854477962108,0.8794448384155609,1.2576442798348946,1.0,0.018543864632779808,2.4944640755272975,0.2283677950154269,0.12718854848871114,0.5991122863580977,0.5044451426171119,국가중점=N AND 다운로드=L0(최소) AND 유형=FILE AND 조회수=L0(최소),형식=CSV,BI,0.10011611478676344,951,[]
"frozenset({'다운로드=L0(최소)', '국가중점=N', '유형=FILE', '조회수=L0(최소)'})","frozenset({'형식=CSV', '표준=N'})",0.10292691573777671,0.6992794803082281,0.09051854477962108,0.8794448384155609,1.2576442798348946,1.0,0.018543864632779808,2.4944640755272975,0.2283677950154269,0.12718854848871114,0.5991122863580977,0.5044451426171119,국가중점=N AND 다운로드=L0(최소) AND 유형=FILE AND 조회수=L0(최소),표준=N AND 형식=CSV,BI,0.10011611478676344,951,[]
"frozenset({'다운로드=L0(최소)', '국가중점=N', '조회수=L0(최소)', '표준=N', '유형=FILE'})",frozenset({'형식=CSV'}),0.10292691573777671,0.6992794803082281,0.09051854477962108,0.8794448384155609,1.2576442798348946,1.0,0.018543864632779808,2.4944640755272975,0.2283677950154269,0.12718854848871114,0.5991122863580977,0.5044451426171119,국가중점=N AND 다운로드=L0(최소) AND 유형=FILE AND 조회수=L0(최소) AND 표준=N,형식=CSV,BI,0.10011611478676344,951,[]
"frozenset({'다운로드=L0(최소)', '유형=FILE', '조회수=L0(최소)'})","frozenset({'형식=CSV', '표준=N'})",0.10295819734523425,0.6992794803082281,0.09052897198210692,0.8792789143204376,1.2574070011790843,1.0,0.018532417249059532,2.4910355800642265,0.22820849086667772,0.1271994725661124,0.5985605312091861,0.5043696362455565,다운로드=L0(최소) AND 유형=FILE AND 조회수=L0(최소),표준=N AND 형식=CSV,BI,0.10008986914395651,954,[]
"frozenset({'다운로드=L0(최소)', '유형=FILE', '조회수=L0(최소)'})",frozenset({'형식=CSV'}),0.10295819734523425,0.6992794803082281,0.09052897198210692,0.8792789143204376,1.2574070011790843,1.0,0.018532417249059532,2.4910355800642265,0.22820849086667772,0.1271994725661124,0.5985605312091861,0.5043696362455565,다운로드=L0(최소) AND 유형=FILE AND 조회수=L0(최소),형식=CSV,BI,0.10008986914395651,954,[]
"frozenset({'다운로드=L0(최소)', '표준=N', '유형=FILE', '조회수=L0(최소)'})",frozenset({'형식=CSV'}),0.10295819734523425,0.6992794803082281,0.09052897198210692,0.8792789143204376,1.2574070011790843,1.0,0.018532417249059532,2.4910355800642265,0.22820849086667772,0.1271994725661124,0.5985605312091861,0.5043696362455565,다운로드=L0(최소) AND 유형=FILE AND 조회수=L0(최소) AND 표준=N,형식=CSV,BI,0.10008986914395651,954,[]
"frozenset({'국가중점=N', '형식=CSV', '주기=수시', '조회수=L0(최소)', '표준=N'})",frozenset({'유형=FILE'}),0.08646236301262734,0.8711614860848983,0.08646236301262734,1.0,1.1478928028534836,1.0,0.011139682360134961,inf,0.1410325187476458,0.09924952421990017,1.0,0.54962476210995,국가중점=N AND 조회수=L0(최소) AND 주기=수시 AND 표준=N AND 형식=CSV,유형=FILE,BR,0.09924952421990017,958,[]
"frozenset({'형식=CSV', '주기=수시', '조회수=L0(최소)'})",frozenset({'유형=FILE'}),0.08646236301262734,0.8711614860848983,0.08646236301262734,1.0,1.1478928028534836,1.0,0.011139682360134961,inf,0.1410325187476458,0.09924952421990017,1.0,0.54962476210995,조회수=L0(최소) AND 주기=수시 AND 형식=CSV,유형=FILE,BR,0.09924952421990017,958,[]
"frozenset({'형식=CSV', '주기=수시', '조회수=L0(최소)'})","frozenset({'표준=N', '유형=FILE'})",0.08646236301262734,0.8711614860848983,0.08646236301262734,1.0,1.1478928028534836,1.0,0.011139682360134961,inf,0.1410325187476458,0.09924952421990017,1.0,0.54962476210995,조회수=L0(최소) AND 주기=수시 AND 형식=CSV,유형=FILE AND 표준=N,BR,0.09924952421990017,958,[]
"frozenset({'형식=CSV', '국가중점=N', '주기=수시', '조회수=L0(최소)'})","frozenset({'표준=N', '유형=FILE'})",0.08646236301262734,0.8711614860848983,0.08646236301262734,1.0,1.1478928028534836,1.0,0.011139682360134961,inf,0.1410325187476458,0.09924952421990017,1.0,0.54962476210995,국가중점=N AND 조회수=L0(최소) AND 주기=수시 AND 형식=CSV,유형=FILE AND 표준=N,BR,0.09924952421990017,958,[]
"frozenset({'형식=CSV', '국가중점=N', '주기=수시', '조회수=L0(최소)'})",frozenset({'유형=FILE'}),0.08646236301262734,0.8711614860848983,0.08646236301262734,1.0,1.1478928028534836,1.0,0.011139682360134961,inf,0.1410325187476458,0.09924952421990017,1.0,0.54962476210995,국가중점=N AND 조회수=L0(최소) AND 주기=수시 AND 형식=CSV,유형=FILE,BR,0.09924952421990017,958,[]
"frozenset({'형식=CSV', '표준=N', '주기=수시', '조회수=L0(최소)'})",frozenset({'유형=FILE'}),0.08646236301262734,0.8711614860848983,0.08646236301262734,1.0,1.1478928028534836,1.0,0.011139682360134961,inf,0.1410325187476458,0.09924952421990017,1.0,0.54962476210995,조회수=L0(최소) AND 주기=수시 AND 표준=N AND 형식=CSV,유형=FILE,BR,0.09924952421990017,958,[]
"frozenset({'유형=FILE', '다운로드=L3(상)', '표준=N', '조회수=L3(상)'})",frozenset({'형식=CSV'}),0.08491913704472227,0.6992794803082281,0.07939271972722438,0.9349214145383103,1.3369781909319234,1.0,0.020010509706367786,4.6208828535279025,0.2754342848571732,0.11264480049709288,0.7835911379496386,0.5242282243799317,다운로드=L3(상) AND 유형=FILE AND 조회수=L3(상) AND 표준=N,형식=CSV,BI,0.0992384814737287,963,[]
"frozenset({'유형=FILE', '다운로드=L3(상)', '조회수=L3(상)'})",frozenset({'형식=CSV'}),0.08491913704472227,0.6992794803082281,0.07939271972722438,0.9349214145383103,1.3369781909319234,1.0,0.020010509706367786,4.6208828535279025,0.2754342848571732,0.11264480049709288,0.7835911379496386,0.5242282243799317,다운로드=L3(상) AND 유형=FILE AND 조회수=L3(상),형식=CSV,BI,0.0992384814737287,963,[]
"frozenset({'유형=FILE', '다운로드=L3(상)', '조회수=L3(상)'})","frozenset({'형식=CSV', '표준=N'})",0.08491913704472227,0.6992794803082281,0.07939271972722438,0.9349214145383103,1.3369781909319234,1.0,0.020010509706367786,4.6208828535279025,0.2754342848571732,0.11264480049709288,0.7835911379496386,0.5242282243799317,다운로드=L3(상) AND 유형=FILE AND 조회수=L3(상),표준=N AND 형식=CSV,BI,0.0992384814737287,963,[]
"frozenset({'유형=FILE', '다운로드=L3(상)', '조회수=L3(상)'})","frozenset({'형식=CSV', '국가중점=N', '표준=N'})",0.08491913704472227,0.6867564101227281,0.07887135960293212,0.9287819253438113,1.3524182834752594,1.0,0.02055259789537868,4.398372062000861,0.2847658624058946,0.113843653110984,0.772643153897924,0.5218140594500175,다운로드=L3(상) AND 유형=FILE AND 조회수=L3(상),국가중점=N AND 표준=N AND 형식=CSV,BI,0.09907044550257023,966,[]
"frozenset({'유형=FILE', '다운로드=L3(상)', '표준=N', '조회수=L3(상)'})","frozenset({'형식=CSV', '국가중점=N'})",0.08491913704472227,0.6867564101227281,0.07887135960293212,0.9287819253438113,1.3524182834752594,1.0,0.02055259789537868,4.398372062000861,0.2847658624058946,0.113843653110984,0.772643153897924,0.5218140594500175,다운로드=L3(상) AND 유형=FILE AND 조회수=L3(상) AND 표준=N,국가중점=N AND 형식=CSV,BI,0.09907044550257023,966,[]
"frozenset({'유형=FILE', '다운로드=L3(상)', '조회수=L3(상)'})","frozenset({'형식=CSV', '국가중점=N'})",0.08491913704472227,0.6867564101227281,0.07887135960293212,0.9287819253438113,1.3524182834752594,1.0,0.02055259789537868,4.398372062000861,0.2847658624058946,0.113843653110984,0.772643153897924,0.5218140594500175,다운로드=L3(상) AND 유형=FILE AND 조회수=L3(상),국가중점=N AND 형식=CSV,BI,0.09907044550257023,966,[]
"frozenset({'다운로드=L3(상)', '국가중점=N', '조회수=L3(상)', '표준=N', '유형=FILE'})",frozenset({'형식=CSV'}),0.08436649531297248,0.6992794803082281,0.07887135960293212,0.9348659003831417,1.3368988032811602,1.0,0.01987560060505017,4.616944449385432,0.27521953569959073,0.11191004586477289,0.7834065341346892,0.5238276835020401,국가중점=N AND 다운로드=L3(상) AND 유형=FILE AND 조회수=L3(상) AND 표준=N,형식=CSV,BI,0.09857508968958463,969,[]
"frozenset({'유형=FILE', '다운로드=L3(상)', '국가중점=N', '조회수=L3(상)'})","frozenset({'형식=CSV', '표준=N'})",0.08436649531297248,0.6992794803082281,0.07887135960293212,0.9348659003831417,1.3368988032811602,1.0,0.01987560060505017,4.616944449385432,0.27521953569959073,0.11191004586477289,0.7834065341346892,0.5238276835020401,국가중점=N AND 다운로드=L3(상) AND 유형=FILE AND 조회수=L3(상),표준=N AND 형식=CSV,BI,0.09857508968958463,969,[]
"frozenset({'유형=FILE', '다운로드=L3(상)', '국가중점=N', '조회수=L3(상)'})",frozenset({'형식=CSV'}),0.08436649531297248,0.6992794803082281,0.07887135960293212,0.9348659003831417,1.3368988032811602,1.0,0.01987560060505017,4.616944449385432,0.27521953569959073,0.11191004586477289,0.7834065341346892,0.5238276835020401,국가중점=N AND 다운로드=L3(상) AND 유형=FILE AND 조회수=L3(상),형식=CSV,BI,0.09857508968958463,969,[]
"frozenset({'주기=연간', '유형=FILE', '다운로드=L2(중)'})","frozenset({'형식=CSV', '국가중점=N', '표준=N'})",0.080831673670271,0.6867564101227281,0.07607686933672565,0.9411764705882354,1.3704662333185076,1.0,0.020565199302718495,5.32514102791363,0.2940933738698371,0.11001538043969963,0.8122115461810039,0.5259767749679812,다운로드=L2(중) AND 유형=FILE AND 주기=연간,국가중점=N AND 표준=N AND 형식=CSV,BI,0.098127793470651,975,[]
"frozenset({'표준=N', '주기=연간', '다운로드=L2(중)'})","frozenset({'형식=CSV', '국가중점=N', '유형=FILE'})",0.080831673670271,0.6867564101227281,0.07607686933672565,0.9411764705882354,1.3704662333185076,1.0,0.020565199302718495,5.32514102791363,0.2940933738698371,0.11001538043969963,0.8122115461810039,0.5259767749679812,다운로드=L2(중) AND 주기=연간 AND 표준=N,국가중점=N AND 유형=FILE AND 형식=CSV,BI,0.098127793470651,975,[]
"frozenset({'표준=N', '주기=연간', '유형=FILE', '다운로드=L2(중)'})","frozenset({'형식=CSV', '국가중점=N'})",0.080831673670271,0.6867564101227281,0.07607686933672565,0.9411764705882354,1.3704662333185076,1.0,0.020565199302718495,5.32514102791363,0.2940933738698371,0.11001538043969963,0.8122115461810039,0.5259767749679812,다운로드=L2(중) AND 유형=FILE AND 주기=연간 AND 표준=N,국가중점=N AND 형식=CSV,BI,0.098127793470651,975,[]
"frozenset({'표준=N', '주기=연간', '다운로드=L2(중)'})","frozenset({'형식=CSV', '국가중점=N'})",0.080831673670271,0.6867564101227281,0.07607686933672565,0.9411764705882354,1.3704662333185076,1.0,0.020565199302718495,5.32514102791363,0.2940933738698371,0.11001538043969963,0.8122115461810039,0.5259767749679812,다운로드=L2(중) AND 주기=연간 AND 표준=N,국가중점=N AND 형식=CSV,BI,0.098127793470651,975,[]
"frozenset({'주기=연간', '다운로드=L2(중)'})","frozenset({'형식=CSV', '국가중점=N', '표준=N', '유형=FILE'})",0.080831673670271,0.6867564101227281,0.07607686933672565,0.9411764705882354,1.3704662333185076,1.0,0.020565199302718495,5.32514102791363,0.2940933738698371,0.11001538043969963,0.8122115461810039,0.5259767749679812,다운로드=L2(중) AND 주기=연간,국가중점=N AND 유형=FILE AND 표준=N AND 형식=CSV,BI,0.098127793470651,975,[]
"frozenset({'주기=연간', '다운로드=L2(중)'})","frozenset({'형식=CSV', '국가중점=N', '표준=N'})",0.080831673670271,0.6867564101227281,0.07607686933672565,0.9411764705882354,1.3704662333185076,1.0,0.020565199302718495,5.32514102791363,0.2940933738698371,0.11001538043969963,0.8122115461810039,0.5259767749679812,다운로드=L2(중) AND 주기=연간,국가중점=N AND 표준=N AND 형식=CSV,BI,0.098127793470651,975,[]
"frozenset({'주기=연간', '다운로드=L2(중)'})","frozenset({'형식=CSV', '국가중점=N'})",0.080831673670271,0.6867564101227281,0.07607686933672565,0.9411764705882354,1.3704662333185076,1.0,0.020565199302718495,5.32514102791363,0.2940933738698371,0.11001538043969963,0.8122115461810039,0.5259767749679812,다운로드=L2(중) AND 주기=연간,국가중점=N AND 형식=CSV,BI,0.098127793470651,975,[]
"frozenset({'주기=연간', '유형=FILE', '다운로드=L2(중)'})","frozenset({'형식=CSV', '국가중점=N'})",0.080831673670271,0.6867564101227281,0.07607686933672565,0.9411764705882354,1.3704662333185076,1.0,0.020565199302718495,5.32514102791363,0.2940933738698371,0.11001538043969963,0.8122115461810039,0.5259767749679812,다운로드=L2(중) AND 유형=FILE AND 주기=연간,국가중점=N AND 형식=CSV,BI,0.098127793470651,975,[]
"frozenset({'주기=연간', '다운로드=L2(중)'})","frozenset({'형식=CSV', '국가중점=N', '유형=FILE'})",0.080831673670271,0.6867564101227281,0.07607686933672565,0.9411764705882354,1.3704662333185076,1.0,0.020565199302718495,5.32514102791363,0.2940933738698371,0.11001538043969963,0.8122115461810039,0.5259767749679812,다운로드=L2(중) AND 주기=연간,국가중점=N AND 유형=FILE AND 형식=CSV,BI,0.098127793470651,975,[]
"frozenset({'조회수=L3(상)', '주기=연간'})","frozenset({'국가중점=N', '표준=N'})",0.09485626101373262,0.9578428203497283,0.09443917291429882,0.9956029460261625,1.039422048037743,1.0,0.003581784337075178,9.587596581963107,0.041901513135667104,0.09855277475516866,0.8956985735214106,0.5470993175591295,조회수=L3(상) AND 주기=연간,국가중점=N AND 표준=N,BR,0.0977305342163457,980,[]
"frozenset({'조회수=L3(상)', '주기=연간', '유형=FILE'})","frozenset({'국가중점=N', '표준=N'})",0.09485626101373262,0.9578428203497283,0.09443917291429882,0.9956029460261625,1.039422048037743,1.0,0.003581784337075178,9.587596581963107,0.041901513135667104,0.09855277475516866,0.8956985735214106,0.5470993175591295,유형=FILE AND 조회수=L3(상) AND 주기=연간,국가중점=N AND 표준=N,BR,0.0977305342163457,980,[]
"frozenset({'조회수=L3(상)', '주기=연간'})",frozenset({'국가중점=N'}),0.09485626101373262,0.9609709810954818,0.09443917291429882,0.9956029460261625,1.0360385127251202,1.0,0.003285058704883076,8.87617462436011,0.038430267576215225,0.09823210412147505,0.8873388545944598,0.5469388428047479,조회수=L3(상) AND 주기=연간,국가중점=N,BR,0.09741240096694354,983,[]
"frozenset({'조회수=L3(상)', '주기=연간', '유형=FILE'})",frozenset({'국가중점=N'}),0.09485626101373262,0.9609709810954818,0.09443917291429882,0.9956029460261625,1.0360385127251202,1.0,0.003285058704883076,8.87617462436011,0.038430267576215225,0.09823210412147505,0.8873388545944598,0.5469388428047479,유형=FILE AND 조회수=L3(상) AND 주기=연간,국가중점=N,BR,0.09741240096694354,983,[]
"frozenset({'조회수=L3(상)', '표준=N', '주기=연간', '유형=FILE'})",frozenset({'국가중점=N'}),0.09485626101373262,0.9609709810954818,0.09443917291429882,0.9956029460261625,1.0360385127251202,1.0,0.003285058704883076,8.87617462436011,0.038430267576215225,0.09823210412147505,0.8873388545944598,0.5469388428047479,유형=FILE AND 조회수=L3(상) AND 주기=연간 AND 표준=N,국가중점=N,BR,0.09741240096694354,983,[]
"frozenset({'조회수=L3(상)', '표준=N', '주기=연간'})",frozenset({'국가중점=N'}),0.09485626101373262,0.9609709810954818,0.09443917291429882,0.9956029460261625,1.0360385127251202,1.0,0.003285058704883076,8.87617462436011,0.038430267576215225,0.09823210412147505,0.8873388545944598,0.5469388428047479,조회수=L3(상) AND 주기=연간 AND 표준=N,국가중점=N,BR,0.09741240096694354,983,[]
"frozenset({'다운로드=L0(최소)', '주기=수시'})","frozenset({'국가중점=N', '표준=N'})",0.09464771696401572,0.9578428203497283,0.09418892005463854,0.9951525834526826,1.038951863823891,1.0,0.0035312838981628875,8.696834538307257,0.04141095209349284,0.09828734331476323,0.8850156346432413,0.5467435026995614,다운로드=L0(최소) AND 주기=수시,국가중점=N AND 표준=N,BR,0.0973833967460981,986,[]
"frozenset({'다운로드=L0(최소)', '주기=수시', '유형=FILE'})","frozenset({'국가중점=N', '표준=N'})",0.09464771696401572,0.9578428203497283,0.09418892005463854,0.9951525834526826,1.038951863823891,1.0,0.0035312838981628875,8.696834538307257,0.04141095209349284,0.09828734331476323,0.8850156346432413,0.5467435026995614,다운로드=L0(최소) AND 유형=FILE AND 주기=수시,국가중점=N AND 표준=N,BR,0.0973833967460981,986,[]
"frozenset({'국가중점=N', '다운로드=L4(최대)', '주기=연간', '유형=FILE'})",frozenset({'표준=N'}),0.09684785668852904,0.9968718392542465,0.09684785668852904,1.0,1.0031379768417308,1.0,0.00030295566360341586,inf,0.003463603301968443,0.09715176301998892,1.0,0.5485758815099945,국가중점=N AND 다운로드=L4(최대) AND 유형=FILE AND 주기=연간,표준=N,BR,0.0971517630199889,988,[]
"frozenset({'국가중점=N', '다운로드=L4(최대)', '주기=연간'})",frozenset({'표준=N'}),0.09684785668852904,0.9968718392542465,0.09684785668852904,1.0,1.0031379768417308,1.0,0.00030295566360341586,inf,0.003463603301968443,0.09715176301998892,1.0,0.5485758815099945,국가중점=N AND 다운로드=L4(최대) AND 주기=연간,표준=N,BR,0.0971517630199889,988,[]
"frozenset({'다운로드=L0(최소)', '표준=N', '주기=수시', '유형=FILE'})",frozenset({'국가중점=N'}),0.09464771696401572,0.9609709810954818,0.09418892005463854,0.9951525834526826,1.0355698590588394,1.0,0.003235210625280871,8.051509195370784,0.03793893554850214,0.09796755021474124,0.8757996823036668,0.5465834531846747,다운로드=L0(최소) AND 유형=FILE AND 주기=수시 AND 표준=N,국가중점=N,BR,0.0970663935014819,991,[]
"frozenset({'다운로드=L0(최소)', '주기=수시', '유형=FILE'})",frozenset({'국가중점=N'}),0.09464771696401572,0.9609709810954818,0.09418892005463854,0.9951525834526826,1.0355698590588394,1.0,0.003235210625280871,8.051509195370784,0.03793893554850214,0.09796755021474124,0.8757996823036668,0.5465834531846747,다운로드=L0(최소) AND 유형=FILE AND 주기=수시,국가중점=N,BR,0.0970663935014819,991,[]
"frozenset({'다운로드=L0(최소)', '표준=N', '주기=수시'})",frozenset({'국가중점=N'}),0.09464771696401572,0.9609709810954818,0.09418892005463854,0.9951525834526826,1.0355698590588394,1.0,0.003235210625280871,8.051509195370784,0.03793893554850214,0.09796755021474124,0.8757996823036668,0.5465834531846747,다운로드=L0(최소) AND 주기=수시 AND 표준=N,국가중점=N,BR,0.0970663935014819,991,[]
"frozenset({'다운로드=L0(최소)', '주기=수시'})",frozenset({'국가중점=N'}),0.09464771696401572,0.9609709810954818,0.09418892005463854,0.9951525834526826,1.0355698590588394,1.0,0.003235210625280871,8.051509195370784,0.03793893554850214,0.09796755021474124,0.8757996823036668,0.5465834531846747,다운로드=L0(최소) AND 주기=수시,국가중점=N,BR,0.0970663935014819,991,[]
"frozenset({'다운로드=L3(상)', '조회수=L3(상)'})","frozenset({'형식=CSV', '유형=FILE'})",0.08598271169827847,0.6992794803082281,0.07939271972722438,0.9233567790443852,1.3204402603625498,1.0,0.019266773775360013,3.9236414642062534,0.2655057360113828,0.11247507201418126,0.745134715003248,0.518445906632969,다운로드=L3(상) AND 조회수=L3(상),유형=FILE AND 형식=CSV,BI,0.09679857839754537,996,[]
"frozenset({'다운로드=L3(상)', '표준=N', '조회수=L3(상)'})",frozenset({'형식=CSV'}),0.08598271169827847,0.6992794803082281,0.07939271972722438,0.9233567790443852,1.3204402603625498,1.0,0.019266773775360013,3.9236414642062534,0.2655057360113828,0.11247507201418126,0.745134715003248,0.518445906632969,다운로드=L3(상) AND 조회수=L3(상) AND 표준=N,형식=CSV,BI,0.09679857839754537,996,[]
"frozenset({'다운로드=L3(상)', '조회수=L3(상)'})","frozenset({'형식=CSV', '표준=N'})",0.08598271169827847,0.6992794803082281,0.07939271972722438,0.9233567790443852,1.3204402603625498,1.0,0.019266773775360013,3.9236414642062534,0.2655057360113828,0.11247507201418126,0.745134715003248,0.518445906632969,다운로드=L3(상) AND 조회수=L3(상),표준=N AND 형식=CSV,BI,0.09679857839754537,996,[]
"frozenset({'다운로드=L3(상)', '표준=N', '조회수=L3(상)'})","frozenset({'형식=CSV', '유형=FILE'})",0.08598271169827847,0.6992794803082281,0.07939271972722438,0.9233567790443852,1.3204402603625498,1.0,0.019266773775360013,3.9236414642062534,0.2655057360113828,0.11247507201418126,0.745134715003248,0.518445906632969,다운로드=L3(상) AND 조회수=L3(상) AND 표준=N,유형=FILE AND 형식=CSV,BI,0.09679857839754537,996,[]
"frozenset({'다운로드=L3(상)', '조회수=L3(상)'})",frozenset({'형식=CSV'}),0.08598271169827847,0.6992794803082281,0.07939271972722438,0.9233567790443852,1.3204402603625498,1.0,0.019266773775360013,3.9236414642062534,0.2655057360113828,0.11247507201418126,0.745134715003248,0.518445906632969,다운로드=L3(상) AND 조회수=L3(상),형식=CSV,BI,0.09679857839754537,996,[]
"frozenset({'다운로드=L3(상)', '조회수=L3(상)'})","frozenset({'형식=CSV', '표준=N', '유형=FILE'})",0.08598271169827847,0.6992794803082281,0.07939271972722438,0.9233567790443852,1.3204402603625498,1.0,0.019266773775360013,3.9236414642062534,0.2655057360113828,0.11247507201418126,0.745134715003248,0.518445906632969,다운로드=L3(상) AND 조회수=L3(상),유형=FILE AND 표준=N AND 형식=CSV,BI,0.09679857839754537,996,[]
"frozenset({'주기=연간', '다운로드=L2(중)'})","frozenset({'형식=CSV', '표준=N'})",0.080831673670271,0.6992794803082281,0.07614985975412657,0.9420794633642932,1.3472145113553795,1.0,0.01962592899753518,5.191949818820977,0.28039228829202995,0.1081733617727219,0.8073941322824483,0.5254885335550123,다운로드=L2(중) AND 주기=연간,표준=N AND 형식=CSV,BI,0.09664811688685247,1004,[]
"frozenset({'주기=연간', '유형=FILE', '다운로드=L2(중)'})","frozenset({'형식=CSV', '표준=N'})",0.080831673670271,0.6992794803082281,0.07614985975412657,0.9420794633642932,1.3472145113553795,1.0,0.01962592899753518,5.191949818820977,0.28039228829202995,0.1081733617727219,0.8073941322824483,0.5254885335550123,다운로드=L2(중) AND 유형=FILE AND 주기=연간,표준=N AND 형식=CSV,BI,0.09664811688685247,1004,[]
"frozenset({'주기=연간', '다운로드=L2(중)'})","frozenset({'형식=CSV', '표준=N', '유형=FILE'})",0.080831673670271,0.6992794803082281,0.07614985975412657,0.9420794633642932,1.3472145113553795,1.0,0.01962592899753518,5.191949818820977,0.28039228829202995,0.1081733617727219,0.8073941322824483,0.5254885335550123,다운로드=L2(중) AND 주기=연간,유형=FILE AND 표준=N AND 형식=CSV,BI,0.09664811688685247,1004,[]
"frozenset({'주기=연간', '다운로드=L2(중)'})",frozenset({'형식=CSV'}),0.080831673670271,0.6992794803082281,0.07614985975412657,0.9420794633642932,1.3472145113553795,1.0,0.01962592899753518,5.191949818820977,0.28039228829202995,0.1081733617727219,0.8073941322824483,0.5254885335550123,다운로드=L2(중) AND 주기=연간,형식=CSV,BI,0.09664811688685247,1004,[]
"frozenset({'표준=N', '주기=연간', '다운로드=L2(중)'})",frozenset({'형식=CSV'}),0.080831673670271,0.6992794803082281,0.07614985975412657,0.9420794633642932,1.3472145113553795,1.0,0.01962592899753518,5.191949818820977,0.28039228829202995,0.1081733617727219,0.8073941322824483,0.5254885335550123,다운로드=L2(중) AND 주기=연간 AND 표준=N,형식=CSV,BI,0.09664811688685247,1004,[]
"frozenset({'표준=N', '주기=연간', '유형=FILE', '다운로드=L2(중)'})",frozenset({'형식=CSV'}),0.080831673670271,0.6992794803082281,0.07614985975412657,0.9420794633642932,1.3472145113553795,1.0,0.01962592899753518,5.191949818820977,0.28039228829202995,0.1081733617727219,0.8073941322824483,0.5254885335550123,다운로드=L2(중) AND 유형=FILE AND 주기=연간 AND 표준=N,형식=CSV,BI,0.09664811688685247,1004,[]
"frozenset({'주기=연간', '유형=FILE', '다운로드=L2(중)'})",frozenset({'형식=CSV'}),0.080831673670271,0.6992794803082281,0.07614985975412657,0.9420794633642932,1.3472145113553795,1.0,0.01962592899753518,5.191949818820977,0.28039228829202995,0.1081733617727219,0.8073941322824483,0.5254885335550123,다운로드=L2(중) AND 유형=FILE AND 주기=연간,형식=CSV,BI,0.09664811688685247,1004,[]
"frozenset({'주기=연간', '다운로드=L2(중)'})","frozenset({'형식=CSV', '유형=FILE'})",0.080831673670271,0.6992794803082281,0.07614985975412657,0.9420794633642932,1.3472145113553795,1.0,0.01962592899753518,5.191949818820977,0.28039228829202995,0.1081733617727219,0.8073941322824483,0.5254885335550123,다운로드=L2(중) AND 주기=연간,유형=FILE AND 형식=CSV,BI,0.09664811688685247,1004,[]
"frozenset({'표준=N', '주기=연간', '다운로드=L2(중)'})","frozenset({'형식=CSV', '유형=FILE'})",0.080831673670271,0.6992794803082281,0.07614985975412657,0.9420794633642932,1.3472145113553795,1.0,0.01962592899753518,5.191949818820977,0.28039228829202995,0.1081733617727219,0.8073941322824483,0.5254885335550123,다운로드=L2(중) AND 주기=연간 AND 표준=N,유형=FILE AND 형식=CSV,BI,0.09664811688685247,1004,[]
"frozenset({'다운로드=L3(상)', '조회수=L3(상)'})","frozenset({'형식=CSV', '국가중점=N', '유형=FILE'})",0.08598271169827847,0.6867564101227281,0.07887135960293212,0.9172932330827067,1.335689364615876,1.0,0.019822181184404902,3.787399768516103,0.27496518191153785,0.11366915123827843,0.7359666100439674,0.5160697133194652,다운로드=L3(상) AND 조회수=L3(상),국가중점=N AND 유형=FILE AND 형식=CSV,BI,0.0966346738024101,1011,[]
"frozenset({'다운로드=L3(상)', '조회수=L3(상)'})","frozenset({'형식=CSV', '국가중점=N'})",0.08598271169827847,0.6867564101227281,0.07887135960293212,0.9172932330827067,1.335689364615876,1.0,0.019822181184404902,3.787399768516103,0.27496518191153785,0.11366915123827843,0.7359666100439674,0.5160697133194652,다운로드=L3(상) AND 조회수=L3(상),국가중점=N AND 형식=CSV,BI,0.0966346738024101,1011,[]
"frozenset({'다운로드=L3(상)', '조회수=L3(상)'})","frozenset({'형식=CSV', '국가중점=N', '표준=N'})",0.08598271169827847,0.6867564101227281,0.07887135960293212,0.9172932330827067,1.335689364615876,1.0,0.019822181184404902,3.787399768516103,0.27496518191153785,0.11366915123827843,0.7359666100439674,0.5160697133194652,다운로드=L3(상) AND 조회수=L3(상),국가중점=N AND 표준=N AND 형식=CSV,BI,0.0966346738024101,1011,[]
"frozenset({'다운로드=L3(상)', '표준=N', '조회수=L3(상)'})","frozenset({'형식=CSV', '국가중점=N', '유형=FILE'})",0.08598271169827847,0.6867564101227281,0.07887135960293212,0.9172932330827067,1.335689364615876,1.0,0.019822181184404902,3.787399768516103,0.27496518191153785,0.11366915123827843,0.7359666100439674,0.5160697133194652,다운로드=L3(상) AND 조회수=L3(상) AND 표준=N,국가중점=N AND 유형=FILE AND 형식=CSV,BI,0.0966346738024101,1011,[]
"frozenset({'다운로드=L3(상)', '조회수=L3(상)'})","frozenset({'형식=CSV', '국가중점=N', '표준=N', '유형=FILE'})",0.08598271169827847,0.6867564101227281,0.07887135960293212,0.9172932330827067,1.335689364615876,1.0,0.019822181184404902,3.787399768516103,0.27496518191153785,0.11366915123827843,0.7359666100439674,0.5160697133194652,다운로드=L3(상) AND 조회수=L3(상),국가중점=N AND 유형=FILE AND 표준=N AND 형식=CSV,BI,0.0966346738024101,1011,[]
"frozenset({'다운로드=L3(상)', '표준=N', '조회수=L3(상)'})","frozenset({'형식=CSV', '국가중점=N'})",0.08598271169827847,0.6867564101227281,0.07887135960293212,0.9172932330827067,1.335689364615876,1.0,0.019822181184404902,3.787399768516103,0.27496518191153785,0.11366915123827843,0.7359666100439674,0.5160697133194652,다운로드=L3(상) AND 조회수=L3(상) AND 표준=N,국가중점=N AND 형식=CSV,BI,0.0966346738024101,1011,[]
"frozenset({'다운로드=L3(상)', '국가중점=N', '조회수=L3(상)'})","frozenset({'형식=CSV', '표준=N', '유형=FILE'})",0.08522152591681177,0.6992794803082281,0.07887135960293212,0.925486357518659,1.3234856499875038,1.0,0.019277695248749796,4.035778008934078,0.267189782566252,0.11177444142333609,0.7522163018416075,0.5191379120697988,국가중점=N AND 다운로드=L3(상) AND 조회수=L3(상),유형=FILE AND 표준=N AND 형식=CSV,BI,0.09660699766663683,1017,[]
"frozenset({'다운로드=L3(상)', '국가중점=N', '조회수=L3(상)'})","frozenset({'형식=CSV', '표준=N'})",0.08522152591681177,0.6992794803082281,0.07887135960293212,0.925486357518659,1.3234856499875038,1.0,0.019277695248749796,4.035778008934078,0.267189782566252,0.11177444142333609,0.7522163018416075,0.5191379120697988,국가중점=N AND 다운로드=L3(상) AND 조회수=L3(상),표준=N AND 형식=CSV,BI,0.09660699766663683,1017,[]
"frozenset({'다운로드=L3(상)', '국가중점=N', '조회수=L3(상)'})",frozenset({'형식=CSV'}),0.08522152591681177,0.6992794803082281,0.07887135960293212,0.925486357518659,1.3234856499875038,1.0,0.019277695248749796,4.035778008934078,0.267189782566252,0.11177444142333609,0.7522163018416075,0.5191379120697988,국가중점=N AND 다운로드=L3(상) AND 조회수=L3(상),형식=CSV,BI,0.09660699766663683,1017,[]
"frozenset({'다운로드=L3(상)', '국가중점=N', '표준=N', '조회수=L3(상)'})",frozenset({'형식=CSV'}),0.08522152591681177,0.6992794803082281,0.07887135960293212,0.925486357518659,1.3234856499875038,1.0,0.019277695248749796,4.035778008934078,0.267189782566252,0.11177444142333609,0.7522163018416075,0.5191379120697988,국가중점=N AND 다운로드=L3(상) AND 조회수=L3(상) AND 표준=N,형식=CSV,BI,0.09660699766663683,1017,[]
"frozenset({'다운로드=L3(상)', '국가중점=N', '표준=N', '조회수=L3(상)'})","frozenset({'형식=CSV', '유형=FILE'})",0.08522152591681177,0.6992794803082281,0.07887135960293212,0.925486357518659,1.3234856499875038,1.0,0.019277695248749796,4.035778008934078,0.267189782566252,0.11177444142333609,0.7522163018416075,0.5191379120697988,국가중점=N AND 다운로드=L3(상) AND 조회수=L3(상) AND 표준=N,유형=FILE AND 형식=CSV,BI,0.09660699766663683,1017,[]
"frozenset({'다운로드=L3(상)', '국가중점=N', '조회수=L3(상)'})","frozenset({'형식=CSV', '유형=FILE'})",0.08522152591681177,0.6992794803082281,0.07887135960293212,0.925486357518659,1.3234856499875038,1.0,0.019277695248749796,4.035778008934078,0.267189782566252,0.11177444142333609,0.7522163018416075,0.5191379120697988,국가중점=N AND 다운로드=L3(상) AND 조회수=L3(상),유형=FILE AND 형식=CSV,BI,0.09660699766663683,1017,[]
"frozenset({'국가중점=N', '주기=연간', '다운로드=L2(중)'})",frozenset({'형식=CSV'}),0.08074825605038424,0.6992794803082281,0.07607686933672565,0.9421487603305786,1.347313609024104,1.0,0.019611270810017227,5.198168983243494,0.2804262354521725,0.10807127727333324,0.8076245687234216,0.5254709923061122,국가중점=N AND 다운로드=L2(중) AND 주기=연간,형식=CSV,BI,0.09656968395357332,1025,[]
"frozenset({'국가중점=N', '주기=연간', '다운로드=L2(중)'})","frozenset({'형식=CSV', '표준=N', '유형=FILE'})",0.08074825605038424,0.6992794803082281,0.07607686933672565,0.9421487603305786,1.347313609024104,1.0,0.019611270810017227,5.198168983243494,0.2804262354521725,0.10807127727333324,0.8076245687234216,0.5254709923061122,국가중점=N AND 다운로드=L2(중) AND 주기=연간,유형=FILE AND 표준=N AND 형식=CSV,BI,0.09656968395357332,1025,[]
"frozenset({'국가중점=N', '주기=연간', '다운로드=L2(중)'})","frozenset({'형식=CSV', '유형=FILE'})",0.08074825605038424,0.6992794803082281,0.07607686933672565,0.9421487603305786,1.347313609024104,1.0,0.019611270810017227,5.198168983243494,0.2804262354521725,0.10807127727333324,0.8076245687234216,0.5254709923061122,국가중점=N AND 다운로드=L2(중) AND 주기=연간,유형=FILE AND 형식=CSV,BI,0.09656968395357332,1025,[]
"frozenset({'국가중점=N', '주기=연간', '다운로드=L2(중)', '표준=N', '유형=FILE'})",frozenset({'형식=CSV'}),0.08074825605038424,0.6992794803082281,0.07607686933672565,0.9421487603305786,1.347313609024104,1.0,0.019611270810017227,5.198168983243494,0.2804262354521725,0.10807127727333324,0.8076245687234216,0.5254709923061122,국가중점=N AND 다운로드=L2(중) AND 유형=FILE AND 주기=연간 AND 표준=N,형식=CSV,BI,0.09656968395357332,1025,[]
"frozenset({'국가중점=N', '주기=연간', '유형=FILE', '다운로드=L2(중)'})",frozenset({'형식=CSV'}),0.08074825605038424,0.6992794803082281,0.07607686933672565,0.9421487603305786,1.347313609024104,1.0,0.019611270810017227,5.198168983243494,0.2804262354521725,0.10807127727333324,0.8076245687234216,0.5254709923061122,국가중점=N AND 다운로드=L2(중) AND 유형=FILE AND 주기=연간,형식=CSV,BI,0.09656968395357332,1025,[]
"frozenset({'국가중점=N', '표준=N', '주기=연간', '다운로드=L2(중)'})",frozenset({'형식=CSV'}),0.08074825605038424,0.6992794803082281,0.07607686933672565,0.9421487603305786,1.347313609024104,1.0,0.019611270810017227,5.198168983243494,0.2804262354521725,0.10807127727333324,0.8076245687234216,0.5254709923061122,국가중점=N AND 다운로드=L2(중) AND 주기=연간 AND 표준=N,형식=CSV,BI,0.09656968395357332,1025,[]
"frozenset({'국가중점=N', '주기=연간', '다운로드=L2(중)'})","frozenset({'형식=CSV', '표준=N'})",0.08074825605038424,0.6992794803082281,0.07607686933672565,0.9421487603305786,1.347313609024104,1.0,0.019611270810017227,5.198168983243494,0.2804262354521725,0.10807127727333324,0.8076245687234216,0.5254709923061122,국가중점=N AND 다운로드=L2(중) AND 주기=연간,표준=N AND 형식=CSV,BI,0.09656968395357332,1025,[]
"frozenset({'국가중점=N', '표준=N', '주기=연간', '다운로드=L2(중)'})","frozenset({'형식=CSV', '유형=FILE'})",0.08074825605038424,0.6992794803082281,0.07607686933672565,0.9421487603305786,1.347313609024104,1.0,0.019611270810017227,5.198168983243494,0.2804262354521725,0.10807127727333324,0.8076245687234216,0.5254709923061122,국가중점=N AND 다운로드=L2(중) AND 주기=연간 AND 표준=N,유형=FILE AND 형식=CSV,BI,0.09656968395357332,1025,[]
"frozenset({'국가중점=N', '주기=연간', '유형=FILE', '다운로드=L2(중)'})","frozenset({'형식=CSV', '표준=N'})",0.08074825605038424,0.6992794803082281,0.07607686933672565,0.9421487603305786,1.347313609024104,1.0,0.019611270810017227,5.198168983243494,0.2804262354521725,0.10807127727333324,0.8076245687234216,0.5254709923061122,국가중점=N AND 다운로드=L2(중) AND 유형=FILE AND 주기=연간,표준=N AND 형식=CSV,BI,0.09656968395357332,1025,[]
"frozenset({'조회수=L4(최대)', '다운로드=L4(최대)', '유형=FILE'})",frozenset({'표준=N'}),0.09615966132446326,0.9968718392542465,0.09615966132446326,1.0,1.0031379768417308,1.0,0.0003008028778801325,inf,0.003460966070995875,0.09646140811480812,1.0,0.548230704057404,다운로드=L4(최대) AND 유형=FILE AND 조회수=L4(최대),표준=N,BR,0.09646140811480809,1030,[]
"frozenset({'조회수=L4(최대)', '표준=N', '다운로드=L4(최대)'})",frozenset({'유형=FILE'}),0.10297905175020594,0.8711614860848983,0.09615966132446326,0.933778857837181,1.0718780303680462,1.0,0.006448277566140206,1.9455797605895149,0.0747563714071732,0.10952363986175936,0.4860143900258307,0.5220799204981804,다운로드=L4(최대) AND 조회수=L4(최대) AND 표준=N,유형=FILE,BI,0.09624592066955959,1031,[]
"frozenset({'주기=수시', '다운로드=L2(중)'})",frozenset({'표준=N'}),0.09568001001011439,0.9968718392542465,0.09568001001011439,1.0,1.0031379768417308,1.0,0.00029930245146694845,inf,0.0034591303746238727,0.09598025166574271,1.0,0.5479901258328713,다운로드=L2(중) AND 주기=수시,표준=N,BR,0.0959802516657427,1032,[]
"frozenset({'주기=수시', '유형=FILE', '다운로드=L2(중)'})",frozenset({'표준=N'}),0.09568001001011439,0.9968718392542465,0.09568001001011439,1.0,1.0031379768417308,1.0,0.00029930245146694845,inf,0.0034591303746238727,0.09598025166574271,1.0,0.5479901258328713,다운로드=L2(중) AND 유형=FILE AND 주기=수시,표준=N,BR,0.0959802516657427,1032,[]
"frozenset({'조회수=L4(최대)', '표준=N', '주기=연간'})",frozenset({'유형=FILE'}),0.08348018310167565,0.8711614860848983,0.08348018310167565,1.0,1.1478928028534836,1.0,0.010755462732180476,inf,0.14057362594855338,0.09582630136330447,1.0,0.5479131506816523,조회수=L4(최대) AND 주기=연간 AND 표준=N,유형=FILE,BR,0.09582630136330449,1035,[]
"frozenset({'조회수=L4(최대)', '주기=연간'})","frozenset({'표준=N', '유형=FILE'})",0.08348018310167565,0.8711614860848983,0.08348018310167565,1.0,1.1478928028534836,1.0,0.010755462732180476,inf,0.14057362594855338,0.09582630136330447,1.0,0.5479131506816523,조회수=L4(최대) AND 주기=연간,유형=FILE AND 표준=N,BR,0.09582630136330449,1035,[]
"frozenset({'조회수=L4(최대)', '주기=연간'})",frozenset({'유형=FILE'}),0.08348018310167565,0.8711614860848983,0.08348018310167565,1.0,1.1478928028534836,1.0,0.010755462732180476,inf,0.14057362594855338,0.09582630136330447,1.0,0.5479131506816523,조회수=L4(최대) AND 주기=연간,유형=FILE,BR,0.09582630136330449,1035,[]
"frozenset({'다운로드=L0(최소)', '국가중점=N', '표준=N', '조회수=L0(최소)'})",frozenset({'유형=FILE'}),0.11433427525729122,0.8711614860848983,0.10292691573777671,0.9002279981760146,1.033365240033446,1.0,0.0033232985941950705,1.2913293465073954,0.036456130226523144,0.1166219680769367,0.22560421730935004,0.5091885319856577,국가중점=N AND 다운로드=L0(최소) AND 조회수=L0(최소) AND 표준=N,유형=FILE,BI,0.09574923742465492,1037,[]
"frozenset({'다운로드=L0(최소)', '국가중점=N', '조회수=L0(최소)'})",frozenset({'유형=FILE'}),0.11451153769955058,0.8711614860848983,0.10292691573777671,0.8988344563831725,1.0317656034389673,1.0,0.0031688743815693754,1.2735414579798807,0.03476907666414925,0.11659854945781851,0.2147880277205723,0.5084917610892367,국가중점=N AND 다운로드=L0(최소) AND 조회수=L0(최소),유형=FILE,BI,0.09545302959769593,1038,[]
"frozenset({'다운로드=L0(최소)', '국가중점=N', '조회수=L0(최소)'})","frozenset({'표준=N', '유형=FILE'})",0.11451153769955058,0.8711614860848983,0.10292691573777671,0.8988344563831725,1.0317656034389673,1.0,0.0031688743815693754,1.2735414579798807,0.03476907666414925,0.11659854945781851,0.2147880277205723,0.5084917610892367,국가중점=N AND 다운로드=L0(최소) AND 조회수=L0(최소),유형=FILE AND 표준=N,BI,0.09545302959769593,1038,[]
"frozenset({'조회수=L3(상)', '주기=연간', '유형=FILE'})",frozenset({'표준=N'}),0.09485626101373262,0.9968718392542465,0.09485626101373262,1.0,1.0031379768417308,1.0,0.0002967256321921019,inf,0.003455982305370519,0.09515391776408691,1.0,0.5475769588820435,유형=FILE AND 조회수=L3(상) AND 주기=연간,표준=N,BR,0.09515391776408688,1040,[]
"frozenset({'조회수=L3(상)', '주기=연간'})",frozenset({'표준=N'}),0.09485626101373262,0.9968718392542465,0.09485626101373262,1.0,1.0031379768417308,1.0,0.0002967256321921019,inf,0.003455982305370519,0.09515391776408691,1.0,0.5475769588820435,조회수=L3(상) AND 주기=연간,표준=N,BR,0.09515391776408688,1040,[]
"frozenset({'다운로드=L3(상)', '조회수=L3(상)'})","frozenset({'표준=N', '유형=FILE'})",0.08598271169827847,0.8711614860848983,0.08491913704472227,0.9876303662381761,1.1336937892843526,1.0,0.010014310144040639,10.415709664156198,0.12902119347439536,0.09735920333775659,0.9039911794545002,0.5425542162381707,다운로드=L3(상) AND 조회수=L3(상),유형=FILE AND 표준=N,BR,0.09508144518811568,1043,[]
"frozenset({'다운로드=L3(상)', '조회수=L3(상)'})",frozenset({'유형=FILE'}),0.08598271169827847,0.8711614860848983,0.08491913704472227,0.9876303662381761,1.1336937892843526,1.0,0.010014310144040639,10.415709664156198,0.12902119347439536,0.09735920333775659,0.9039911794545002,0.5425542162381707,다운로드=L3(상) AND 조회수=L3(상),유형=FILE,BR,0.09508144518811568,1043,[]
"frozenset({'다운로드=L3(상)', '표준=N', '조회수=L3(상)'})",frozenset({'유형=FILE'}),0.08598271169827847,0.8711614860848983,0.08491913704472227,0.9876303662381761,1.1336937892843526,1.0,0.010014310144040639,10.415709664156198,0.12902119347439536,0.09735920333775659,0.9039911794545002,0.5425542162381707,다운로드=L3(상) AND 조회수=L3(상) AND 표준=N,유형=FILE,BR,0.09508144518811568,1043,[]
"frozenset({'다운로드=L0(최소)', '유형=FILE'})","frozenset({'형식=CSV', '국가중점=N', '표준=N'})",0.13950554205812124,0.6867564101227281,0.10829692501798692,0.7762912026309887,1.1303734354547343,1.0,0.012490599761926305,1.400229197784169,0.13403526872745455,0.15083871904727325,0.28583120421822555,0.4669922807361011,다운로드=L0(최소) AND 유형=FILE,국가중점=N AND 표준=N AND 형식=CSV,BI,0.0950304383847685,1046,[]
"frozenset({'다운로드=L0(최소)', '표준=N', '유형=FILE'})","frozenset({'형식=CSV', '국가중점=N'})",0.13950554205812124,0.6867564101227281,0.10829692501798692,0.7762912026309887,1.1303734354547343,1.0,0.012490599761926305,1.400229197784169,0.13403526872745455,0.15083871904727325,0.28583120421822555,0.4669922807361011,다운로드=L0(최소) AND 유형=FILE AND 표준=N,국가중점=N AND 형식=CSV,BI,0.0950304383847685,1046,[]
"frozenset({'다운로드=L0(최소)', '유형=FILE'})","frozenset({'형식=CSV', '국가중점=N'})",0.13950554205812124,0.6867564101227281,0.10829692501798692,0.7762912026309887,1.1303734354547343,1.0,0.012490599761926305,1.400229197784169,0.13403526872745455,0.15083871904727325,0.28583120421822555,0.4669922807361011,다운로드=L0(최소) AND 유형=FILE,국가중점=N AND 형식=CSV,BI,0.0950304383847685,1046,[]
"frozenset({'다운로드=L3(상)', '조회수=L3(상)'})","frozenset({'국가중점=N', '유형=FILE'})",0.08598271169827847,0.8547803509796357,0.08436649531297248,0.981203007518797,1.1479007518063236,1.0,0.010870162829337185,7.7256853278833715,0.14096510882258462,0.09851335062278554,0.8705616450115018,0.5399513134597986,다운로드=L3(상) AND 조회수=L3(상),국가중점=N AND 유형=FILE,BR,0.09502398062640499,1049,[]
"frozenset({'다운로드=L3(상)', '조회수=L3(상)'})","frozenset({'국가중점=N', '표준=N', '유형=FILE'})",0.08598271169827847,0.8547803509796357,0.08436649531297248,0.981203007518797,1.1479007518063236,1.0,0.010870162829337185,7.7256853278833715,0.14096510882258462,0.09851335062278554,0.8705616450115018,0.5399513134597986,다운로드=L3(상) AND 조회수=L3(상),국가중점=N AND 유형=FILE AND 표준=N,BR,0.09502398062640499,1049,[]
"frozenset({'다운로드=L3(상)', '표준=N', '조회수=L3(상)'})","frozenset({'국가중점=N', '유형=FILE'})",0.08598271169827847,0.8547803509796357,0.08436649531297248,0.981203007518797,1.1479007518063236,1.0,0.010870162829337185,7.7256853278833715,0.14096510882258462,0.09851335062278554,0.8705616450115018,0.5399513134597986,다운로드=L3(상) AND 조회수=L3(상) AND 표준=N,국가중점=N AND 유형=FILE,BR,0.09502398062640499,1049,[]
"frozenset({'다운로드=L0(최소)', '주기=수시', '유형=FILE'})",frozenset({'표준=N'}),0.09464771696401572,0.9968718392542465,0.09464771696401572,1.0,1.0031379768417308,1.0,0.00029607327288201646,inf,0.0034551862345379575,0.0949447193079715,1.0,0.5474723596539858,다운로드=L0(최소) AND 유형=FILE AND 주기=수시,표준=N,BR,0.09494471930797149,1051,[]
"frozenset({'다운로드=L0(최소)', '주기=수시'})",frozenset({'표준=N'}),0.09464771696401572,0.9968718392542465,0.09464771696401572,1.0,1.0031379768417308,1.0,0.00029607327288201646,inf,0.0034551862345379575,0.0949447193079715,1.0,0.5474723596539858,다운로드=L0(최소) AND 주기=수시,표준=N,BR,0.09494471930797149,1051,[]
"frozenset({'다운로드=L3(상)', '국가중점=N', '조회수=L3(상)'})","frozenset({'표준=N', '유형=FILE'})",0.08522152591681177,0.8711614860848983,0.08436649531297248,0.9899669643949591,1.1363759534916844,1.0,0.010124784148860061,12.841428954001685,0.13118972700013581,0.09674873548649392,0.9221270464850895,0.5434053285833462,국가중점=N AND 다운로드=L3(상) AND 조회수=L3(상),유형=FILE AND 표준=N,BR,0.09491016879709575,1054,[]
"frozenset({'다운로드=L3(상)', '국가중점=N', '표준=N', '조회수=L3(상)'})",frozenset({'유형=FILE'}),0.08522152591681177,0.8711614860848983,0.08436649531297248,0.9899669643949591,1.1363759534916844,1.0,0.010124784148860061,12.841428954001685,0.13118972700013581,0.09674873548649392,0.9221270464850895,0.5434053285833462,국가중점=N AND 다운로드=L3(상) AND 조회수=L3(상) AND 표준=N,유형=FILE,BR,0.09491016879709575,1054,[]
"frozenset({'다운로드=L3(상)', '국가중점=N', '조회수=L3(상)'})",frozenset({'유형=FILE'}),0.08522152591681177,0.8711614860848983,0.08436649531297248,0.9899669643949591,1.1363759534916844,1.0,0.010124784148860061,12.841428954001685,0.13118972700013581,0.09674873548649392,0.9221270464850895,0.5434053285833462,국가중점=N AND 다운로드=L3(상) AND 조회수=L3(상),유형=FILE,BR,0.09491016879709575,1054,[]
"frozenset({'조회수=L3(상)', '국가중점=N', '주기=연간', '유형=FILE'})",frozenset({'표준=N'}),0.09443917291429882,0.9968718392542465,0.09443917291429882,1.0,1.0031379768417308,1.0,0.000295420913571931,inf,0.0034543905303640017,0.0947355208518561,1.0,0.547367760425928,국가중점=N AND 유형=FILE AND 조회수=L3(상) AND 주기=연간,표준=N,BR,0.0947355208518561,1056,[]
"frozenset({'조회수=L3(상)', '국가중점=N', '주기=연간'})",frozenset({'표준=N'}),0.09443917291429882,0.9968718392542465,0.09443917291429882,1.0,1.0031379768417308,1.0,0.000295420913571931,inf,0.0034543905303640017,0.0947355208518561,1.0,0.547367760425928,국가중점=N AND 조회수=L3(상) AND 주기=연간,표준=N,BR,0.0947355208518561,1056,[]
"frozenset({'다운로드=L0(최소)', '국가중점=N', '주기=수시'})",frozenset({'표준=N'}),0.09418892005463854,0.9968718392542465,0.09418892005463854,1.0,1.0031379768417308,1.0,0.0002946380823998368,inf,0.0034534361689881415,0.09448448270451763,1.0,0.5472422413522589,국가중점=N AND 다운로드=L0(최소) AND 주기=수시,표준=N,BR,0.09448448270451763,1058,[]
"frozenset({'다운로드=L0(최소)', '국가중점=N', '주기=수시', '유형=FILE'})",frozenset({'표준=N'}),0.09418892005463854,0.9968718392542465,0.09418892005463854,1.0,1.0031379768417308,1.0,0.0002946380823998368,inf,0.0034534361689881415,0.09448448270451763,1.0,0.5472422413522589,국가중점=N AND 다운로드=L0(최소) AND 유형=FILE AND 주기=수시,표준=N,BR,0.09448448270451763,1058,[]
"frozenset({'형식=CSV', '다운로드=L0(최소)', '조회수=L0(최소)'})","frozenset({'국가중점=N', '표준=N'})",0.09052897198210692,0.9578428203497283,0.09051854477962108,0.9998848191660908,1.0438923776669455,1.0,0.003806018932918251,366.0086337239161,0.04623219488178988,0.09450147505470223,0.99726782401326,0.5471936614881183,다운로드=L0(최소) AND 조회수=L0(최소) AND 형식=CSV,국가중점=N AND 표준=N,BR,0.09448073530948442,1060,[]
"frozenset({'형식=CSV', '다운로드=L0(최소)', '유형=FILE', '조회수=L0(최소)'})","frozenset({'국가중점=N', '표준=N'})",0.09052897198210692,0.9578428203497283,0.09051854477962108,0.9998848191660908,1.0438923776669455,1.0,0.003806018932918251,366.0086337239161,0.04623219488178988,0.09450147505470223,0.99726782401326,0.5471936614881183,다운로드=L0(최소) AND 유형=FILE AND 조회수=L0(최소) AND 형식=CSV,국가중점=N AND 표준=N,BR,0.09448073530948442,1060,[]
"frozenset({'주기=연간', '다운로드=L2(중)'})","frozenset({'국가중점=N', '표준=N', '유형=FILE'})",0.080831673670271,0.8547803509796357,0.08074825605038424,0.998968008255934,1.1686838696175568,1.0,0.011654929660238622,140.7178399007415,0.15702957481579086,0.09445745511319283,0.9928935805104359,0.5467173407142849,다운로드=L2(중) AND 주기=연간,국가중점=N AND 유형=FILE AND 표준=N,BR,0.09427179612669322,1063,[]
"frozenset({'주기=연간', '다운로드=L2(중)'})","frozenset({'국가중점=N', '유형=FILE'})",0.080831673670271,0.8547803509796357,0.08074825605038424,0.998968008255934,1.1686838696175568,1.0,0.011654929660238622,140.7178399007415,0.15702957481579086,0.09445745511319283,0.9928935805104359,0.5467173407142849,다운로드=L2(중) AND 주기=연간,국가중점=N AND 유형=FILE,BR,0.09427179612669322,1063,[]
"frozenset({'표준=N', '주기=연간', '다운로드=L2(중)'})","frozenset({'국가중점=N', '유형=FILE'})",0.080831673670271,0.8547803509796357,0.08074825605038424,0.998968008255934,1.1686838696175568,1.0,0.011654929660238622,140.7178399007415,0.15702957481579086,0.09445745511319283,0.9928935805104359,0.5467173407142849,다운로드=L2(중) AND 주기=연간 AND 표준=N,국가중점=N AND 유형=FILE,BR,0.09427179612669322,1063,[]
"frozenset({'다운로드=L0(최소)', '유형=FILE'})","frozenset({'형식=CSV', '표준=N'})",0.13950554205812124,0.6992794803082281,0.10865144990250565,0.7788324986919799,1.113764268256072,1.0,0.011098086951984984,1.3596957867374841,0.11870377195452753,0.14881037388249407,0.26454137039032427,0.467104393330005,다운로드=L0(최소) AND 유형=FILE,표준=N AND 형식=CSV,BI,0.0942481582365212,1066,[]
"frozenset({'다운로드=L0(최소)', '표준=N', '유형=FILE'})",frozenset({'형식=CSV'}),0.13950554205812124,0.6992794803082281,0.10865144990250565,0.7788324986919799,1.113764268256072,1.0,0.011098086951984984,1.3596957867374841,0.11870377195452753,0.14881037388249407,0.26454137039032427,0.467104393330005,다운로드=L0(최소) AND 유형=FILE AND 표준=N,형식=CSV,BI,0.0942481582365212,1066,[]
"frozenset({'다운로드=L0(최소)', '유형=FILE'})",frozenset({'형식=CSV'}),0.13950554205812124,0.6992794803082281,0.10865144990250565,0.7788324986919799,1.113764268256072,1.0,0.011098086951984984,1.3596957867374841,0.11870377195452753,0.14881037388249407,0.26454137039032427,0.467104393330005,다운로드=L0(최소) AND 유형=FILE,형식=CSV,BI,0.0942481582365212,1066,[]
"frozenset({'다운로드=L4(최대)', '주기=연간'})","frozenset({'형식=CSV', '국가중점=N'})",0.10132112655495656,0.6867564101227281,0.08724440319906572,0.8610682309354739,1.2538189935228927,1.0,0.01766147005659313,2.2546577502499634,0.2252603429421956,0.12448669880378505,0.5564737043175911,0.4940532919276076,다운로드=L4(최대) AND 주기=연간,국가중점=N AND 형식=CSV,BI,0.09419112561866544,1072,[]
"frozenset({'표준=N', '다운로드=L4(최대)', '주기=연간', '유형=FILE'})","frozenset({'형식=CSV', '국가중점=N'})",0.10132112655495656,0.6867564101227281,0.08724440319906572,0.8610682309354739,1.2538189935228927,1.0,0.01766147005659313,2.2546577502499634,0.2252603429421956,0.12448669880378505,0.5564737043175911,0.4940532919276076,다운로드=L4(최대) AND 유형=FILE AND 주기=연간 AND 표준=N,국가중점=N AND 형식=CSV,BI,0.09419112561866544,1072,[]
"frozenset({'다운로드=L4(최대)', '주기=연간'})","frozenset({'형식=CSV', '국가중점=N', '표준=N', '유형=FILE'})",0.10132112655495656,0.6867564101227281,0.08724440319906572,0.8610682309354739,1.2538189935228927,1.0,0.01766147005659313,2.2546577502499634,0.2252603429421956,0.12448669880378505,0.5564737043175911,0.4940532919276076,다운로드=L4(최대) AND 주기=연간,국가중점=N AND 유형=FILE AND 표준=N AND 형식=CSV,BI,0.09419112561866544,1072,[]
"frozenset({'다운로드=L4(최대)', '주기=연간', '유형=FILE'})","frozenset({'형식=CSV', '국가중점=N', '표준=N'})",0.10132112655495656,0.6867564101227281,0.08724440319906572,0.8610682309354739,1.2538189935228927,1.0,0.01766147005659313,2.2546577502499634,0.2252603429421956,0.12448669880378505,0.5564737043175911,0.4940532919276076,다운로드=L4(최대) AND 유형=FILE AND 주기=연간,국가중점=N AND 표준=N AND 형식=CSV,BI,0.09419112561866544,1072,[]
"frozenset({'표준=N', '다운로드=L4(최대)', '주기=연간'})","frozenset({'형식=CSV', '국가중점=N'})",0.10132112655495656,0.6867564101227281,0.08724440319906572,0.8610682309354739,1.2538189935228927,1.0,0.01766147005659313,2.2546577502499634,0.2252603429421956,0.12448669880378505,0.5564737043175911,0.4940532919276076,다운로드=L4(최대) AND 주기=연간 AND 표준=N,국가중점=N AND 형식=CSV,BI,0.09419112561866544,1072,[]
"frozenset({'다운로드=L4(최대)', '주기=연간', '유형=FILE'})","frozenset({'형식=CSV', '국가중점=N'})",0.10132112655495656,0.6867564101227281,0.08724440319906572,0.8610682309354739,1.2538189935228927,1.0,0.01766147005659313,2.2546577502499634,0.2252603429421956,0.12448669880378505,0.5564737043175911,0.4940532919276076,다운로드=L4(최대) AND 유형=FILE AND 주기=연간,국가중점=N AND 형식=CSV,BI,0.09419112561866544,1072,[]
"frozenset({'다운로드=L4(최대)', '주기=연간'})","frozenset({'형식=CSV', '국가중점=N', '유형=FILE'})",0.10132112655495656,0.6867564101227281,0.08724440319906572,0.8610682309354739,1.2538189935228927,1.0,0.01766147005659313,2.2546577502499634,0.2252603429421956,0.12448669880378505,0.5564737043175911,0.4940532919276076,다운로드=L4(최대) AND 주기=연간,국가중점=N AND 유형=FILE AND 형식=CSV,BI,0.09419112561866544,1072,[]
"frozenset({'표준=N', '다운로드=L4(최대)', '주기=연간'})","frozenset({'형식=CSV', '국가중점=N', '유형=FILE'})",0.10132112655495656,0.6867564101227281,0.08724440319906572,0.8610682309354739,1.2538189935228927,1.0,0.01766147005659313,2.2546577502499634,0.2252603429421956,0.12448669880378505,0.5564737043175911,0.4940532919276076,다운로드=L4(최대) AND 주기=연간 AND 표준=N,국가중점=N AND 유형=FILE AND 형식=CSV,BI,0.09419112561866544,1072,[]
"frozenset({'다운로드=L4(최대)', '주기=연간'})","frozenset({'형식=CSV', '국가중점=N', '표준=N'})",0.10132112655495656,0.6867564101227281,0.08724440319906572,0.8610682309354739,1.2538189935228927,1.0,0.01766147005659313,2.2546577502499634,0.2252603429421956,0.12448669880378505,0.5564737043175911,0.4940532919276076,다운로드=L4(최대) AND 주기=연간,국가중점=N AND 표준=N AND 형식=CSV,BI,0.09419112561866544,1072,[]
"frozenset({'형식=CSV', '다운로드=L0(최소)', '조회수=L0(최소)'})",frozenset({'국가중점=N'}),0.09052897198210692,0.9609709810954818,0.09051854477962108,0.9998848191660908,1.040494290500061,1.0,0.0035228297564103978,338.84994212926506,0.04279226002400764,0.09419385640346785,0.9970488411663398,0.5470398488191566,다운로드=L0(최소) AND 조회수=L0(최소) AND 형식=CSV,국가중점=N,BR,0.09417318083256551,1078,[]
"frozenset({'다운로드=L0(최소)', '형식=CSV', '조회수=L0(최소)', '표준=N', '유형=FILE'})",frozenset({'국가중점=N'}),0.09052897198210692,0.9609709810954818,0.09051854477962108,0.9998848191660908,1.040494290500061,1.0,0.0035228297564103978,338.84994212926506,0.04279226002400764,0.09419385640346785,0.9970488411663398,0.5470398488191566,다운로드=L0(최소) AND 유형=FILE AND 조회수=L0(최소) AND 표준=N AND 형식=CSV,국가중점=N,BR,0.09417318083256551,1078,[]
"frozenset({'형식=CSV', '다운로드=L0(최소)', '유형=FILE', '조회수=L0(최소)'})",frozenset({'국가중점=N'}),0.09052897198210692,0.9609709810954818,0.09051854477962108,0.9998848191660908,1.040494290500061,1.0,0.0035228297564103978,338.84994212926506,0.04279226002400764,0.09419385640346785,0.9970488411663398,0.5470398488191566,다운로드=L0(최소) AND 유형=FILE AND 조회수=L0(최소) AND 형식=CSV,국가중점=N,BR,0.09417318083256551,1078,[]
"frozenset({'형식=CSV', '다운로드=L0(최소)', '표준=N', '조회수=L0(최소)'})",frozenset({'국가중점=N'}),0.09052897198210692,0.9609709810954818,0.09051854477962108,0.9998848191660908,1.040494290500061,1.0,0.0035228297564103978,338.84994212926506,0.04279226002400764,0.09419385640346785,0.9970488411663398,0.5470398488191566,다운로드=L0(최소) AND 조회수=L0(최소) AND 표준=N AND 형식=CSV,국가중점=N,BR,0.09417318083256551,1078,[]
"frozenset({'다운로드=L0(최소)', '국가중점=N', '유형=FILE'})","frozenset({'형식=CSV', '표준=N'})",0.1390363179462582,0.6992794803082281,0.10829692501798692,0.7789110544472776,1.1138766063948418,1.0,0.011071680860557917,1.3601789041960943,0.1187442534305353,0.14834811672451473,0.2648025955151618,0.4668901782234449,국가중점=N AND 다운로드=L0(최소) AND 유형=FILE,표준=N AND 형식=CSV,BI,0.09395958197019824,1082,[]
"frozenset({'다운로드=L0(최소)', '국가중점=N', '표준=N', '유형=FILE'})",frozenset({'형식=CSV'}),0.1390363179462582,0.6992794803082281,0.10829692501798692,0.7789110544472776,1.1138766063948418,1.0,0.011071680860557917,1.3601789041960943,0.1187442534305353,0.14834811672451473,0.2648025955151618,0.4668901782234449,국가중점=N AND 다운로드=L0(최소) AND 유형=FILE AND 표준=N,형식=CSV,BI,0.09395958197019824,1082,[]
"frozenset({'다운로드=L0(최소)', '국가중점=N', '유형=FILE'})",frozenset({'형식=CSV'}),0.1390363179462582,0.6992794803082281,0.10829692501798692,0.7789110544472776,1.1138766063948418,1.0,0.011071680860557917,1.3601789041960943,0.1187442534305353,0.14834811672451473,0.2648025955151618,0.4668901782234449,국가중점=N AND 다운로드=L0(최소) AND 유형=FILE,형식=CSV,BI,0.09395958197019824,1082,[]
"frozenset({'국가중점=N', '주기=수시', '다운로드=L2(중)'})",frozenset({'표준=N'}),0.09351115189305861,0.9968718392542465,0.09351115189305861,1.0,1.0031379768417308,1.0,0.00029251791464206256,inf,0.0034508540863863978,0.09380458772214262,1.0,0.5469022938610713,국가중점=N AND 다운로드=L2(중) AND 주기=수시,표준=N,BR,0.0938045877221426,1084,[]
"frozenset({'국가중점=N', '주기=수시', '유형=FILE', '다운로드=L2(중)'})",frozenset({'표준=N'}),0.09351115189305861,0.9968718392542465,0.09351115189305861,1.0,1.0031379768417308,1.0,0.00029251791464206256,inf,0.0034508540863863978,0.09380458772214262,1.0,0.5469022938610713,국가중점=N AND 다운로드=L2(중) AND 유형=FILE AND 주기=수시,표준=N,BR,0.0938045877221426,1084,[]
"frozenset({'다운로드=L0(최소)', '표준=N', '조회수=L0(최소)'})","frozenset({'국가중점=N', '유형=FILE'})",0.11681594944892235,0.8547803509796357,0.10292691573777671,0.8811032759082389,1.030794957907532,1.0,0.003074937467807487,1.221393189170527,0.03382642582824934,0.11848802035818888,0.18126283258618758,0.5007582838016846,다운로드=L0(최소) AND 조회수=L0(최소) AND 표준=N,국가중점=N AND 유형=FILE,BI,0.09348201404531824,1086,[]
"frozenset({'형식=CSV', '조회수=L3(상)', '주기=연간'})","frozenset({'국가중점=N', '표준=N'})",0.090591535197022,0.9578428203497283,0.09023701031250325,0.996086556169429,1.0399269431342995,1.0,0.003464558739576018,10.77239931769263,0.042218639943703194,0.09417372189696824,0.907170169754328,0.5451475672203557,조회수=L3(상) AND 주기=연간 AND 형식=CSV,국가중점=N AND 표준=N,BR,0.09347266112082807,1087,[]
"frozenset({'형식=CSV', '조회수=L3(상)', '주기=연간', '유형=FILE'})","frozenset({'국가중점=N', '표준=N'})",0.090591535197022,0.9578428203497283,0.09023701031250325,0.996086556169429,1.0399269431342995,1.0,0.003464558739576018,10.77239931769263,0.042218639943703194,0.09417372189696824,0.907170169754328,0.5451475672203557,유형=FILE AND 조회수=L3(상) AND 주기=연간 AND 형식=CSV,국가중점=N AND 표준=N,BR,0.09347266112082807,1087,[]
"frozenset({'주기=수시', '다운로드=L2(중)'})","frozenset({'국가중점=N', '표준=N'})",0.09568001001011439,0.9578428203497283,0.09351115189305861,0.9773321708805579,1.0203471280639902,1.0,0.001864741253880406,1.8597801945715937,0.02205124127185447,0.09740626493461355,0.46230204896318233,0.537479497153756,다운로드=L2(중) AND 주기=수시,국가중점=N AND 표준=N,BR,0.09325101076237009,1089,[]
"frozenset({'주기=수시', '유형=FILE', '다운로드=L2(중)'})","frozenset({'국가중점=N', '표준=N'})",0.09568001001011439,0.9578428203497283,0.09351115189305861,0.9773321708805579,1.0203471280639902,1.0,0.001864741253880406,1.8597801945715937,0.02205124127185447,0.09740626493461355,0.46230204896318233,0.537479497153756,다운로드=L2(중) AND 유형=FILE AND 주기=수시,국가중점=N AND 표준=N,BR,0.09325101076237009,1089,[]
"frozenset({'다운로드=L0(최소)', '조회수=L0(최소)'})","frozenset({'국가중점=N', '표준=N', '유형=FILE'})",0.11699321189118171,0.8547803509796357,0.10292691573777671,0.8797682709447415,1.0292331473652476,1.0,0.0029234170151975214,1.207831328397693,0.032166052692249675,0.11846384638463846,0.1720698275589536,0.5000907813199359,다운로드=L0(최소) AND 조회수=L0(최소),국가중점=N AND 유형=FILE AND 표준=N,BI,0.09319894982005245,1091,[]
"frozenset({'다운로드=L0(최소)', '조회수=L0(최소)'})","frozenset({'국가중점=N', '유형=FILE'})",0.11699321189118171,0.8547803509796357,0.10292691573777671,0.8797682709447415,1.0292331473652476,1.0,0.0029234170151975214,1.207831328397693,0.032166052692249675,0.11846384638463846,0.1720698275589536,0.5000907813199359,다운로드=L0(최소) AND 조회수=L0(최소),국가중점=N AND 유형=FILE,BI,0.09319894982005245,1091,[]
"frozenset({'형식=CSV', '조회수=L3(상)', '주기=연간'})",frozenset({'국가중점=N'}),0.090591535197022,0.9609709810954818,0.09023701031250325,0.996086556169429,1.0365417642829509,1.0,0.0031811738552751517,9.973062242424817,0.03876535042111008,0.09386727986636874,0.8997298948214663,0.5449942329458256,조회수=L3(상) AND 주기=연간 AND 형식=CSV,국가중점=N,BR,0.0931683881354087,1094,[]
"frozenset({'형식=CSV', '조회수=L3(상)', '표준=N', '주기=연간'})",frozenset({'국가중점=N'}),0.090591535197022,0.9609709810954818,0.09023701031250325,0.996086556169429,1.0365417642829509,1.0,0.0031811738552751517,9.973062242424817,0.03876535042111008,0.09386727986636874,0.8997298948214663,0.5449942329458256,조회수=L3(상) AND 주기=연간 AND 표준=N AND 형식=CSV,국가중점=N,BR,0.0931683881354087,1094,[]
"frozenset({'형식=CSV', '조회수=L3(상)', '주기=연간', '유형=FILE'})",frozenset({'국가중점=N'}),0.090591535197022,0.9609709810954818,0.09023701031250325,0.996086556169429,1.0365417642829509,1.0,0.0031811738552751517,9.973062242424817,0.03876535042111008,0.09386727986636874,0.8997298948214663,0.5449942329458256,유형=FILE AND 조회수=L3(상) AND 주기=연간 AND 형식=CSV,국가중점=N,BR,0.0931683881354087,1094,[]
"frozenset({'형식=CSV', '조회수=L3(상)', '주기=연간', '표준=N', '유형=FILE'})",frozenset({'국가중점=N'}),0.090591535197022,0.9609709810954818,0.09023701031250325,0.996086556169429,1.0365417642829509,1.0,0.0031811738552751517,9.973062242424817,0.03876535042111008,0.09386727986636874,0.8997298948214663,0.5449942329458256,유형=FILE AND 조회수=L3(상) AND 주기=연간 AND 표준=N AND 형식=CSV,국가중점=N,BR,0.0931683881354087,1094,[]
"frozenset({'형식=CSV', '다운로드=L4(최대)', '주기=연간'})","frozenset({'국가중점=N', '유형=FILE'})",0.09140485699091791,0.8547803509796357,0.08724440319906572,0.9544832306639287,1.1166415203274465,1.0,0.009113327459125506,3.1904647702067934,0.11496588543636517,0.1015720789074355,0.6865660422461948,0.52827484456979,다운로드=L4(최대) AND 주기=연간 AND 형식=CSV,국가중점=N AND 유형=FILE,BR,0.09298644644963462,1098,[]
"frozenset({'형식=CSV', '표준=N', '다운로드=L4(최대)', '주기=연간'})","frozenset({'국가중점=N', '유형=FILE'})",0.09140485699091791,0.8547803509796357,0.08724440319906572,0.9544832306639287,1.1166415203274465,1.0,0.009113327459125506,3.1904647702067934,0.11496588543636517,0.1015720789074355,0.6865660422461948,0.52827484456979,다운로드=L4(최대) AND 주기=연간 AND 표준=N AND 형식=CSV,국가중점=N AND 유형=FILE,BR,0.09298644644963462,1098,[]
"frozenset({'형식=CSV', '다운로드=L4(최대)', '주기=연간'})","frozenset({'국가중점=N', '표준=N', '유형=FILE'})",0.09140485699091791,0.8547803509796357,0.08724440319906572,0.9544832306639287,1.1166415203274465,1.0,0.009113327459125506,3.1904647702067934,0.11496588543636517,0.1015720789074355,0.6865660422461948,0.52827484456979,다운로드=L4(최대) AND 주기=연간 AND 형식=CSV,국가중점=N AND 유형=FILE AND 표준=N,BR,0.09298644644963462,1098,[]
"frozenset({'주기=수시', '다운로드=L2(중)'})",frozenset({'국가중점=N'}),0.09568001001011439,0.9609709810954818,0.09351115189305861,0.9773321708805579,1.0170256855898236,1.0,0.0015654388024134575,1.7217801801339299,0.018511881289969025,0.0970899012645072,0.41920576648628033,0.5373205993291679,다운로드=L2(중) AND 주기=수시,국가중점=N,BR,0.09294745929504468,1101,[]
"frozenset({'주기=수시', '유형=FILE', '다운로드=L2(중)'})",frozenset({'국가중점=N'}),0.09568001001011439,0.9609709810954818,0.09351115189305861,0.9773321708805579,1.0170256855898236,1.0,0.0015654388024134575,1.7217801801339299,0.018511881289969025,0.0970899012645072,0.41920576648628033,0.5373205993291679,다운로드=L2(중) AND 유형=FILE AND 주기=수시,국가중점=N,BR,0.09294745929504468,1101,[]
"frozenset({'표준=N', '주기=수시', '유형=FILE', '다운로드=L2(중)'})",frozenset({'국가중점=N'}),0.09568001001011439,0.9609709810954818,0.09351115189305861,0.9773321708805579,1.0170256855898236,1.0,0.0015654388024134575,1.7217801801339299,0.018511881289969025,0.0970899012645072,0.41920576648628033,0.5373205993291679,다운로드=L2(중) AND 유형=FILE AND 주기=수시 AND 표준=N,국가중점=N,BR,0.09294745929504468,1101,[]
"frozenset({'표준=N', '주기=수시', '다운로드=L2(중)'})",frozenset({'국가중점=N'}),0.09568001001011439,0.9609709810954818,0.09351115189305861,0.9773321708805579,1.0170256855898236,1.0,0.0015654388024134575,1.7217801801339299,0.018511881289969025,0.0970899012645072,0.41920576648628033,0.5373205993291679,다운로드=L2(중) AND 주기=수시 AND 표준=N,국가중점=N,BR,0.09294745929504468,1101,[]
"frozenset({'주기=수시', '조회수=L2(중)'})","frozenset({'국가중점=N', '표준=N'})",0.09137357538346037,0.9578428203497283,0.09056025358956446,0.9910989387196166,1.034719807533501,1.0,0.0030387304388322656,4.736196990709398,0.03692913910198709,0.09446583567186582,0.7888601335709607,0.5428224935270193,조회수=L2(중) AND 주기=수시,국가중점=N AND 표준=N,BR,0.09287041877298108,1104,[]
"frozenset({'주기=수시', '유형=FILE', '조회수=L2(중)'})","frozenset({'국가중점=N', '표준=N'})",0.09137357538346037,0.9578428203497283,0.09056025358956446,0.9910989387196166,1.034719807533501,1.0,0.0030387304388322656,4.736196990709398,0.03692913910198709,0.09446583567186582,0.7888601335709607,0.5428224935270193,유형=FILE AND 조회수=L2(중) AND 주기=수시,국가중점=N AND 표준=N,BR,0.09287041877298108,1104,[]
"frozenset({'주기=연간', '다운로드=L2(중)'})","frozenset({'표준=N', '유형=FILE'})",0.080831673670271,0.8711614860848983,0.080831673670271,1.0,1.1478928028534836,1.0,0.010414232712948168,inf,0.1401685743780558,0.09278609644870552,1.0,0.5463930482243528,다운로드=L2(중) AND 주기=연간,유형=FILE AND 표준=N,BR,0.0927860964487055,1107,[]
"frozenset({'주기=연간', '다운로드=L2(중)'})",frozenset({'유형=FILE'}),0.080831673670271,0.8711614860848983,0.080831673670271,1.0,1.1478928028534836,1.0,0.010414232712948168,inf,0.1401685743780558,0.09278609644870552,1.0,0.5463930482243528,다운로드=L2(중) AND 주기=연간,유형=FILE,BR,0.0927860964487055,1107,[]
"frozenset({'표준=N', '주기=연간', '다운로드=L2(중)'})",frozenset({'유형=FILE'}),0.080831673670271,0.8711614860848983,0.080831673670271,1.0,1.1478928028534836,1.0,0.010414232712948168,inf,0.1401685743780558,0.09278609644870552,1.0,0.5463930482243528,다운로드=L2(중) AND 주기=연간 AND 표준=N,유형=FILE,BR,0.0927860964487055,1107,[]
"frozenset({'조회수=L4(최대)', '다운로드=L4(최대)'})",frozenset({'유형=FILE'}),0.10489765700760142,0.8711614860848983,0.09615966132446326,0.916699801192843,1.052273104166484,1.0,0.004776862558897255,1.5466771479545633,0.05549797370698932,0.1092848255021627,0.35345265731605874,0.5135403921760114,다운로드=L4(최대) AND 조회수=L4(최대),유형=FILE,BI,0.09275739263199796,1109,[]
"frozenset({'조회수=L4(최대)', '다운로드=L4(최대)'})","frozenset({'표준=N', '유형=FILE'})",0.10489765700760142,0.8711614860848983,0.09615966132446326,0.916699801192843,1.052273104166484,1.0,0.004776862558897255,1.5466771479545633,0.05549797370698932,0.1092848255021627,0.35345265731605874,0.5135403921760114,다운로드=L4(최대) AND 조회수=L4(최대),유형=FILE AND 표준=N,BI,0.09275739263199796,1109,[]
"frozenset({'도메인=공공행정', '국가중점=N', '표준=N'})",frozenset({'형식=CSV'}),0.148201828931316,0.6992794803082281,0.11251994202475418,0.7592345036234435,1.0857382849111896,1.0,0.008885444108934604,1.249018336171583,0.09270708729212082,0.15309640349010428,0.199371241366127,0.460071451594016,국가중점=N AND 도메인=공공행정 AND 표준=N,형식=CSV,BI,0.09275356018719422,1111,['공공행정']
"frozenset({'도메인=공공행정', '국가중점=N', '표준=N'})","frozenset({'형식=CSV', '유형=FILE'})",0.148201828931316,0.6992794803082281,0.11251994202475418,0.7592345036234435,1.0857382849111896,1.0,0.008885444108934604,1.249018336171583,0.09270708729212082,0.15309640349010428,0.199371241366127,0.460071451594016,국가중점=N AND 도메인=공공행정 AND 표준=N,유형=FILE AND 형식=CSV,BI,0.09275356018719422,1111,['공공행정']
"frozenset({'국가중점=N', '표준=N', '주기=연간', '다운로드=L2(중)'})",frozenset({'유형=FILE'}),0.08074825605038424,0.8711614860848983,0.08074825605038424,1.0,1.1478928028534836,1.0,0.010403485310767624,inf,0.14015585476241788,0.09269034196320634,1.0,0.5463451709816032,국가중점=N AND 다운로드=L2(중) AND 주기=연간 AND 표준=N,유형=FILE,BR,0.09269034196320633,1114,[]
"frozenset({'국가중점=N', '주기=연간', '다운로드=L2(중)'})",frozenset({'유형=FILE'}),0.08074825605038424,0.8711614860848983,0.08074825605038424,1.0,1.1478928028534836,1.0,0.010403485310767624,inf,0.14015585476241788,0.09269034196320634,1.0,0.5463451709816032,국가중점=N AND 다운로드=L2(중) AND 주기=연간,유형=FILE,BR,0.09269034196320633,1114,[]
"frozenset({'국가중점=N', '주기=연간', '다운로드=L2(중)'})","frozenset({'표준=N', '유형=FILE'})",0.08074825605038424,0.8711614860848983,0.08074825605038424,1.0,1.1478928028534836,1.0,0.010403485310767624,inf,0.14015585476241788,0.09269034196320634,1.0,0.5463451709816032,국가중점=N AND 다운로드=L2(중) AND 주기=연간,유형=FILE AND 표준=N,BR,0.09269034196320633,1114,[]
"frozenset({'주기=수시', '유형=FILE', '조회수=L2(중)'})",frozenset({'국가중점=N'}),0.09137357538346037,0.9609709810954818,0.09056025358956446,0.9910989387196166,1.031351578993353,1.0,0.0027528992071185754,4.384760162311473,0.033455484058171,0.09415858973525013,0.7719373550701027,0.5426686099848084,유형=FILE AND 조회수=L2(중) AND 주기=수시,국가중점=N,BR,0.09256810621187113,1117,[]
"frozenset({'주기=수시', '조회수=L2(중)'})",frozenset({'국가중점=N'}),0.09137357538346037,0.9609709810954818,0.09056025358956446,0.9910989387196166,1.031351578993353,1.0,0.0027528992071185754,4.384760162311473,0.033455484058171,0.09415858973525013,0.7719373550701027,0.5426686099848084,조회수=L2(중) AND 주기=수시,국가중점=N,BR,0.09256810621187113,1117,[]
"frozenset({'표준=N', '주기=수시', '조회수=L2(중)'})",frozenset({'국가중점=N'}),0.09137357538346037,0.9609709810954818,0.09056025358956446,0.9910989387196166,1.031351578993353,1.0,0.0027528992071185754,4.384760162311473,0.033455484058171,0.09415858973525013,0.7719373550701027,0.5426686099848084,조회수=L2(중) AND 주기=수시 AND 표준=N,국가중점=N,BR,0.09256810621187113,1117,[]
"frozenset({'표준=N', '주기=수시', '유형=FILE', '조회수=L2(중)'})",frozenset({'국가중점=N'}),0.09137357538346037,0.9609709810954818,0.09056025358956446,0.9910989387196166,1.031351578993353,1.0,0.0027528992071185754,4.384760162311473,0.033455484058171,0.09415858973525013,0.7719373550701027,0.5426686099848084,유형=FILE AND 조회수=L2(중) AND 주기=수시 AND 표준=N,국가중점=N,BR,0.09256810621187113,1117,[]
"frozenset({'도메인=공공행정', '국가중점=N'})","frozenset({'형식=CSV', '유형=FILE'})",0.1484103729810329,0.6992794803082281,0.11251994202475418,0.7581676385863838,1.0842126216147498,1.0,0.008739613534227197,1.2435081803524088,0.0912078810034671,0.15305297496631448,0.19582354519244,0.4595380190754862,국가중점=N AND 도메인=공공행정,유형=FILE AND 형식=CSV,BI,0.09249307148565471,1121,['공공행정']
"frozenset({'도메인=공공행정', '국가중점=N'})",frozenset({'형식=CSV'}),0.1484103729810329,0.6992794803082281,0.11251994202475418,0.7581676385863838,1.0842126216147498,1.0,0.008739613534227197,1.2435081803524088,0.0912078810034671,0.15305297496631448,0.19582354519244,0.4595380190754862,국가중점=N AND 도메인=공공행정,형식=CSV,BI,0.09249307148565471,1121,['공공행정']
"frozenset({'도메인=공공행정', '국가중점=N'})","frozenset({'형식=CSV', '표준=N'})",0.1484103729810329,0.6992794803082281,0.11251994202475418,0.7581676385863838,1.0842126216147498,1.0,0.008739613534227197,1.2435081803524088,0.0912078810034671,0.15305297496631448,0.19582354519244,0.4595380190754862,국가중점=N AND 도메인=공공행정,표준=N AND 형식=CSV,BI,0.09249307148565471,1121,['공공행정']
"frozenset({'도메인=공공행정', '국가중점=N'})","frozenset({'형식=CSV', '표준=N', '유형=FILE'})",0.1484103729810329,0.6992794803082281,0.11251994202475418,0.7581676385863838,1.0842126216147498,1.0,0.008739613534227197,1.2435081803524088,0.0912078810034671,0.15305297496631448,0.19582354519244,0.4595380190754862,국가중점=N AND 도메인=공공행정,유형=FILE AND 표준=N AND 형식=CSV,BI,0.09249307148565471,1121,['공공행정']
frozenset({'도메인=산업고용'}),frozenset({'표준=N'}),0.0924684316444741,0.9968718392542465,0.09232245080967227,0.9984212900315742,1.0015543129179845,1.0,0.00014327528328980654,1.981466392381584,0.0017100240175324552,0.09259859648388885,0.49532325966020047,0.5455167232769296,도메인=산업고용,표준=N,BR,0.09231997187249483,1124,['산업고용']
"frozenset({'조회수=L4(최대)', '다운로드=L4(최대)', '형식=CSV'})",frozenset({'유형=FILE'}),0.08027903193852122,0.8711614860848983,0.08027903193852122,1.0,1.1478928028534836,1.0,0.010343031173502062,inf,0.1400843499161036,0.09215172298227346,1.0,0.5460758614911367,다운로드=L4(최대) AND 조회수=L4(최대) AND 형식=CSV,유형=FILE,BR,0.09215172298227345,1126,[]
"frozenset({'형식=CSV', '조회수=L4(최대)', '다운로드=L4(최대)'})","frozenset({'표준=N', '유형=FILE'})",0.08027903193852122,0.8711614860848983,0.08027903193852122,1.0,1.1478928028534836,1.0,0.010343031173502062,inf,0.1400843499161036,0.09215172298227346,1.0,0.5460758614911367,다운로드=L4(최대) AND 조회수=L4(최대) AND 형식=CSV,유형=FILE AND 표준=N,BR,0.09215172298227345,1126,[]
"frozenset({'표준=N', '형식=CSV', '조회수=L4(최대)', '다운로드=L4(최대)'})",frozenset({'유형=FILE'}),0.08027903193852122,0.8711614860848983,0.08027903193852122,1.0,1.1478928028534836,1.0,0.010343031173502062,inf,0.1400843499161036,0.09215172298227346,1.0,0.5460758614911367,다운로드=L4(최대) AND 조회수=L4(최대) AND 표준=N AND 형식=CSV,유형=FILE,BR,0.09215172298227345,1126,[]
"frozenset({'표준=N', '국가중점=N', '도메인=문화관광'})",frozenset({'유형=FILE'}),0.11411530400508847,0.8711614860848983,0.10142539857981502,0.888797514619883,1.0202442702262275,1.0,0.0020125407577121918,1.1585938342537982,0.02239859422972913,0.11475390495965267,0.13688475595586252,0.5026114998380993,국가중점=N AND 도메인=문화관광 AND 표준=N,유형=FILE,BI,0.09197159516129025,1128,['문화관광']
"frozenset({'다운로드=L0(최소)', '표준=N', '조회수=L0(최소)'})",frozenset({'유형=FILE'}),0.11681594944892235,0.8711614860848983,0.10295819734523425,0.8813710613228599,1.0117194979358473,1.0,0.001192641224892696,1.0860631086462633,0.01311588709594488,0.11633441726754323,0.07924319310830637,0.4997780175251115,다운로드=L0(최소) AND 조회수=L0(최소) AND 표준=N,유형=FILE,BI,0.09180785418936567,1129,[]
"frozenset({'표준=N', '주기=연간', '조회수=L2(중)'})","frozenset({'형식=CSV', '국가중점=N'})",0.07537824677017403,0.6867564101227281,0.07100924892860494,0.9420390095448886,1.371722193865711,1.0,0.01924275477537509,5.404386422966103,0.29308137444298016,0.10274437621641194,0.8149651187504895,0.5227185117871114,조회수=L2(중) AND 주기=연간 AND 표준=N,국가중점=N AND 형식=CSV,BI,0.09175927461031222,1134,[]
"frozenset({'주기=연간', '조회수=L2(중)'})","frozenset({'형식=CSV', '국가중점=N'})",0.07537824677017403,0.6867564101227281,0.07100924892860494,0.9420390095448886,1.371722193865711,1.0,0.01924275477537509,5.404386422966103,0.29308137444298016,0.10274437621641194,0.8149651187504895,0.5227185117871114,조회수=L2(중) AND 주기=연간,국가중점=N AND 형식=CSV,BI,0.09175927461031222,1134,[]
"frozenset({'주기=연간', '유형=FILE', '조회수=L2(중)'})","frozenset({'형식=CSV', '국가중점=N', '표준=N'})",0.07537824677017403,0.6867564101227281,0.07100924892860494,0.9420390095448886,1.371722193865711,1.0,0.01924275477537509,5.404386422966103,0.29308137444298016,0.10274437621641194,0.8149651187504895,0.5227185117871114,유형=FILE AND 조회수=L2(중) AND 주기=연간,국가중점=N AND 표준=N AND 형식=CSV,BI,0.09175927461031222,1134,[]
"frozenset({'주기=연간', '유형=FILE', '조회수=L2(중)'})","frozenset({'형식=CSV', '국가중점=N'})",0.07537824677017403,0.6867564101227281,0.07100924892860494,0.9420390095448886,1.371722193865711,1.0,0.01924275477537509,5.404386422966103,0.29308137444298016,0.10274437621641194,0.8149651187504895,0.5227185117871114,유형=FILE AND 조회수=L2(중) AND 주기=연간,국가중점=N AND 형식=CSV,BI,0.09175927461031222,1134,[]
"frozenset({'주기=연간', '조회수=L2(중)'})","frozenset({'형식=CSV', '국가중점=N', '유형=FILE'})",0.07537824677017403,0.6867564101227281,0.07100924892860494,0.9420390095448886,1.371722193865711,1.0,0.01924275477537509,5.404386422966103,0.29308137444298016,0.10274437621641194,0.8149651187504895,0.5227185117871114,조회수=L2(중) AND 주기=연간,국가중점=N AND 유형=FILE AND 형식=CSV,BI,0.09175927461031222,1134,[]
"frozenset({'주기=연간', '조회수=L2(중)'})","frozenset({'형식=CSV', '국가중점=N', '표준=N'})",0.07537824677017403,0.6867564101227281,0.07100924892860494,0.9420390095448886,1.371722193865711,1.0,0.01924275477537509,5.404386422966103,0.29308137444298016,0.10274437621641194,0.8149651187504895,0.5227185117871114,조회수=L2(중) AND 주기=연간,국가중점=N AND 표준=N AND 형식=CSV,BI,0.09175927461031222,1134,[]
"frozenset({'표준=N', '주기=연간', '유형=FILE', '조회수=L2(중)'})","frozenset({'형식=CSV', '국가중점=N'})",0.07537824677017403,0.6867564101227281,0.07100924892860494,0.9420390095448886,1.371722193865711,1.0,0.01924275477537509,5.404386422966103,0.29308137444298016,0.10274437621641194,0.8149651187504895,0.5227185117871114,유형=FILE AND 조회수=L2(중) AND 주기=연간 AND 표준=N,국가중점=N AND 형식=CSV,BI,0.09175927461031222,1134,[]
"frozenset({'표준=N', '주기=연간', '조회수=L2(중)'})","frozenset({'형식=CSV', '국가중점=N', '유형=FILE'})",0.07537824677017403,0.6867564101227281,0.07100924892860494,0.9420390095448886,1.371722193865711,1.0,0.01924275477537509,5.404386422966103,0.29308137444298016,0.10274437621641194,0.8149651187504895,0.5227185117871114,조회수=L2(중) AND 주기=연간 AND 표준=N,국가중점=N AND 유형=FILE AND 형식=CSV,BI,0.09175927461031222,1134,[]
"frozenset({'주기=연간', '조회수=L2(중)'})","frozenset({'형식=CSV', '국가중점=N', '표준=N', '유형=FILE'})",0.07537824677017403,0.6867564101227281,0.07100924892860494,0.9420390095448886,1.371722193865711,1.0,0.01924275477537509,5.404386422966103,0.29308137444298016,0.10274437621641194,0.8149651187504895,0.5227185117871114,조회수=L2(중) AND 주기=연간,국가중점=N AND 유형=FILE AND 표준=N AND 형식=CSV,BI,0.09175927461031222,1134,[]
"frozenset({'형식=CSV', '다운로드=L4(최대)', '주기=연간', '유형=FILE'})",frozenset({'표준=N'}),0.09140485699091791,0.9968718392542465,0.09140485699091791,1.0,1.0031379768417308,1.0,0.0002859290856102037,inf,0.003442854355784568,0.09169168331537714,1.0,0.5458458416576886,다운로드=L4(최대) AND 유형=FILE AND 주기=연간 AND 형식=CSV,표준=N,BR,0.09169168331537712,1139,[]
"frozenset({'형식=CSV', '다운로드=L4(최대)', '주기=연간'})",frozenset({'표준=N'}),0.09140485699091791,0.9968718392542465,0.09140485699091791,1.0,1.0031379768417308,1.0,0.0002859290856102037,inf,0.003442854355784568,0.09169168331537714,1.0,0.5458458416576886,다운로드=L4(최대) AND 주기=연간 AND 형식=CSV,표준=N,BR,0.09169168331537712,1139,[]
"frozenset({'주기=수시', '유형=FILE', '조회수=L2(중)'})",frozenset({'표준=N'}),0.09137357538346037,0.9968718392542465,0.09137357538346037,1.0,1.0031379768417308,1.0,0.0002858312317136902,inf,0.003442735827404167,0.09166030354695981,1.0,0.5458301517734799,유형=FILE AND 조회수=L2(중) AND 주기=수시,표준=N,BR,0.09166030354695981,1141,[]
"frozenset({'주기=수시', '조회수=L2(중)'})",frozenset({'표준=N'}),0.09137357538346037,0.9968718392542465,0.09137357538346037,1.0,1.0031379768417308,1.0,0.0002858312317136902,inf,0.003442735827404167,0.09166030354695981,1.0,0.5458301517734799,조회수=L2(중) AND 주기=수시,표준=N,BR,0.09166030354695981,1141,[]
"frozenset({'다운로드=L0(최소)', '조회수=L0(최소)'})","frozenset({'표준=N', '유형=FILE'})",0.11699321189118171,0.8711614860848983,0.10295819734523425,0.8800356506238859,1.0101865896056414,1.0,0.001038217012266987,1.0739733477915607,0.011419922816632564,0.11631112105827335,0.06887819697171636,0.49911031217562446,다운로드=L0(최소) AND 조회수=L0(최소),유형=FILE AND 표준=N,BI,0.09152985933244241,1143,[]
"frozenset({'다운로드=L0(최소)', '조회수=L0(최소)'})",frozenset({'유형=FILE'}),0.11699321189118171,0.8711614860848983,0.10295819734523425,0.8800356506238859,1.0101865896056414,1.0,0.001038217012266987,1.0739733477915607,0.011419922816632564,0.11631112105827335,0.06887819697171636,0.49911031217562446,다운로드=L0(최소) AND 조회수=L0(최소),유형=FILE,BI,0.09152985933244241,1143,[]
"frozenset({'표준=N', '도메인=문화관광'})",frozenset({'유형=FILE'}),0.11573152039039446,0.8711614860848983,0.1022074387662534,0.8831426254617534,1.0137530636606764,1.0,0.0013865954760926558,1.1025278843050998,0.015342040646872121,0.11552967799726557,0.09299346144857012,0.5002329044098119,도메인=문화관광 AND 표준=N,유형=FILE,BI,0.09150514885617804,1145,['문화관광']
"frozenset({'국가중점=N', '도메인=문화관광'})","frozenset({'표준=N', '유형=FILE'})",0.11453239210452228,0.8711614860848983,0.10142539857981502,0.8855608157319738,1.0165288868677926,1.0,0.0016491896691811225,1.125825168531008,0.018363320074702545,0.11469977831234375,0.11176261825376162,0.5009931503941447,국가중점=N AND 도메인=문화관광,유형=FILE AND 표준=N,BI,0.09130295619192239,1146,['문화관광']
"frozenset({'국가중점=N', '도메인=문화관광'})",frozenset({'유형=FILE'}),0.11453239210452228,0.8711614860848983,0.10142539857981502,0.8855608157319738,1.0165288868677926,1.0,0.0016491896691811225,1.125825168531008,0.018363320074702545,0.11469977831234375,0.11176261825376162,0.5009931503941447,국가중점=N AND 도메인=문화관광,유형=FILE,BI,0.09130295619192239,1146,['문화관광']
"frozenset({'표준=N', '조회수=L4(최대)', '국가중점=N', '다운로드=L4(최대)'})",frozenset({'유형=FILE'}),0.09454344493915727,0.8711614860848983,0.0892047172664046,0.943531487812948,1.0830730041261225,1.0,0.006842109273622596,2.2815992298207557,0.0847099777544746,0.10177375414887162,0.5617109319945901,0.5229644703718169,국가중점=N AND 다운로드=L4(최대) AND 조회수=L4(최대) AND 표준=N,유형=FILE,BI,0.09115950332113157,1148,[]
"frozenset({'표준=N', '도메인=문화관광'})","frozenset({'국가중점=N', '유형=FILE'})",0.11573152039039446,0.8547803509796357,0.10142539857981502,0.8763852599333273,1.0252753925952216,1.0,0.0025003689611067803,1.174776154866635,0.027878745766209644,0.11670346019100637,0.14877400613096042,0.49752096996861545,도메인=문화관광 AND 표준=N,국가중점=N AND 유형=FILE,BI,0.09113439642674565,1149,['문화관광']
"frozenset({'형식=CSV', '다운로드=L3(상)', '조회수=L3(상)'})",frozenset({'유형=FILE'}),0.07939271972722438,0.8711614860848983,0.07939271972722438,1.0,1.1478928028534836,1.0,0.010228840025333766,inf,0.13994948408068952,0.09113433157384465,1.0,0.5455671657869223,다운로드=L3(상) AND 조회수=L3(상) AND 형식=CSV,유형=FILE,BR,0.09113433157384465,1151,[]
"frozenset({'형식=CSV', '다운로드=L3(상)', '표준=N', '조회수=L3(상)'})",frozenset({'유형=FILE'}),0.07939271972722438,0.8711614860848983,0.07939271972722438,1.0,1.1478928028534836,1.0,0.010228840025333766,inf,0.13994948408068952,0.09113433157384465,1.0,0.5455671657869223,다운로드=L3(상) AND 조회수=L3(상) AND 표준=N AND 형식=CSV,유형=FILE,BR,0.09113433157384465,1151,[]
"frozenset({'형식=CSV', '다운로드=L3(상)', '조회수=L3(상)'})","frozenset({'표준=N', '유형=FILE'})",0.07939271972722438,0.8711614860848983,0.07939271972722438,1.0,1.1478928028534836,1.0,0.010228840025333766,inf,0.13994948408068952,0.09113433157384465,1.0,0.5455671657869223,다운로드=L3(상) AND 조회수=L3(상) AND 형식=CSV,유형=FILE AND 표준=N,BR,0.09113433157384465,1151,[]
"frozenset({'형식=CSV', '다운로드=L3(상)', '조회수=L3(상)'})","frozenset({'국가중점=N', '유형=FILE'})",0.07939271972722438,0.8547803509796357,0.07887135960293212,0.9934331494615183,1.1622086870890016,1.0,0.01100802276926742,22.114048152821173,0.15160571983148527,0.09221466364323506,0.9547798759824792,0.5428520290100604,다운로드=L3(상) AND 조회수=L3(상) AND 형식=CSV,국가중점=N AND 유형=FILE,BR,0.0910630290744178,1154,[]
"frozenset({'형식=CSV', '다운로드=L3(상)', '조회수=L3(상)'})","frozenset({'국가중점=N', '표준=N', '유형=FILE'})",0.07939271972722438,0.8547803509796357,0.07887135960293212,0.9934331494615183,1.1622086870890016,1.0,0.01100802276926742,22.114048152821173,0.15160571983148527,0.09221466364323506,0.9547798759824792,0.5428520290100604,다운로드=L3(상) AND 조회수=L3(상) AND 형식=CSV,국가중점=N AND 유형=FILE AND 표준=N,BR,0.0910630290744178,1154,[]
"frozenset({'형식=CSV', '다운로드=L3(상)', '표준=N', '조회수=L3(상)'})","frozenset({'국가중점=N', '유형=FILE'})",0.07939271972722438,0.8547803509796357,0.07887135960293212,0.9934331494615183,1.1622086870890016,1.0,0.01100802276926742,22.114048152821173,0.15160571983148527,0.09221466364323506,0.9547798759824792,0.5428520290100604,다운로드=L3(상) AND 조회수=L3(상) AND 표준=N AND 형식=CSV,국가중점=N AND 유형=FILE,BR,0.0910630290744178,1154,[]
"frozenset({'형식=CSV', '조회수=L3(상)', '주기=연간'})",frozenset({'표준=N'}),0.090591535197022,0.9968718392542465,0.090591535197022,1.0,1.0031379768417308,1.0,0.0002833848843008663,inf,0.0034397752680157445,0.0908758093365271,1.0,0.5454379046682636,조회수=L3(상) AND 주기=연간 AND 형식=CSV,표준=N,BR,0.09087580933652709,1156,[]
"frozenset({'형식=CSV', '조회수=L3(상)', '주기=연간', '유형=FILE'})",frozenset({'표준=N'}),0.090591535197022,0.9968718392542465,0.090591535197022,1.0,1.0031379768417308,1.0,0.0002833848843008663,inf,0.0034397752680157445,0.0908758093365271,1.0,0.5454379046682636,유형=FILE AND 조회수=L3(상) AND 주기=연간 AND 형식=CSV,표준=N,BR,0.09087580933652709,1156,[]
frozenset({'도메인=문화관광'}),"frozenset({'표준=N', '유형=FILE'})",0.11614860848982826,0.8711614860848983,0.1022074387662534,0.8799712721070114,1.0101126899694628,1.0,0.0010232443875615865,1.0733973122665057,0.011327070820807117,0.11547523679374205,0.06837851318215568,0.4986472277324409,도메인=문화관광,유형=FILE AND 표준=N,BI,0.09084914130093313,1158,['문화관광']
frozenset({'도메인=문화관광'}),frozenset({'유형=FILE'}),0.11614860848982826,0.8711614860848983,0.1022074387662534,0.8799712721070114,1.0101126899694628,1.0,0.0010232443875615865,1.0733973122665057,0.011327070820807117,0.11547523679374205,0.06837851318215568,0.4986472277324409,도메인=문화관광,유형=FILE,BI,0.09084914130093313,1158,['문화관광']
"frozenset({'국가중점=N', '주기=수시', '조회수=L2(중)'})",frozenset({'표준=N'}),0.09056025358956446,0.9968718392542465,0.09056025358956446,1.0,1.0031379768417308,1.0,0.00028328703040435277,inf,0.003439656951546611,0.09084442956810979,1.0,0.5454222147840548,국가중점=N AND 조회수=L2(중) AND 주기=수시,표준=N,BR,0.09084442956810979,1160,[]
"frozenset({'국가중점=N', '주기=수시', '유형=FILE', '조회수=L2(중)'})",frozenset({'표준=N'}),0.09056025358956446,0.9968718392542465,0.09056025358956446,1.0,1.0031379768417308,1.0,0.00028328703040435277,inf,0.003439656951546611,0.09084442956810979,1.0,0.5454222147840548,국가중점=N AND 유형=FILE AND 조회수=L2(중) AND 주기=수시,표준=N,BR,0.09084442956810979,1160,[]
"frozenset({'형식=CSV', '다운로드=L0(최소)', '조회수=L0(최소)'})",frozenset({'표준=N'}),0.09052897198210692,0.9968718392542465,0.09052897198210692,1.0,1.0031379768417308,1.0,0.00028318917650783926,inf,0.0034395386432165597,0.09081304979969249,1.0,0.5454065248998462,다운로드=L0(최소) AND 조회수=L0(최소) AND 형식=CSV,표준=N,BR,0.09081304979969247,1162,[]
"frozenset({'형식=CSV', '다운로드=L0(최소)', '유형=FILE', '조회수=L0(최소)'})",frozenset({'표준=N'}),0.09052897198210692,0.9968718392542465,0.09052897198210692,1.0,1.0031379768417308,1.0,0.00028318917650783926,inf,0.0034395386432165597,0.09081304979969249,1.0,0.5454065248998462,다운로드=L0(최소) AND 유형=FILE AND 조회수=L0(최소) AND 형식=CSV,표준=N,BR,0.09081304979969247,1162,[]
"frozenset({'다운로드=L0(최소)', '국가중점=N', '형식=CSV', '조회수=L0(최소)', '유형=FILE'})",frozenset({'표준=N'}),0.09051854477962108,0.9968718392542465,0.09051854477962108,1.0,1.0031379768417308,1.0,0.000283156558542344,inf,0.0034394992089151937,0.0908025898768867,1.0,0.5454012949384434,국가중점=N AND 다운로드=L0(최소) AND 유형=FILE AND 조회수=L0(최소) AND 형식=CSV,표준=N,BR,0.0908025898768867,1164,[]
"frozenset({'형식=CSV', '다운로드=L0(최소)', '국가중점=N', '조회수=L0(최소)'})",frozenset({'표준=N'}),0.09051854477962108,0.9968718392542465,0.09051854477962108,1.0,1.0031379768417308,1.0,0.000283156558542344,inf,0.0034394992089151937,0.0908025898768867,1.0,0.5454012949384434,국가중점=N AND 다운로드=L0(최소) AND 조회수=L0(최소) AND 형식=CSV,표준=N,BR,0.0908025898768867,1164,[]
"frozenset({'다운로드=L3(상)', '국가중점=N', '형식=CSV', '조회수=L3(상)', '표준=N'})",frozenset({'유형=FILE'}),0.07887135960293212,0.8711614860848983,0.07887135960293212,1.0,1.1478928028534836,1.0,0.010161668761705364,inf,0.13987027247308667,0.09053586603947478,1.0,0.5452679330197374,국가중점=N AND 다운로드=L3(상) AND 조회수=L3(상) AND 표준=N AND 형식=CSV,유형=FILE,BR,0.09053586603947478,1167,[]
"frozenset({'형식=CSV', '다운로드=L3(상)', '국가중점=N', '조회수=L3(상)'})",frozenset({'유형=FILE'}),0.07887135960293212,0.8711614860848983,0.07887135960293212,1.0,1.1478928028534836,1.0,0.010161668761705364,inf,0.13987027247308667,0.09053586603947478,1.0,0.5452679330197374,국가중점=N AND 다운로드=L3(상) AND 조회수=L3(상) AND 형식=CSV,유형=FILE,BR,0.09053586603947478,1167,[]
"frozenset({'형식=CSV', '다운로드=L3(상)', '국가중점=N', '조회수=L3(상)'})","frozenset({'표준=N', '유형=FILE'})",0.07887135960293212,0.8711614860848983,0.07887135960293212,1.0,1.1478928028534836,1.0,0.010161668761705364,inf,0.13987027247308667,0.09053586603947478,1.0,0.5452679330197374,국가중점=N AND 다운로드=L3(상) AND 조회수=L3(상) AND 형식=CSV,유형=FILE AND 표준=N,BR,0.09053586603947478,1167,[]
"frozenset({'국가중점=N', '형식=CSV', '조회수=L3(상)', '주기=연간', '유형=FILE'})",frozenset({'표준=N'}),0.09023701031250325,0.9968718392542465,0.09023701031250325,1.0,1.0031379768417308,1.0,0.0002822758734737224,inf,0.003438434824467829,0.09052017196113091,1.0,0.5452600859805654,국가중점=N AND 유형=FILE AND 조회수=L3(상) AND 주기=연간 AND 형식=CSV,표준=N,BR,0.09052017196113091,1169,[]
"frozenset({'형식=CSV', '조회수=L3(상)', '국가중점=N', '주기=연간'})",frozenset({'표준=N'}),0.09023701031250325,0.9968718392542465,0.09023701031250325,1.0,1.0031379768417308,1.0,0.0002822758734737224,inf,0.003438434824467829,0.09052017196113091,1.0,0.5452600859805654,국가중점=N AND 조회수=L3(상) AND 주기=연간 AND 형식=CSV,표준=N,BR,0.09052017196113091,1169,[]
frozenset({'도메인=문화관광'}),"frozenset({'국가중점=N', '표준=N', '유형=FILE'})",0.11614860848982826,0.8547803509796357,0.10142539857981502,0.8732381721878085,1.0215936423749317,1.0,0.002143850249083326,1.145610248185437,0.023914894698993047,0.11664747925360963,0.12710278073722991,0.49594742609585607,도메인=문화관광,국가중점=N AND 유형=FILE AND 표준=N,BI,0.09048104682460908,1171,['문화관광']
frozenset({'도메인=문화관광'}),"frozenset({'국가중점=N', '유형=FILE'})",0.11614860848982826,0.8547803509796357,0.10142539857981502,0.8732381721878085,1.0215936423749317,1.0,0.002143850249083326,1.145610248185437,0.023914894698993047,0.11664747925360963,0.12710278073722991,0.49594742609585607,도메인=문화관광,국가중점=N AND 유형=FILE,BI,0.09048104682460908,1171,['문화관광']
"frozenset({'국가중점=N', '도메인=산업고용'})",frozenset({'표준=N'}),0.0905498263870786,0.9968718392542465,0.09040384555227678,0.998387839705205,1.0015207576252656,1.0,0.00013727357763702874,1.940353422580215,0.0016696334524848536,0.09067425248648252,0.48462997082756476,0.5445376852156141,국가중점=N AND 도메인=산업고용,표준=N,BR,0.09039536075589186,1173,['산업고용']
frozenset({'도메인=산업고용'}),frozenset({'국가중점=N'}),0.0924684316444741,0.9609709810954818,0.0905498263870786,0.9792512404149751,1.0190226965008395,1.0,0.0016903469093278306,1.8810290198112283,0.020569630059032985,0.0940396777267608,0.46837609124161433,0.5367393354852653,도메인=산업고용,국가중점=N,BR,0.09035779189737911,1174,['산업고용']
"frozenset({'형식=CSV', '주기=수시', '유형=FILE', '조회수=L0(최소)'})","frozenset({'국가중점=N', '표준=N'})",0.08646236301262734,0.9578428203497283,0.08646236301262734,1.0,1.04401262791204,1.0,0.0036450093705103354,inf,0.04614717330015641,0.09026779882429783,1.0,0.545133899412149,유형=FILE AND 조회수=L0(최소) AND 주기=수시 AND 형식=CSV,국가중점=N AND 표준=N,BR,0.09026779882429785,1175,[]
"frozenset({'형식=CSV', '주기=수시', '조회수=L0(최소)'})","frozenset({'국가중점=N', '표준=N'})",0.08646236301262734,0.9578428203497283,0.08646236301262734,1.0,1.04401262791204,1.0,0.0036450093705103354,inf,0.04614717330015641,0.09026779882429783,1.0,0.545133899412149,조회수=L0(최소) AND 주기=수시 AND 형식=CSV,국가중점=N AND 표준=N,BR,0.09026779882429785,1175,[]
"frozenset({'주기=연간', '조회수=L2(중)'})","frozenset({'형식=CSV', '표준=N', '유형=FILE'})",0.07537824677017403,0.6992794803082281,0.07104053053606248,0.9424540047032784,1.347750121722239,1.0,0.01833006930806981,5.22574191550918,0.2790575675082888,0.10096474458720492,0.8086396121032772,0.5220225229814948,조회수=L2(중) AND 주기=연간,유형=FILE AND 표준=N AND 형식=CSV,BI,0.09023514905141787,1181,[]
"frozenset({'주기=연간', '유형=FILE', '조회수=L2(중)'})",frozenset({'형식=CSV'}),0.07537824677017403,0.6992794803082281,0.07104053053606248,0.9424540047032784,1.347750121722239,1.0,0.01833006930806981,5.22574191550918,0.2790575675082888,0.10096474458720492,0.8086396121032772,0.5220225229814948,유형=FILE AND 조회수=L2(중) AND 주기=연간,형식=CSV,BI,0.09023514905141787,1181,[]
"frozenset({'표준=N', '주기=연간', '조회수=L2(중)'})","frozenset({'형식=CSV', '유형=FILE'})",0.07537824677017403,0.6992794803082281,0.07104053053606248,0.9424540047032784,1.347750121722239,1.0,0.01833006930806981,5.22574191550918,0.2790575675082888,0.10096474458720492,0.8086396121032772,0.5220225229814948,조회수=L2(중) AND 주기=연간 AND 표준=N,유형=FILE AND 형식=CSV,BI,0.09023514905141787,1181,[]
"frozenset({'표준=N', '주기=연간', '유형=FILE', '조회수=L2(중)'})",frozenset({'형식=CSV'}),0.07537824677017403,0.6992794803082281,0.07104053053606248,0.9424540047032784,1.347750121722239,1.0,0.01833006930806981,5.22574191550918,0.2790575675082888,0.10096474458720492,0.8086396121032772,0.5220225229814948,유형=FILE AND 조회수=L2(중) AND 주기=연간 AND 표준=N,형식=CSV,BI,0.09023514905141787,1181,[]
"frozenset({'주기=연간', '조회수=L2(중)'})",frozenset({'형식=CSV'}),0.07537824677017403,0.6992794803082281,0.07104053053606248,0.9424540047032784,1.347750121722239,1.0,0.01833006930806981,5.22574191550918,0.2790575675082888,0.10096474458720492,0.8086396121032772,0.5220225229814948,조회수=L2(중) AND 주기=연간,형식=CSV,BI,0.09023514905141787,1181,[]
"frozenset({'주기=연간', '조회수=L2(중)'})","frozenset({'형식=CSV', '표준=N'})",0.07537824677017403,0.6992794803082281,0.07104053053606248,0.9424540047032784,1.347750121722239,1.0,0.01833006930806981,5.22574191550918,0.2790575675082888,0.10096474458720492,0.8086396121032772,0.5220225229814948,조회수=L2(중) AND 주기=연간,표준=N AND 형식=CSV,BI,0.09023514905141787,1181,[]
"frozenset({'표준=N', '주기=연간', '조회수=L2(중)'})",frozenset({'형식=CSV'}),0.07537824677017403,0.6992794803082281,0.07104053053606248,0.9424540047032784,1.347750121722239,1.0,0.01833006930806981,5.22574191550918,0.2790575675082888,0.10096474458720492,0.8086396121032772,0.5220225229814948,조회수=L2(중) AND 주기=연간 AND 표준=N,형식=CSV,BI,0.09023514905141787,1181,[]
"frozenset({'주기=연간', '조회수=L2(중)'})","frozenset({'형식=CSV', '유형=FILE'})",0.07537824677017403,0.6992794803082281,0.07104053053606248,0.9424540047032784,1.347750121722239,1.0,0.01833006930806981,5.22574191550918,0.2790575675082888,0.10096474458720492,0.8086396121032772,0.5220225229814948,조회수=L2(중) AND 주기=연간,유형=FILE AND 형식=CSV,BI,0.09023514905141787,1181,[]
"frozenset({'주기=연간', '유형=FILE', '조회수=L2(중)'})","frozenset({'형식=CSV', '표준=N'})",0.07537824677017403,0.6992794803082281,0.07104053053606248,0.9424540047032784,1.347750121722239,1.0,0.01833006930806981,5.22574191550918,0.2790575675082888,0.10096474458720492,0.8086396121032772,0.5220225229814948,유형=FILE AND 조회수=L2(중) AND 주기=연간,표준=N AND 형식=CSV,BI,0.09023514905141787,1181,[]
"frozenset({'국가중점=N', '주기=연간', '조회수=L2(중)'})","frozenset({'형식=CSV', '표준=N', '유형=FILE'})",0.07533653796023065,0.6992794803082281,0.07100924892860494,0.9425605536332179,1.3479024913154274,1.0,0.01832795381555375,5.235435553669996,0.27913568829713686,0.10092178191410534,0.8089939242401698,0.522053430418446,국가중점=N AND 조회수=L2(중) AND 주기=연간,유형=FILE AND 표준=N AND 형식=CSV,BI,0.0902158105867183,1190,[]
"frozenset({'국가중점=N', '주기=연간', '조회수=L2(중)'})",frozenset({'형식=CSV'}),0.07533653796023065,0.6992794803082281,0.07100924892860494,0.9425605536332179,1.3479024913154274,1.0,0.01832795381555375,5.235435553669996,0.27913568829713686,0.10092178191410534,0.8089939242401698,0.522053430418446,국가중점=N AND 조회수=L2(중) AND 주기=연간,형식=CSV,BI,0.0902158105867183,1190,[]
"frozenset({'국가중점=N', '표준=N', '주기=연간', '조회수=L2(중)'})","frozenset({'형식=CSV', '유형=FILE'})",0.07533653796023065,0.6992794803082281,0.07100924892860494,0.9425605536332179,1.3479024913154274,1.0,0.01832795381555375,5.235435553669996,0.27913568829713686,0.10092178191410534,0.8089939242401698,0.522053430418446,국가중점=N AND 조회수=L2(중) AND 주기=연간 AND 표준=N,유형=FILE AND 형식=CSV,BI,0.0902158105867183,1190,[]
"frozenset({'국가중점=N', '주기=연간', '조회수=L2(중)', '표준=N', '유형=FILE'})",frozenset({'형식=CSV'}),0.07533653796023065,0.6992794803082281,0.07100924892860494,0.9425605536332179,1.3479024913154274,1.0,0.01832795381555375,5.235435553669996,0.27913568829713686,0.10092178191410534,0.8089939242401698,0.522053430418446,국가중점=N AND 유형=FILE AND 조회수=L2(중) AND 주기=연간 AND 표준=N,형식=CSV,BI,0.0902158105867183,1190,[]
"frozenset({'국가중점=N', '주기=연간', '조회수=L2(중)'})","frozenset({'형식=CSV', '표준=N'})",0.07533653796023065,0.6992794803082281,0.07100924892860494,0.9425605536332179,1.3479024913154274,1.0,0.01832795381555375,5.235435553669996,0.27913568829713686,0.10092178191410534,0.8089939242401698,0.522053430418446,국가중점=N AND 조회수=L2(중) AND 주기=연간,표준=N AND 형식=CSV,BI,0.0902158105867183,1190,[]
"frozenset({'국가중점=N', '표준=N', '주기=연간', '조회수=L2(중)'})",frozenset({'형식=CSV'}),0.07533653796023065,0.6992794803082281,0.07100924892860494,0.9425605536332179,1.3479024913154274,1.0,0.01832795381555375,5.235435553669996,0.27913568829713686,0.10092178191410534,0.8089939242401698,0.522053430418446,국가중점=N AND 조회수=L2(중) AND 주기=연간 AND 표준=N,형식=CSV,BI,0.0902158105867183,1190,[]
"frozenset({'국가중점=N', '주기=연간', '유형=FILE', '조회수=L2(중)'})","frozenset({'형식=CSV', '표준=N'})",0.07533653796023065,0.6992794803082281,0.07100924892860494,0.9425605536332179,1.3479024913154274,1.0,0.01832795381555375,5.235435553669996,0.27913568829713686,0.10092178191410534,0.8089939242401698,0.522053430418446,국가중점=N AND 유형=FILE AND 조회수=L2(중) AND 주기=연간,표준=N AND 형식=CSV,BI,0.0902158105867183,1190,[]
"frozenset({'국가중점=N', '주기=연간', '조회수=L2(중)'})","frozenset({'형식=CSV', '유형=FILE'})",0.07533653796023065,0.6992794803082281,0.07100924892860494,0.9425605536332179,1.3479024913154274,1.0,0.01832795381555375,5.235435553669996,0.27913568829713686,0.10092178191410534,0.8089939242401698,0.522053430418446,국가중점=N AND 조회수=L2(중) AND 주기=연간,유형=FILE AND 형식=CSV,BI,0.0902158105867183,1190,[]
"frozenset({'국가중점=N', '주기=연간', '유형=FILE', '조회수=L2(중)'})",frozenset({'형식=CSV'}),0.07533653796023065,0.6992794803082281,0.07100924892860494,0.9425605536332179,1.3479024913154274,1.0,0.01832795381555375,5.235435553669996,0.27913568829713686,0.10092178191410534,0.8089939242401698,0.522053430418446,국가중점=N AND 유형=FILE AND 조회수=L2(중) AND 주기=연간,형식=CSV,BI,0.0902158105867183,1190,[]
frozenset({'도메인=산업고용'}),"frozenset({'국가중점=N', '표준=N'})",0.0924684316444741,0.9578428203497283,0.09040384555227678,0.9776725304465493,1.020702467748916,1.0,0.0018336221926176371,1.8881306522151928,0.022349160332626853,0.09417975624063091,0.47037563379060665,0.536027643407468,도메인=산업고용,국가중점=N AND 표준=N,BR,0.09021515143443513,1195,['산업고용']
"frozenset({'도메인=산업고용', '표준=N'})",frozenset({'국가중점=N'}),0.09232245080967227,0.9609709810954818,0.09040384555227678,0.9792184323469618,1.0189885559610534,1.0,0.0016846494205666473,1.878059420546759,0.020530098765913992,0.0938880706921944,0.46753548420269353,0.5366469765901476,도메인=산업고용 AND 표준=N,국가중점=N,BR,0.09020607596148567,1196,['산업고용']
"frozenset({'형식=CSV', '주기=수시', '유형=FILE', '조회수=L0(최소)'})",frozenset({'국가중점=N'}),0.08646236301262734,0.9609709810954818,0.08646236301262734,1.0,1.0406141493055556,1.0,0.0033745412005491415,inf,0.04272294574882152,0.08997395833333334,1.0,0.5449869791666667,유형=FILE AND 조회수=L0(최소) AND 주기=수시 AND 형식=CSV,국가중점=N,BR,0.08997395833333334,1198,[]
"frozenset({'형식=CSV', '표준=N', '주기=수시', '조회수=L0(최소)'})",frozenset({'국가중점=N'}),0.08646236301262734,0.9609709810954818,0.08646236301262734,1.0,1.0406141493055556,1.0,0.0033745412005491415,inf,0.04272294574882152,0.08997395833333334,1.0,0.5449869791666667,조회수=L0(최소) AND 주기=수시 AND 표준=N AND 형식=CSV,국가중점=N,BR,0.08997395833333334,1198,[]
"frozenset({'형식=CSV', '주기=수시', '조회수=L0(최소)'})",frozenset({'국가중점=N'}),0.08646236301262734,0.9609709810954818,0.08646236301262734,1.0,1.0406141493055556,1.0,0.0033745412005491415,inf,0.04272294574882152,0.08997395833333334,1.0,0.5449869791666667,조회수=L0(최소) AND 주기=수시 AND 형식=CSV,국가중점=N,BR,0.08997395833333334,1198,[]
"frozenset({'형식=CSV', '주기=수시', '조회수=L0(최소)', '표준=N', '유형=FILE'})",frozenset({'국가중점=N'}),0.08646236301262734,0.9609709810954818,0.08646236301262734,1.0,1.0406141493055556,1.0,0.0033745412005491415,inf,0.04272294574882152,0.08997395833333334,1.0,0.5449869791666667,유형=FILE AND 조회수=L0(최소) AND 주기=수시 AND 표준=N AND 형식=CSV,국가중점=N,BR,0.08997395833333334,1198,[]
"frozenset({'조회수=L4(최대)', '국가중점=N', '다운로드=L4(최대)', '유형=FILE'})",frozenset({'표준=N'}),0.0892047172664046,0.9968718392542465,0.0892047172664046,1.0,1.0031379768417308,1.0,0.0002790466948888043,inf,0.0034345377112240203,0.08948463960335971,1.0,0.5447423198016799,국가중점=N AND 다운로드=L4(최대) AND 유형=FILE AND 조회수=L4(최대),표준=N,BR,0.08948463960335971,1201,[]
"frozenset({'표준=N', '다운로드=L4(최대)', '주기=수시'})",frozenset({'유형=FILE'}),0.07783906655683347,0.8711614860848983,0.07783906655683347,1.0,1.1478928028534836,1.0,0.010028669659721115,inf,0.13971369773174425,0.08935090428142244,1.0,0.5446754521407112,다운로드=L4(최대) AND 주기=수시 AND 표준=N,유형=FILE,BR,0.08935090428142242,1203,[]
"frozenset({'다운로드=L4(최대)', '주기=수시'})","frozenset({'표준=N', '유형=FILE'})",0.07783906655683347,0.8711614860848983,0.07783906655683347,1.0,1.1478928028534836,1.0,0.010028669659721115,inf,0.13971369773174425,0.08935090428142244,1.0,0.5446754521407112,다운로드=L4(최대) AND 주기=수시,유형=FILE AND 표준=N,BR,0.08935090428142242,1203,[]
"frozenset({'다운로드=L4(최대)', '주기=수시'})",frozenset({'유형=FILE'}),0.07783906655683347,0.8711614860848983,0.07783906655683347,1.0,1.1478928028534836,1.0,0.010028669659721115,inf,0.13971369773174425,0.08935090428142244,1.0,0.5446754521407112,다운로드=L4(최대) AND 주기=수시,유형=FILE,BR,0.08935090428142242,1203,[]
"frozenset({'조회수=L4(최대)', '국가중점=N', '주기=연간'})","frozenset({'표준=N', '유형=FILE'})",0.07765137691208826,0.8711614860848983,0.07765137691208826,1.0,1.1478928028534836,1.0,0.01000448800481489,inf,0.13968526725151487,0.08913545668904928,1.0,0.5445677283445246,국가중점=N AND 조회수=L4(최대) AND 주기=연간,유형=FILE AND 표준=N,BR,0.08913545668904928,1206,[]
"frozenset({'조회수=L4(최대)', '국가중점=N', '주기=연간'})",frozenset({'유형=FILE'}),0.07765137691208826,0.8711614860848983,0.07765137691208826,1.0,1.1478928028534836,1.0,0.01000448800481489,inf,0.13968526725151487,0.08913545668904928,1.0,0.5445677283445246,국가중점=N AND 조회수=L4(최대) AND 주기=연간,유형=FILE,BR,0.08913545668904928,1206,[]
"frozenset({'조회수=L4(최대)', '국가중점=N', '표준=N', '주기=연간'})",frozenset({'유형=FILE'}),0.07765137691208826,0.8711614860848983,0.07765137691208826,1.0,1.1478928028534836,1.0,0.01000448800481489,inf,0.13968526725151487,0.08913545668904928,1.0,0.5445677283445246,국가중점=N AND 조회수=L4(최대) AND 주기=연간 AND 표준=N,유형=FILE,BR,0.08913545668904928,1206,[]
"frozenset({'형식=CSV', '주기=연간', '다운로드=L2(중)'})","frozenset({'국가중점=N', '유형=FILE'})",0.07614985975412657,0.8547803509796357,0.07607686933672565,0.9990414897987129,1.1687698350269098,1.0,0.01098546548904332,151.5055852565348,0.15630191626074227,0.08899405974409329,0.9933995832674632,0.5440215744104329,다운로드=L2(중) AND 주기=연간 AND 형식=CSV,국가중점=N AND 유형=FILE,BR,0.08883112279548934,1209,[]
"frozenset({'형식=CSV', '주기=연간', '다운로드=L2(중)'})","frozenset({'국가중점=N', '표준=N', '유형=FILE'})",0.07614985975412657,0.8547803509796357,0.07607686933672565,0.9990414897987129,1.1687698350269098,1.0,0.01098546548904332,151.5055852565348,0.15630191626074227,0.08899405974409329,0.9933995832674632,0.5440215744104329,다운로드=L2(중) AND 주기=연간 AND 형식=CSV,국가중점=N AND 유형=FILE AND 표준=N,BR,0.08883112279548934,1209,[]
"frozenset({'형식=CSV', '표준=N', '주기=연간', '다운로드=L2(중)'})","frozenset({'국가중점=N', '유형=FILE'})",0.07614985975412657,0.8547803509796357,0.07607686933672565,0.9990414897987129,1.1687698350269098,1.0,0.01098546548904332,151.5055852565348,0.15630191626074227,0.08899405974409329,0.9933995832674632,0.5440215744104329,다운로드=L2(중) AND 주기=연간 AND 표준=N AND 형식=CSV,국가중점=N AND 유형=FILE,BR,0.08883112279548934,1209,[]
"frozenset({'주기=연간', '조회수=L2(중)'})","frozenset({'국가중점=N', '유형=FILE'})",0.07537824677017403,0.8547803509796357,0.07533653796023065,0.999446673122147,1.169243855426384,1.0,0.010904693729791706,262.4482106920812,0.15654662430161945,0.08813125152476214,0.9961897244513004,0.5437911124954933,조회수=L2(중) AND 주기=연간,국가중점=N AND 유형=FILE,BR,0.08803804331387055,1212,[]
"frozenset({'표준=N', '주기=연간', '조회수=L2(중)'})","frozenset({'국가중점=N', '유형=FILE'})",0.07537824677017403,0.8547803509796357,0.07533653796023065,0.999446673122147,1.169243855426384,1.0,0.010904693729791706,262.4482106920812,0.15654662430161945,0.08813125152476214,0.9961897244513004,0.5437911124954933,조회수=L2(중) AND 주기=연간 AND 표준=N,국가중점=N AND 유형=FILE,BR,0.08803804331387055,1212,[]
"frozenset({'주기=연간', '조회수=L2(중)'})","frozenset({'국가중점=N', '표준=N', '유형=FILE'})",0.07537824677017403,0.8547803509796357,0.07533653796023065,0.999446673122147,1.169243855426384,1.0,0.010904693729791706,262.4482106920812,0.15654662430161945,0.08813125152476214,0.9961897244513004,0.5437911124954933,조회수=L2(중) AND 주기=연간,국가중점=N AND 유형=FILE AND 표준=N,BR,0.08803804331387055,1212,[]
"frozenset({'조회수=L4(최대)', '국가중점=N', '다운로드=L4(최대)'})",frozenset({'유형=FILE'}),0.09646205019655277,0.8711614860848983,0.0892047172664046,0.9247648902821316,1.0615309618864504,1.0,0.00517069426637963,1.7124785807882255,0.06415265582102417,0.10155146421661146,0.41605109037935145,0.5135811716064087,국가중점=N AND 다운로드=L4(최대) AND 조회수=L4(최대),유형=FILE,BI,0.08756928824690131,1214,[]
"frozenset({'조회수=L4(최대)', '국가중점=N', '다운로드=L4(최대)'})","frozenset({'표준=N', '유형=FILE'})",0.09646205019655277,0.8711614860848983,0.0892047172664046,0.9247648902821316,1.0615309618864504,1.0,0.00517069426637963,1.7124785807882255,0.06415265582102417,0.10155146421661146,0.41605109037935145,0.5135811716064087,국가중점=N AND 다운로드=L4(최대) AND 조회수=L4(최대),유형=FILE AND 표준=N,BI,0.08756928824690131,1214,[]
"frozenset({'조회수=L4(최대)', '주기=연간', '유형=FILE'})",frozenset({'형식=CSV'}),0.08348018310167565,0.6992794803082281,0.07528440194780142,0.9018236322757931,1.2896469261164187,1.0,0.016908422892425945,3.0630642247485045,0.2450508633294881,0.10641276953234388,0.6735295355806306,0.5047417969022524,유형=FILE AND 조회수=L4(최대) AND 주기=연간,형식=CSV,BI,0.08755832480113591,1220,[]
"frozenset({'조회수=L4(최대)', '주기=연간', '유형=FILE'})","frozenset({'형식=CSV', '표준=N'})",0.08348018310167565,0.6992794803082281,0.07528440194780142,0.9018236322757931,1.2896469261164187,1.0,0.016908422892425945,3.0630642247485045,0.2450508633294881,0.10641276953234388,0.6735295355806306,0.5047417969022524,유형=FILE AND 조회수=L4(최대) AND 주기=연간,표준=N AND 형식=CSV,BI,0.08755832480113591,1220,[]
"frozenset({'조회수=L4(최대)', '표준=N', '주기=연간'})","frozenset({'형식=CSV', '유형=FILE'})",0.08348018310167565,0.6992794803082281,0.07528440194780142,0.9018236322757931,1.2896469261164187,1.0,0.016908422892425945,3.0630642247485045,0.2450508633294881,0.10641276953234388,0.6735295355806306,0.5047417969022524,조회수=L4(최대) AND 주기=연간 AND 표준=N,유형=FILE AND 형식=CSV,BI,0.08755832480113591,1220,[]
"frozenset({'조회수=L4(최대)', '주기=연간'})","frozenset({'형식=CSV', '표준=N'})",0.08348018310167565,0.6992794803082281,0.07528440194780142,0.9018236322757931,1.2896469261164187,1.0,0.016908422892425945,3.0630642247485045,0.2450508633294881,0.10641276953234388,0.6735295355806306,0.5047417969022524,조회수=L4(최대) AND 주기=연간,표준=N AND 형식=CSV,BI,0.08755832480113591,1220,[]
"frozenset({'조회수=L4(최대)', '주기=연간'})","frozenset({'형식=CSV', '표준=N', '유형=FILE'})",0.08348018310167565,0.6992794803082281,0.07528440194780142,0.9018236322757931,1.2896469261164187,1.0,0.016908422892425945,3.0630642247485045,0.2450508633294881,0.10641276953234388,0.6735295355806306,0.5047417969022524,조회수=L4(최대) AND 주기=연간,유형=FILE AND 표준=N AND 형식=CSV,BI,0.08755832480113591,1220,[]
"frozenset({'조회수=L4(최대)', '표준=N', '주기=연간'})",frozenset({'형식=CSV'}),0.08348018310167565,0.6992794803082281,0.07528440194780142,0.9018236322757931,1.2896469261164187,1.0,0.016908422892425945,3.0630642247485045,0.2450508633294881,0.10641276953234388,0.6735295355806306,0.5047417969022524,조회수=L4(최대) AND 주기=연간 AND 표준=N,형식=CSV,BI,0.08755832480113591,1220,[]
"frozenset({'조회수=L4(최대)', '주기=연간'})","frozenset({'형식=CSV', '유형=FILE'})",0.08348018310167565,0.6992794803082281,0.07528440194780142,0.9018236322757931,1.2896469261164187,1.0,0.016908422892425945,3.0630642247485045,0.2450508633294881,0.10641276953234388,0.6735295355806306,0.5047417969022524,조회수=L4(최대) AND 주기=연간,유형=FILE AND 형식=CSV,BI,0.08755832480113591,1220,[]
"frozenset({'조회수=L4(최대)', '주기=연간'})",frozenset({'형식=CSV'}),0.08348018310167565,0.6992794803082281,0.07528440194780142,0.9018236322757931,1.2896469261164187,1.0,0.016908422892425945,3.0630642247485045,0.2450508633294881,0.10641276953234388,0.6735295355806306,0.5047417969022524,조회수=L4(최대) AND 주기=연간,형식=CSV,BI,0.08755832480113591,1220,[]
"frozenset({'조회수=L4(최대)', '표준=N', '주기=연간', '유형=FILE'})",frozenset({'형식=CSV'}),0.08348018310167565,0.6992794803082281,0.07528440194780142,0.9018236322757931,1.2896469261164187,1.0,0.016908422892425945,3.0630642247485045,0.2450508633294881,0.10641276953234388,0.6735295355806306,0.5047417969022524,유형=FILE AND 조회수=L4(최대) AND 주기=연간 AND 표준=N,형식=CSV,BI,0.08755832480113591,1220,[]
"frozenset({'형식=CSV', '국가중점=N', '다운로드=L4(최대)', '주기=연간'})",frozenset({'표준=N'}),0.08724440319906572,0.9968718392542465,0.08724440319906572,1.0,1.0031379768417308,1.0,0.00027291451737400385,inf,0.0034271613964539484,0.08751817411587502,1.0,0.5437590870579375,국가중점=N AND 다운로드=L4(최대) AND 주기=연간 AND 형식=CSV,표준=N,BR,0.08751817411587501,1225,[]
"frozenset({'국가중점=N', '형식=CSV', '다운로드=L4(최대)', '주기=연간', '유형=FILE'})",frozenset({'표준=N'}),0.08724440319906572,0.9968718392542465,0.08724440319906572,1.0,1.0031379768417308,1.0,0.00027291451737400385,inf,0.0034271613964539484,0.08751817411587502,1.0,0.5437590870579375,국가중점=N AND 다운로드=L4(최대) AND 유형=FILE AND 주기=연간 AND 형식=CSV,표준=N,BR,0.08751817411587501,1225,[]
"frozenset({'형식=CSV', '표준=N', '주기=연간', '다운로드=L2(중)'})",frozenset({'유형=FILE'}),0.07614985975412657,0.8711614860848983,0.07614985975412657,1.0,1.1478928028534836,1.0,0.00981103476556508,inf,0.13945823927765236,0.08741187595006404,1.0,0.543705937975032,다운로드=L2(중) AND 주기=연간 AND 표준=N AND 형식=CSV,유형=FILE,BR,0.08741187595006403,1228,[]
"frozenset({'형식=CSV', '주기=연간', '다운로드=L2(중)'})",frozenset({'유형=FILE'}),0.07614985975412657,0.8711614860848983,0.07614985975412657,1.0,1.1478928028534836,1.0,0.00981103476556508,inf,0.13945823927765236,0.08741187595006404,1.0,0.543705937975032,다운로드=L2(중) AND 주기=연간 AND 형식=CSV,유형=FILE,BR,0.08741187595006403,1228,[]
"frozenset({'형식=CSV', '주기=연간', '다운로드=L2(중)'})","frozenset({'표준=N', '유형=FILE'})",0.07614985975412657,0.8711614860848983,0.07614985975412657,1.0,1.1478928028534836,1.0,0.00981103476556508,inf,0.13945823927765236,0.08741187595006404,1.0,0.543705937975032,다운로드=L2(중) AND 주기=연간 AND 형식=CSV,유형=FILE AND 표준=N,BR,0.08741187595006403,1228,[]
"frozenset({'다운로드=L3(상)', '조회수=L3(상)'})","frozenset({'국가중점=N', '표준=N'})",0.08598271169827847,0.9578428203497283,0.08522152591681177,0.9911472228959495,1.0347702168233208,1.0,0.0028636028424151444,4.762028813645714,0.03676284121013084,0.08890170015119707,0.7900054705392637,0.540059786061517,다운로드=L3(상) AND 조회수=L3(상),국가중점=N AND 표준=N,BR,0.08740401738574381,1230,[]
"frozenset({'형식=CSV', '국가중점=N', '주기=연간', '다운로드=L2(중)'})",frozenset({'유형=FILE'}),0.07607686933672565,0.8711614860848983,0.07607686933672565,1.0,1.1478928028534836,1.0,0.009801630788657104,inf,0.1394472220027763,0.08732809077525225,1.0,0.5436640453876261,국가중점=N AND 다운로드=L2(중) AND 주기=연간 AND 형식=CSV,유형=FILE,BR,0.08732809077525225,1232,[]
"frozenset({'국가중점=N', '형식=CSV', '주기=연간', '다운로드=L2(중)', '표준=N'})",frozenset({'유형=FILE'}),0.07607686933672565,0.8711614860848983,0.07607686933672565,1.0,1.1478928028534836,1.0,0.009801630788657104,inf,0.1394472220027763,0.08732809077525225,1.0,0.5436640453876261,국가중점=N AND 다운로드=L2(중) AND 주기=연간 AND 표준=N AND 형식=CSV,유형=FILE,BR,0.08732809077525225,1232,[]
"frozenset({'형식=CSV', '국가중점=N', '주기=연간', '다운로드=L2(중)'})","frozenset({'표준=N', '유형=FILE'})",0.07607686933672565,0.8711614860848983,0.07607686933672565,1.0,1.1478928028534836,1.0,0.009801630788657104,inf,0.1394472220027763,0.08732809077525225,1.0,0.5436640453876261,국가중점=N AND 다운로드=L2(중) AND 주기=연간 AND 형식=CSV,유형=FILE AND 표준=N,BR,0.08732809077525225,1232,[]
"frozenset({'다운로드=L3(상)', '조회수=L3(상)'})",frozenset({'국가중점=N'}),0.08598271169827847,0.9609709810954818,0.08522152591681177,0.9911472228959495,1.0314018241904324,1.0,0.0025946350988671485,4.408675203926767,0.033309841967274004,0.08861253564342479,0.7731744903527233,0.539914974295197,다운로드=L3(상) AND 조회수=L3(상),국가중점=N,BR,0.08711949909998293,1234,[]
"frozenset({'다운로드=L3(상)', '표준=N', '조회수=L3(상)'})",frozenset({'국가중점=N'}),0.08598271169827847,0.9609709810954818,0.08522152591681177,0.9911472228959495,1.0314018241904324,1.0,0.0025946350988671485,4.408675203926767,0.033309841967274004,0.08861253564342479,0.7731744903527233,0.539914974295197,다운로드=L3(상) AND 조회수=L3(상) AND 표준=N,국가중점=N,BR,0.08711949909998293,1234,[]
"frozenset({'유형=FILE', '다운로드=L3(상)', '조회수=L3(상)'})","frozenset({'국가중점=N', '표준=N'})",0.08491913704472227,0.9578428203497283,0.08436649531297248,0.993492141453831,1.0372183414091745,1.0,0.0030273095843905973,6.477888133430405,0.039212754865545985,0.08802889689162577,0.8456287019160913,0.5407859139666281,다운로드=L3(상) AND 유형=FILE AND 조회수=L3(상),국가중점=N AND 표준=N,BR,0.08693699656913814,1236,[]
"frozenset({'국가중점=N', '형식=CSV', '주기=수시', '조회수=L0(최소)', '유형=FILE'})",frozenset({'표준=N'}),0.08646236301262734,0.9968718392542465,0.08646236301262734,1.0,1.0031379768417308,1.0,0.00027046816996119383,inf,0.0034242275513349,0.08673367990544228,1.0,0.5433668399527212,국가중점=N AND 유형=FILE AND 조회수=L0(최소) AND 주기=수시 AND 형식=CSV,표준=N,BR,0.08673367990544228,1238,[]
"frozenset({'형식=CSV', '주기=수시', '유형=FILE', '조회수=L0(최소)'})",frozenset({'표준=N'}),0.08646236301262734,0.9968718392542465,0.08646236301262734,1.0,1.0031379768417308,1.0,0.00027046816996119383,inf,0.0034242275513349,0.08673367990544228,1.0,0.5433668399527212,유형=FILE AND 조회수=L0(최소) AND 주기=수시 AND 형식=CSV,표준=N,BR,0.08673367990544228,1238,[]
"frozenset({'형식=CSV', '주기=수시', '조회수=L0(최소)'})",frozenset({'표준=N'}),0.08646236301262734,0.9968718392542465,0.08646236301262734,1.0,1.0031379768417308,1.0,0.00027046816996119383,inf,0.0034242275513349,0.08673367990544228,1.0,0.5433668399527212,조회수=L0(최소) AND 주기=수시 AND 형식=CSV,표준=N,BR,0.08673367990544228,1238,[]
"frozenset({'형식=CSV', '국가중점=N', '주기=수시', '조회수=L0(최소)'})",frozenset({'표준=N'}),0.08646236301262734,0.9968718392542465,0.08646236301262734,1.0,1.0031379768417308,1.0,0.00027046816996119383,inf,0.0034242275513349,0.08673367990544228,1.0,0.5433668399527212,국가중점=N AND 조회수=L0(최소) AND 주기=수시 AND 형식=CSV,표준=N,BR,0.08673367990544228,1238,[]
"frozenset({'유형=FILE', '다운로드=L3(상)', '표준=N', '조회수=L3(상)'})",frozenset({'국가중점=N'}),0.08491913704472227,0.9609709810954818,0.08436649531297248,0.993492141453831,1.033841979620733,1.0,0.002761668873324047,5.997213772799905,0.03577190952251549,0.08774250919067811,0.8332559021765314,0.5406425551019155,다운로드=L3(상) AND 유형=FILE AND 조회수=L3(상) AND 표준=N,국가중점=N,BR,0.08665399853343131,1241,[]
"frozenset({'유형=FILE', '다운로드=L3(상)', '조회수=L3(상)'})",frozenset({'국가중점=N'}),0.08491913704472227,0.9609709810954818,0.08436649531297248,0.993492141453831,1.033841979620733,1.0,0.002761668873324047,5.997213772799905,0.03577190952251549,0.08774250919067811,0.8332559021765314,0.5406425551019155,다운로드=L3(상) AND 유형=FILE AND 조회수=L3(상),국가중점=N,BR,0.08665399853343131,1241,[]
"frozenset({'표준=N', '주기=연간', '조회수=L2(중)'})",frozenset({'유형=FILE'}),0.07537824677017403,0.8711614860848983,0.07537824677017403,1.0,1.1478928028534836,1.0,0.009711621295395031,inf,0.139341858943997,0.08652614695919662,1.0,0.5432630734795983,조회수=L2(중) AND 주기=연간 AND 표준=N,유형=FILE,BR,0.08652614695919662,1244,[]
"frozenset({'주기=연간', '조회수=L2(중)'})",frozenset({'유형=FILE'}),0.07537824677017403,0.8711614860848983,0.07537824677017403,1.0,1.1478928028534836,1.0,0.009711621295395031,inf,0.139341858943997,0.08652614695919662,1.0,0.5432630734795983,조회수=L2(중) AND 주기=연간,유형=FILE,BR,0.08652614695919662,1244,[]
"frozenset({'주기=연간', '조회수=L2(중)'})","frozenset({'표준=N', '유형=FILE'})",0.07537824677017403,0.8711614860848983,0.07537824677017403,1.0,1.1478928028534836,1.0,0.009711621295395031,inf,0.139341858943997,0.08652614695919662,1.0,0.5432630734795983,조회수=L2(중) AND 주기=연간,유형=FILE AND 표준=N,BR,0.08652614695919662,1244,[]
"frozenset({'국가중점=N', '주기=연간', '조회수=L2(중)'})",frozenset({'유형=FILE'}),0.07533653796023065,0.8711614860848983,0.07533653796023065,1.0,1.1478928028534836,1.0,0.00970624759430476,inf,0.13933557364848093,0.08647826971644704,1.0,0.5432391348582235,국가중점=N AND 조회수=L2(중) AND 주기=연간,유형=FILE,BR,0.08647826971644702,1247,[]
"frozenset({'국가중점=N', '주기=연간', '조회수=L2(중)'})","frozenset({'표준=N', '유형=FILE'})",0.07533653796023065,0.8711614860848983,0.07533653796023065,1.0,1.1478928028534836,1.0,0.00970624759430476,inf,0.13933557364848093,0.08647826971644704,1.0,0.5432391348582235,국가중점=N AND 조회수=L2(중) AND 주기=연간,유형=FILE AND 표준=N,BR,0.08647826971644702,1247,[]
"frozenset({'국가중점=N', '표준=N', '주기=연간', '조회수=L2(중)'})",frozenset({'유형=FILE'}),0.07533653796023065,0.8711614860848983,0.07533653796023065,1.0,1.1478928028534836,1.0,0.00970624759430476,inf,0.13933557364848093,0.08647826971644704,1.0,0.5432391348582235,국가중점=N AND 조회수=L2(중) AND 주기=연간 AND 표준=N,유형=FILE,BR,0.08647826971644702,1247,[]
"frozenset({'조회수=L4(최대)', '주기=연간', '형식=CSV'})",frozenset({'유형=FILE'}),0.07528440194780142,0.8711614860848983,0.07528440194780142,1.0,1.1478928028534836,1.0,0.00969953046794192,inf,0.13932771782641537,0.08641842316301004,1.0,0.543209211581505,조회수=L4(최대) AND 주기=연간 AND 형식=CSV,유형=FILE,BR,0.08641842316301003,1250,[]
"frozenset({'형식=CSV', '조회수=L4(최대)', '주기=연간'})","frozenset({'표준=N', '유형=FILE'})",0.07528440194780142,0.8711614860848983,0.07528440194780142,1.0,1.1478928028534836,1.0,0.00969953046794192,inf,0.13932771782641537,0.08641842316301004,1.0,0.543209211581505,조회수=L4(최대) AND 주기=연간 AND 형식=CSV,유형=FILE AND 표준=N,BR,0.08641842316301003,1250,[]
"frozenset({'형식=CSV', '조회수=L4(최대)', '표준=N', '주기=연간'})",frozenset({'유형=FILE'}),0.07528440194780142,0.8711614860848983,0.07528440194780142,1.0,1.1478928028534836,1.0,0.00969953046794192,inf,0.13932771782641537,0.08641842316301004,1.0,0.543209211581505,조회수=L4(최대) AND 주기=연간 AND 표준=N AND 형식=CSV,유형=FILE,BR,0.08641842316301003,1250,[]
"frozenset({'다운로드=L3(상)', '조회수=L3(상)'})",frozenset({'표준=N'}),0.08598271169827847,0.9968718392542465,0.08598271169827847,1.0,1.0031379768417308,1.0,0.0002689677435479959,inf,0.0034224306102193657,0.08625252345637689,1.0,0.5431262617281885,다운로드=L3(상) AND 조회수=L3(상),표준=N,BR,0.08625252345637688,1252,[]
"frozenset({'국가중점=N', '다운로드=L4(최대)', '주기=수시'})","frozenset({'표준=N', '유형=FILE'})",0.07477346902599502,0.8711614860848983,0.07477346902599502,1.0,1.1478928028534836,1.0,0.009633702629586086,inf,0.1392507776225037,0.08583192693932756,1.0,0.5429159634696638,국가중점=N AND 다운로드=L4(최대) AND 주기=수시,유형=FILE AND 표준=N,BR,0.08583192693932756,1254,[]
"frozenset({'표준=N', '국가중점=N', '다운로드=L4(최대)', '주기=수시'})",frozenset({'유형=FILE'}),0.07477346902599502,0.8711614860848983,0.07477346902599502,1.0,1.1478928028534836,1.0,0.009633702629586086,inf,0.1392507776225037,0.08583192693932756,1.0,0.5429159634696638,국가중점=N AND 다운로드=L4(최대) AND 주기=수시 AND 표준=N,유형=FILE,BR,0.08583192693932756,1254,[]
"frozenset({'국가중점=N', '다운로드=L4(최대)', '주기=수시'})",frozenset({'유형=FILE'}),0.07477346902599502,0.8711614860848983,0.07477346902599502,1.0,1.1478928028534836,1.0,0.009633702629586086,inf,0.1392507776225037,0.08583192693932756,1.0,0.5429159634696638,국가중점=N AND 다운로드=L4(최대) AND 주기=수시,유형=FILE,BR,0.08583192693932756,1254,[]
"frozenset({'형식=CSV', '국가중점=N', '다운로드=L4(최대)', '조회수=L4(최대)'})",frozenset({'유형=FILE'}),0.0744919345588772,0.8711614860848983,0.0744919345588772,1.0,1.1478928028534836,1.0,0.009597430147226749,inf,0.13920841830124273,0.08550875555076785,1.0,0.5427543777753839,국가중점=N AND 다운로드=L4(최대) AND 조회수=L4(최대) AND 형식=CSV,유형=FILE,BR,0.08550875555076783,1257,[]
"frozenset({'국가중점=N', '형식=CSV', '다운로드=L4(최대)', '조회수=L4(최대)', '표준=N'})",frozenset({'유형=FILE'}),0.0744919345588772,0.8711614860848983,0.0744919345588772,1.0,1.1478928028534836,1.0,0.009597430147226749,inf,0.13920841830124273,0.08550875555076785,1.0,0.5427543777753839,국가중점=N AND 다운로드=L4(최대) AND 조회수=L4(최대) AND 표준=N AND 형식=CSV,유형=FILE,BR,0.08550875555076783,1257,[]
"frozenset({'형식=CSV', '국가중점=N', '다운로드=L4(최대)', '조회수=L4(최대)'})","frozenset({'표준=N', '유형=FILE'})",0.0744919345588772,0.8711614860848983,0.0744919345588772,1.0,1.1478928028534836,1.0,0.009597430147226749,inf,0.13920841830124273,0.08550875555076785,1.0,0.5427543777753839,국가중점=N AND 다운로드=L4(최대) AND 조회수=L4(최대) AND 형식=CSV,유형=FILE AND 표준=N,BR,0.08550875555076783,1257,[]
"frozenset({'다운로드=L3(상)', '국가중점=N', '조회수=L3(상)'})",frozenset({'표준=N'}),0.08522152591681177,0.9968718392542465,0.08522152591681177,1.0,1.0031379768417308,1.0,0.00026658663206619027,inf,0.0034195828108971125,0.0854889490915557,1.0,0.5427444745457779,국가중점=N AND 다운로드=L3(상) AND 조회수=L3(상),표준=N,BR,0.08548894909155569,1259,[]
"frozenset({'유형=FILE', '다운로드=L3(상)', '조회수=L3(상)'})",frozenset({'표준=N'}),0.08491913704472227,0.9968718392542465,0.08491913704472227,1.0,1.0031379768417308,1.0,0.0002656407110665643,inf,0.0034184528082589864,0.08518561133018838,1.0,0.5425928056650942,다운로드=L3(상) AND 유형=FILE AND 조회수=L3(상),표준=N,BR,0.08518561133018837,1260,[]
"frozenset({'유형=FILE', '다운로드=L3(상)', '국가중점=N', '조회수=L3(상)'})",frozenset({'표준=N'}),0.08436649531297248,0.9968718392542465,0.08436649531297248,1.0,1.0031379768417308,1.0,0.0002639119588948441,inf,0.003416389559513572,0.08463123542148258,1.0,0.5423156177107413,국가중점=N AND 다운로드=L3(상) AND 유형=FILE AND 조회수=L3(상),표준=N,BR,0.08463123542148258,1261,[]
"frozenset({'다운로드=L3(상)', '주기=수시'})","frozenset({'표준=N', '유형=FILE'})",0.07362647675255206,0.8711614860848983,0.07362647675255206,1.0,1.1478928028534836,1.0,0.009485925849603588,inf,0.13907836383692393,0.08451530276371384,1.0,0.5422576513818569,다운로드=L3(상) AND 주기=수시,유형=FILE AND 표준=N,BR,0.08451530276371383,1263,[]
"frozenset({'다운로드=L3(상)', '표준=N', '주기=수시'})",frozenset({'유형=FILE'}),0.07362647675255206,0.8711614860848983,0.07362647675255206,1.0,1.1478928028534836,1.0,0.009485925849603588,inf,0.13907836383692393,0.08451530276371384,1.0,0.5422576513818569,다운로드=L3(상) AND 주기=수시 AND 표준=N,유형=FILE,BR,0.08451530276371383,1263,[]
"frozenset({'다운로드=L3(상)', '주기=수시'})",frozenset({'유형=FILE'}),0.07362647675255206,0.8711614860848983,0.07362647675255206,1.0,1.1478928028534836,1.0,0.009485925849603588,inf,0.13907836383692393,0.08451530276371384,1.0,0.5422576513818569,다운로드=L3(상) AND 주기=수시,유형=FILE,BR,0.08451530276371383,1263,[]
"frozenset({'도메인=산업고용', '유형=FILE'})","frozenset({'국가중점=N', '표준=N'})",0.08291711416744002,0.9578428203497283,0.08220806439840256,0.9914486921529175,1.0350849545345226,1.0,0.0027865019090013987,4.929910184984725,0.03696037196026231,0.08576277086415457,0.7971565479943732,0.538637474750528,도메인=산업고용 AND 유형=FILE,국가중점=N AND 표준=N,BR,0.08436467988580366,1265,['산업고용']
"frozenset({'주기=연간', '유형=FILE', '다운로드=L2(중)'})","frozenset({'국가중점=N', '표준=N'})",0.080831673670271,0.9578428203497283,0.08074825605038424,0.998968008255934,1.0429352154993343,1.0,0.003324217768462992,40.850307081115695,0.044787958228325625,0.08429485783950885,0.9755203798587286,0.541635103627205,다운로드=L2(중) AND 유형=FILE AND 주기=연간,국가중점=N AND 표준=N,BR,0.08412829043415855,1266,[]
"frozenset({'주기=연간', '다운로드=L2(중)'})","frozenset({'국가중점=N', '표준=N'})",0.080831673670271,0.9578428203497283,0.08074825605038424,0.998968008255934,1.0429352154993343,1.0,0.003324217768462992,40.850307081115695,0.044787958228325625,0.08429485783950885,0.9755203798587286,0.541635103627205,다운로드=L2(중) AND 주기=연간,국가중점=N AND 표준=N,BR,0.08412829043415855,1266,[]
"frozenset({'도메인=산업고용', '유형=FILE'})",frozenset({'국가중점=N'}),0.08291711416744002,0.9609709810954818,0.08220806439840256,0.9914486921529175,1.031715537364814,1.0,0.0025271238473116436,4.564099387187197,0.033519961742915355,0.08548380101487618,0.7808987238956054,0.5384977835764587,도메인=산업고용 AND 유형=FILE,국가중점=N,BR,0.0840900552768004,1268,['산업고용']
"frozenset({'도메인=산업고용', '표준=N', '유형=FILE'})",frozenset({'국가중점=N'}),0.08291711416744002,0.9609709810954818,0.08220806439840256,0.9914486921529175,1.031715537364814,1.0,0.0025271238473116436,4.564099387187197,0.033519961742915355,0.08548380101487618,0.7808987238956054,0.5384977835764587,도메인=산업고용 AND 유형=FILE AND 표준=N,국가중점=N,BR,0.0840900552768004,1268,['산업고용']
"frozenset({'주기=연간', '유형=FILE', '다운로드=L2(중)'})",frozenset({'국가중점=N'}),0.080831673670271,0.9609709810954818,0.08074825605038424,0.998968008255934,1.0395402440947141,1.0,0.0030713632998740914,37.81911931848037,0.0413811912335624,0.08402048433295721,0.9735583477875608,0.5414978930168559,다운로드=L2(중) AND 유형=FILE AND 주기=연간,국가중점=N,BR,0.0838544353220682,1271,[]
"frozenset({'표준=N', '주기=연간', '유형=FILE', '다운로드=L2(중)'})",frozenset({'국가중점=N'}),0.080831673670271,0.9609709810954818,0.08074825605038424,0.998968008255934,1.0395402440947141,1.0,0.0030713632998740914,37.81911931848037,0.0413811912335624,0.08402048433295721,0.9735583477875608,0.5414978930168559,다운로드=L2(중) AND 유형=FILE AND 주기=연간 AND 표준=N,국가중점=N,BR,0.0838544353220682,1271,[]
"frozenset({'표준=N', '주기=연간', '다운로드=L2(중)'})",frozenset({'국가중점=N'}),0.080831673670271,0.9609709810954818,0.08074825605038424,0.998968008255934,1.0395402440947141,1.0,0.0030713632998740914,37.81911931848037,0.0413811912335624,0.08402048433295721,0.9735583477875608,0.5414978930168559,다운로드=L2(중) AND 주기=연간 AND 표준=N,국가중점=N,BR,0.0838544353220682,1271,[]
"frozenset({'주기=연간', '다운로드=L2(중)'})",frozenset({'국가중점=N'}),0.080831673670271,0.9609709810954818,0.08074825605038424,0.998968008255934,1.0395402440947141,1.0,0.0030713632998740914,37.81911931848037,0.0413811912335624,0.08402048433295721,0.9735583477875608,0.5414978930168559,다운로드=L2(중) AND 주기=연간,국가중점=N,BR,0.0838544353220682,1271,[]
"frozenset({'조회수=L4(최대)', '주기=연간'})",frozenset({'표준=N'}),0.08348018310167565,0.9968718392542465,0.08348018310167565,1.0,1.0031379768417308,1.0,0.0002611394318269705,inf,0.00341308577084532,0.08374214198299215,1.0,0.5418710709914961,조회수=L4(최대) AND 주기=연간,표준=N,BR,0.08374214198299215,1274,[]
"frozenset({'조회수=L4(최대)', '주기=연간', '유형=FILE'})",frozenset({'표준=N'}),0.08348018310167565,0.9968718392542465,0.08348018310167565,1.0,1.0031379768417308,1.0,0.0002611394318269705,inf,0.00341308577084532,0.08374214198299215,1.0,0.5418710709914961,유형=FILE AND 조회수=L4(최대) AND 주기=연간,표준=N,BR,0.08374214198299215,1274,[]
"frozenset({'표준=N', '주기=연간', '조회수=L0(최소)'})","frozenset({'형식=CSV', '국가중점=N'})",0.06675495031438015,0.6867564101227281,0.06339739111393804,0.9497032177444548,1.3828822035672534,1.0,0.017553001078113237,6.227905162715189,0.2966772864637207,0.09186510334824126,0.8394323654787272,0.5210087252671136,조회수=L0(최소) AND 주기=연간 AND 표준=N,국가중점=N AND 형식=CSV,BI,0.0832615484939504,1280,[]
"frozenset({'표준=N', '주기=연간', '유형=FILE', '조회수=L0(최소)'})","frozenset({'형식=CSV', '국가중점=N'})",0.06675495031438015,0.6867564101227281,0.06339739111393804,0.9497032177444548,1.3828822035672534,1.0,0.017553001078113237,6.227905162715189,0.2966772864637207,0.09186510334824126,0.8394323654787272,0.5210087252671136,유형=FILE AND 조회수=L0(최소) AND 주기=연간 AND 표준=N,국가중점=N AND 형식=CSV,BI,0.0832615484939504,1280,[]
"frozenset({'주기=연간', '조회수=L0(최소)'})","frozenset({'형식=CSV', '국가중점=N', '표준=N'})",0.06675495031438015,0.6867564101227281,0.06339739111393804,0.9497032177444548,1.3828822035672534,1.0,0.017553001078113237,6.227905162715189,0.2966772864637207,0.09186510334824126,0.8394323654787272,0.5210087252671136,조회수=L0(최소) AND 주기=연간,국가중점=N AND 표준=N AND 형식=CSV,BI,0.0832615484939504,1280,[]
"frozenset({'주기=연간', '조회수=L0(최소)'})","frozenset({'형식=CSV', '국가중점=N', '표준=N', '유형=FILE'})",0.06675495031438015,0.6867564101227281,0.06339739111393804,0.9497032177444548,1.3828822035672534,1.0,0.017553001078113237,6.227905162715189,0.2966772864637207,0.09186510334824126,0.8394323654787272,0.5210087252671136,조회수=L0(최소) AND 주기=연간,국가중점=N AND 유형=FILE AND 표준=N AND 형식=CSV,BI,0.0832615484939504,1280,[]
"frozenset({'주기=연간', '유형=FILE', '조회수=L0(최소)'})","frozenset({'형식=CSV', '국가중점=N', '표준=N'})",0.06675495031438015,0.6867564101227281,0.06339739111393804,0.9497032177444548,1.3828822035672534,1.0,0.017553001078113237,6.227905162715189,0.2966772864637207,0.09186510334824126,0.8394323654787272,0.5210087252671136,유형=FILE AND 조회수=L0(최소) AND 주기=연간,국가중점=N AND 표준=N AND 형식=CSV,BI,0.0832615484939504,1280,[]
"frozenset({'주기=연간', '유형=FILE', '조회수=L0(최소)'})","frozenset({'형식=CSV', '국가중점=N'})",0.06675495031438015,0.6867564101227281,0.06339739111393804,0.9497032177444548,1.3828822035672534,1.0,0.017553001078113237,6.227905162715189,0.2966772864637207,0.09186510334824126,0.8394323654787272,0.5210087252671136,유형=FILE AND 조회수=L0(최소) AND 주기=연간,국가중점=N AND 형식=CSV,BI,0.0832615484939504,1280,[]
"frozenset({'표준=N', '주기=연간', '조회수=L0(최소)'})","frozenset({'형식=CSV', '국가중점=N', '유형=FILE'})",0.06675495031438015,0.6867564101227281,0.06339739111393804,0.9497032177444548,1.3828822035672534,1.0,0.017553001078113237,6.227905162715189,0.2966772864637207,0.09186510334824126,0.8394323654787272,0.5210087252671136,조회수=L0(최소) AND 주기=연간 AND 표준=N,국가중점=N AND 유형=FILE AND 형식=CSV,BI,0.0832615484939504,1280,[]
"frozenset({'주기=연간', '조회수=L0(최소)'})","frozenset({'형식=CSV', '국가중점=N'})",0.06675495031438015,0.6867564101227281,0.06339739111393804,0.9497032177444548,1.3828822035672534,1.0,0.017553001078113237,6.227905162715189,0.2966772864637207,0.09186510334824126,0.8394323654787272,0.5210087252671136,조회수=L0(최소) AND 주기=연간,국가중점=N AND 형식=CSV,BI,0.0832615484939504,1280,[]
"frozenset({'주기=연간', '조회수=L0(최소)'})","frozenset({'형식=CSV', '국가중점=N', '유형=FILE'})",0.06675495031438015,0.6867564101227281,0.06339739111393804,0.9497032177444548,1.3828822035672534,1.0,0.017553001078113237,6.227905162715189,0.2966772864637207,0.09186510334824126,0.8394323654787272,0.5210087252671136,조회수=L0(최소) AND 주기=연간,국가중점=N AND 유형=FILE AND 형식=CSV,BI,0.0832615484939504,1280,[]
"frozenset({'도메인=산업고용', '유형=FILE'})",frozenset({'표준=N'}),0.08291711416744002,0.9968718392542465,0.08291711416744002,1.0,1.0031379768417308,1.0,0.0002593780616897412,inf,0.0034109902104579926,0.08317730615148061,1.0,0.5415886530757403,도메인=산업고용 AND 유형=FILE,표준=N,BR,0.0831773061514806,1285,['산업고용']
"frozenset({'조회수=L1(하)', '형식=CSV', '표준=N', '주기=수시'})","frozenset({'국가중점=N', '유형=FILE'})",0.07121779297832184,0.8547803509796357,0.07114480256092093,0.9989751098096633,1.1686921776626835,1.0,0.010269232482915953,141.6928861155921,0.1554107014003482,0.08322457094763548,0.9929424826650493,0.5411033936869142,조회수=L1(하) AND 주기=수시 AND 표준=N AND 형식=CSV,국가중점=N AND 유형=FILE,BR,0.08306115833098954,1287,[]
"frozenset({'조회수=L1(하)', '형식=CSV', '주기=수시'})","frozenset({'국가중점=N', '유형=FILE'})",0.07121779297832184,0.8547803509796357,0.07114480256092093,0.9989751098096633,1.1686921776626835,1.0,0.010269232482915953,141.6928861155921,0.1554107014003482,0.08322457094763548,0.9929424826650493,0.5411033936869142,조회수=L1(하) AND 주기=수시 AND 형식=CSV,국가중점=N AND 유형=FILE,BR,0.08306115833098954,1287,[]
"frozenset({'조회수=L1(하)', '형식=CSV', '주기=수시'})","frozenset({'국가중점=N', '표준=N', '유형=FILE'})",0.07121779297832184,0.8547803509796357,0.07114480256092093,0.9989751098096633,1.1686921776626835,1.0,0.010269232482915953,141.6928861155921,0.1554107014003482,0.08322457094763548,0.9929424826650493,0.5411033936869142,조회수=L1(하) AND 주기=수시 AND 형식=CSV,국가중점=N AND 유형=FILE AND 표준=N,BR,0.08306115833098954,1287,[]
"frozenset({'형식=CSV', '주기=연간', '조회수=L2(중)'})","frozenset({'국가중점=N', '유형=FILE'})",0.07104053053606248,0.8547803509796357,0.07100924892860494,0.9995596653456627,1.1693760440329497,1.0,0.010285199303209931,329.79382292520813,0.15591971292703563,0.08307005452615913,0.9969678025163413,0.5413163799549627,조회수=L2(중) AND 주기=연간 AND 형식=CSV,국가중점=N AND 유형=FILE,BR,0.08299995074692842,1290,[]
"frozenset({'형식=CSV', '주기=연간', '조회수=L2(중)'})","frozenset({'국가중점=N', '표준=N', '유형=FILE'})",0.07104053053606248,0.8547803509796357,0.07100924892860494,0.9995596653456627,1.1693760440329497,1.0,0.010285199303209931,329.79382292520813,0.15591971292703563,0.08307005452615913,0.9969678025163413,0.5413163799549627,조회수=L2(중) AND 주기=연간 AND 형식=CSV,국가중점=N AND 유형=FILE AND 표준=N,BR,0.08299995074692842,1290,[]
"frozenset({'형식=CSV', '표준=N', '주기=연간', '조회수=L2(중)'})","frozenset({'국가중점=N', '유형=FILE'})",0.07104053053606248,0.8547803509796357,0.07100924892860494,0.9995596653456627,1.1693760440329497,1.0,0.010285199303209931,329.79382292520813,0.15591971292703563,0.08307005452615913,0.9969678025163413,0.5413163799549627,조회수=L2(중) AND 주기=연간 AND 표준=N AND 형식=CSV,국가중점=N AND 유형=FILE,BR,0.08299995074692842,1290,[]
"frozenset({'도메인=산업고용', '유형=FILE', '국가중점=N'})",frozenset({'표준=N'}),0.08220806439840256,0.9968718392542465,0.08220806439840256,1.0,1.0031379768417308,1.0,0.00025716004003545345,inf,0.003408355014258192,0.08246603140068827,1.0,0.5412330157003441,국가중점=N AND 도메인=산업고용 AND 유형=FILE,표준=N,BR,0.08246603140068826,1292,['산업고용']
"frozenset({'다운로드=L1(하)', '표준=N', '주기=수시', '형식=CSV'})",frozenset({'유형=FILE'}),0.0717391531026141,0.8711614860848983,0.0717391531026141,1.0,1.1478928028534836,1.0,0.00924276587526876,inf,0.1387955921503432,0.08234885752929488,1.0,0.5411744287646474,다운로드=L1(하) AND 주기=수시 AND 표준=N AND 형식=CSV,유형=FILE,BR,0.08234885752929488,1294,[]
"frozenset({'다운로드=L1(하)', '주기=수시', '형식=CSV'})","frozenset({'표준=N', '유형=FILE'})",0.0717391531026141,0.8711614860848983,0.0717391531026141,1.0,1.1478928028534836,1.0,0.00924276587526876,inf,0.1387955921503432,0.08234885752929488,1.0,0.5411744287646474,다운로드=L1(하) AND 주기=수시 AND 형식=CSV,유형=FILE AND 표준=N,BR,0.08234885752929488,1294,[]
"frozenset({'주기=수시', '형식=CSV', '다운로드=L1(하)'})",frozenset({'유형=FILE'}),0.0717391531026141,0.8711614860848983,0.0717391531026141,1.0,1.1478928028534836,1.0,0.00924276587526876,inf,0.1387955921503432,0.08234885752929488,1.0,0.5411744287646474,다운로드=L1(하) AND 주기=수시 AND 형식=CSV,유형=FILE,BR,0.08234885752929488,1294,[]
"frozenset({'형식=CSV', '주기=수시', '다운로드=L2(중)'})",frozenset({'유형=FILE'}),0.07172872590012826,0.8711614860848983,0.07172872590012826,1.0,1.1478928028534836,1.0,0.009241422449996192,inf,0.13879403306973404,0.08233688821860749,1.0,0.5411684441093038,다운로드=L2(중) AND 주기=수시 AND 형식=CSV,유형=FILE,BR,0.08233688821860749,1297,[]
"frozenset({'형식=CSV', '표준=N', '주기=수시', '다운로드=L2(중)'})",frozenset({'유형=FILE'}),0.07172872590012826,0.8711614860848983,0.07172872590012826,1.0,1.1478928028534836,1.0,0.009241422449996192,inf,0.13879403306973404,0.08233688821860749,1.0,0.5411684441093038,다운로드=L2(중) AND 주기=수시 AND 표준=N AND 형식=CSV,유형=FILE,BR,0.08233688821860749,1297,[]
"frozenset({'형식=CSV', '주기=수시', '다운로드=L2(중)'})","frozenset({'표준=N', '유형=FILE'})",0.07172872590012826,0.8711614860848983,0.07172872590012826,1.0,1.1478928028534836,1.0,0.009241422449996192,inf,0.13879403306973404,0.08233688821860749,1.0,0.5411684441093038,다운로드=L2(중) AND 주기=수시 AND 형식=CSV,유형=FILE AND 표준=N,BR,0.08233688821860749,1297,[]
"frozenset({'조회수=L1(하)', '주기=연간', '유형=FILE'})","frozenset({'형식=CSV', '국가중점=N', '표준=N'})",0.06868398277426149,0.6867564101227281,0.06428370332523488,0.9359344162744802,1.3628331712363955,1.0,0.017114537882251757,4.889420678961122,0.28586910152193173,0.09300887091907552,0.7954767925159439,0.5147696131659365,유형=FILE AND 조회수=L1(하) AND 주기=연간,국가중점=N AND 표준=N AND 형식=CSV,BI,0.0819953079561944,1303,[]
"frozenset({'조회수=L1(하)', '표준=N', '주기=연간'})","frozenset({'형식=CSV', '국가중점=N', '유형=FILE'})",0.06868398277426149,0.6867564101227281,0.06428370332523488,0.9359344162744802,1.3628331712363955,1.0,0.017114537882251757,4.889420678961122,0.28586910152193173,0.09300887091907552,0.7954767925159439,0.5147696131659365,조회수=L1(하) AND 주기=연간 AND 표준=N,국가중점=N AND 유형=FILE AND 형식=CSV,BI,0.0819953079561944,1303,[]
"frozenset({'조회수=L1(하)', '표준=N', '주기=연간', '유형=FILE'})","frozenset({'형식=CSV', '국가중점=N'})",0.06868398277426149,0.6867564101227281,0.06428370332523488,0.9359344162744802,1.3628331712363955,1.0,0.017114537882251757,4.889420678961122,0.28586910152193173,0.09300887091907552,0.7954767925159439,0.5147696131659365,유형=FILE AND 조회수=L1(하) AND 주기=연간 AND 표준=N,국가중점=N AND 형식=CSV,BI,0.0819953079561944,1303,[]
"frozenset({'조회수=L1(하)', '주기=연간'})","frozenset({'형식=CSV', '국가중점=N', '표준=N'})",0.06868398277426149,0.6867564101227281,0.06428370332523488,0.9359344162744802,1.3628331712363955,1.0,0.017114537882251757,4.889420678961122,0.28586910152193173,0.09300887091907552,0.7954767925159439,0.5147696131659365,조회수=L1(하) AND 주기=연간,국가중점=N AND 표준=N AND 형식=CSV,BI,0.0819953079561944,1303,[]
"frozenset({'조회수=L1(하)', '주기=연간', '유형=FILE'})","frozenset({'형식=CSV', '국가중점=N'})",0.06868398277426149,0.6867564101227281,0.06428370332523488,0.9359344162744802,1.3628331712363955,1.0,0.017114537882251757,4.889420678961122,0.28586910152193173,0.09300887091907552,0.7954767925159439,0.5147696131659365,유형=FILE AND 조회수=L1(하) AND 주기=연간,국가중점=N AND 형식=CSV,BI,0.0819953079561944,1303,[]
"frozenset({'조회수=L1(하)', '표준=N', '주기=연간'})","frozenset({'형식=CSV', '국가중점=N'})",0.06868398277426149,0.6867564101227281,0.06428370332523488,0.9359344162744802,1.3628331712363955,1.0,0.017114537882251757,4.889420678961122,0.28586910152193173,0.09300887091907552,0.7954767925159439,0.5147696131659365,조회수=L1(하) AND 주기=연간 AND 표준=N,국가중점=N AND 형식=CSV,BI,0.0819953079561944,1303,[]
"frozenset({'조회수=L1(하)', '주기=연간'})","frozenset({'형식=CSV', '국가중점=N', '유형=FILE'})",0.06868398277426149,0.6867564101227281,0.06428370332523488,0.9359344162744802,1.3628331712363955,1.0,0.017114537882251757,4.889420678961122,0.28586910152193173,0.09300887091907552,0.7954767925159439,0.5147696131659365,조회수=L1(하) AND 주기=연간,국가중점=N AND 유형=FILE AND 형식=CSV,BI,0.0819953079561944,1303,[]
"frozenset({'조회수=L1(하)', '주기=연간'})","frozenset({'형식=CSV', '국가중점=N'})",0.06868398277426149,0.6867564101227281,0.06428370332523488,0.9359344162744802,1.3628331712363955,1.0,0.017114537882251757,4.889420678961122,0.28586910152193173,0.09300887091907552,0.7954767925159439,0.5147696131659365,조회수=L1(하) AND 주기=연간,국가중점=N AND 형식=CSV,BI,0.0819953079561944,1303,[]
"frozenset({'조회수=L1(하)', '주기=연간'})","frozenset({'형식=CSV', '국가중점=N', '표준=N', '유형=FILE'})",0.06868398277426149,0.6867564101227281,0.06428370332523488,0.9359344162744802,1.3628331712363955,1.0,0.017114537882251757,4.889420678961122,0.28586910152193173,0.09300887091907552,0.7954767925159439,0.5147696131659365,조회수=L1(하) AND 주기=연간,국가중점=N AND 유형=FILE AND 표준=N AND 형식=CSV,BI,0.0819953079561944,1303,[]
"frozenset({'다운로드=L3(상)', '국가중점=N', '표준=N', '주기=수시'})",frozenset({'유형=FILE'}),0.07138462821809537,0.8711614860848983,0.07138462821809537,1.0,1.1478928028534836,1.0,0.00919708941600144,inf,0.13874260305197791,0.08194190096592337,1.0,0.5409709504829617,국가중점=N AND 다운로드=L3(상) AND 주기=수시 AND 표준=N,유형=FILE,BR,0.08194190096592337,1309,[]
"frozenset({'다운로드=L3(상)', '국가중점=N', '주기=수시'})","frozenset({'표준=N', '유형=FILE'})",0.07138462821809537,0.8711614860848983,0.07138462821809537,1.0,1.1478928028534836,1.0,0.00919708941600144,inf,0.13874260305197791,0.08194190096592337,1.0,0.5409709504829617,국가중점=N AND 다운로드=L3(상) AND 주기=수시,유형=FILE AND 표준=N,BR,0.08194190096592337,1309,[]
"frozenset({'다운로드=L3(상)', '국가중점=N', '주기=수시'})",frozenset({'유형=FILE'}),0.07138462821809537,0.8711614860848983,0.07138462821809537,1.0,1.1478928028534836,1.0,0.00919708941600144,inf,0.13874260305197791,0.08194190096592337,1.0,0.5409709504829617,국가중점=N AND 다운로드=L3(상) AND 주기=수시,유형=FILE,BR,0.08194190096592337,1309,[]
"frozenset({'표준=N', '주기=연간', '조회수=L0(최소)'})",frozenset({'형식=CSV'}),0.06675495031438015,0.6992794803082281,0.06340781831642389,0.949859418931584,1.3583401854047046,1.0,0.01672745135258255,5.997547560955539,0.2826775183771612,0.09024397483082038,0.8332651821704473,0.5202676752591505,조회수=L0(최소) AND 주기=연간 AND 표준=N,형식=CSV,BI,0.0818108101422939,1315,[]
"frozenset({'표준=N', '주기=연간', '유형=FILE', '조회수=L0(최소)'})",frozenset({'형식=CSV'}),0.06675495031438015,0.6992794803082281,0.06340781831642389,0.949859418931584,1.3583401854047046,1.0,0.01672745135258255,5.997547560955539,0.2826775183771612,0.09024397483082038,0.8332651821704473,0.5202676752591505,유형=FILE AND 조회수=L0(최소) AND 주기=연간 AND 표준=N,형식=CSV,BI,0.0818108101422939,1315,[]
"frozenset({'주기=연간', '유형=FILE', '조회수=L0(최소)'})","frozenset({'형식=CSV', '표준=N'})",0.06675495031438015,0.6992794803082281,0.06340781831642389,0.949859418931584,1.3583401854047046,1.0,0.01672745135258255,5.997547560955539,0.2826775183771612,0.09024397483082038,0.8332651821704473,0.5202676752591505,유형=FILE AND 조회수=L0(최소) AND 주기=연간,표준=N AND 형식=CSV,BI,0.0818108101422939,1315,[]
"frozenset({'주기=연간', '조회수=L0(최소)'})","frozenset({'형식=CSV', '표준=N', '유형=FILE'})",0.06675495031438015,0.6992794803082281,0.06340781831642389,0.949859418931584,1.3583401854047046,1.0,0.01672745135258255,5.997547560955539,0.2826775183771612,0.09024397483082038,0.8332651821704473,0.5202676752591505,조회수=L0(최소) AND 주기=연간,유형=FILE AND 표준=N AND 형식=CSV,BI,0.0818108101422939,1315,[]
"frozenset({'주기=연간', '유형=FILE', '조회수=L0(최소)'})",frozenset({'형식=CSV'}),0.06675495031438015,0.6992794803082281,0.06340781831642389,0.949859418931584,1.3583401854047046,1.0,0.01672745135258255,5.997547560955539,0.2826775183771612,0.09024397483082038,0.8332651821704473,0.5202676752591505,유형=FILE AND 조회수=L0(최소) AND 주기=연간,형식=CSV,BI,0.0818108101422939,1315,[]
"frozenset({'주기=연간', '조회수=L0(최소)'})","frozenset({'형식=CSV', '유형=FILE'})",0.06675495031438015,0.6992794803082281,0.06340781831642389,0.949859418931584,1.3583401854047046,1.0,0.01672745135258255,5.997547560955539,0.2826775183771612,0.09024397483082038,0.8332651821704473,0.5202676752591505,조회수=L0(최소) AND 주기=연간,유형=FILE AND 형식=CSV,BI,0.0818108101422939,1315,[]
"frozenset({'주기=연간', '조회수=L0(최소)'})","frozenset({'형식=CSV', '표준=N'})",0.06675495031438015,0.6992794803082281,0.06340781831642389,0.949859418931584,1.3583401854047046,1.0,0.01672745135258255,5.997547560955539,0.2826775183771612,0.09024397483082038,0.8332651821704473,0.5202676752591505,조회수=L0(최소) AND 주기=연간,표준=N AND 형식=CSV,BI,0.0818108101422939,1315,[]
"frozenset({'표준=N', '주기=연간', '조회수=L0(최소)'})","frozenset({'형식=CSV', '유형=FILE'})",0.06675495031438015,0.6992794803082281,0.06340781831642389,0.949859418931584,1.3583401854047046,1.0,0.01672745135258255,5.997547560955539,0.2826775183771612,0.09024397483082038,0.8332651821704473,0.5202676752591505,조회수=L0(최소) AND 주기=연간 AND 표준=N,유형=FILE AND 형식=CSV,BI,0.0818108101422939,1315,[]
"frozenset({'주기=연간', '조회수=L0(최소)'})",frozenset({'형식=CSV'}),0.06675495031438015,0.6992794803082281,0.06340781831642389,0.949859418931584,1.3583401854047046,1.0,0.01672745135258255,5.997547560955539,0.2826775183771612,0.09024397483082038,0.8332651821704473,0.5202676752591505,조회수=L0(최소) AND 주기=연간,형식=CSV,BI,0.0818108101422939,1315,[]
"frozenset({'국가중점=N', '주기=연간', '조회수=L0(최소)'})","frozenset({'형식=CSV', '표준=N'})",0.06674452311189431,0.6992794803082281,0.06339739111393804,0.9498515856897358,1.3583289835289614,1.0,0.016724315678832063,5.996610736906623,0.2826678545995443,0.09022913451264396,0.8332391339251989,0.5202563029622203,국가중점=N AND 조회수=L0(최소) AND 주기=연간,표준=N AND 형식=CSV,BI,0.08179600751250045,1324,[]
"frozenset({'국가중점=N', '표준=N', '주기=연간', '조회수=L0(최소)'})",frozenset({'형식=CSV'}),0.06674452311189431,0.6992794803082281,0.06339739111393804,0.9498515856897358,1.3583289835289614,1.0,0.016724315678832063,5.996610736906623,0.2826678545995443,0.09022913451264396,0.8332391339251989,0.5202563029622203,국가중점=N AND 조회수=L0(최소) AND 주기=연간 AND 표준=N,형식=CSV,BI,0.08179600751250045,1324,[]
"frozenset({'국가중점=N', '표준=N', '주기=연간', '조회수=L0(최소)'})","frozenset({'형식=CSV', '유형=FILE'})",0.06674452311189431,0.6992794803082281,0.06339739111393804,0.9498515856897358,1.3583289835289614,1.0,0.016724315678832063,5.996610736906623,0.2826678545995443,0.09022913451264396,0.8332391339251989,0.5202563029622203,국가중점=N AND 조회수=L0(최소) AND 주기=연간 AND 표준=N,유형=FILE AND 형식=CSV,BI,0.08179600751250045,1324,[]
"frozenset({'국가중점=N', '주기=연간', '조회수=L0(최소)'})",frozenset({'형식=CSV'}),0.06674452311189431,0.6992794803082281,0.06339739111393804,0.9498515856897358,1.3583289835289614,1.0,0.016724315678832063,5.996610736906623,0.2826678545995443,0.09022913451264396,0.8332391339251989,0.5202563029622203,국가중점=N AND 조회수=L0(최소) AND 주기=연간,형식=CSV,BI,0.08179600751250045,1324,[]
"frozenset({'국가중점=N', '주기=연간', '유형=FILE', '조회수=L0(최소)'})","frozenset({'형식=CSV', '표준=N'})",0.06674452311189431,0.6992794803082281,0.06339739111393804,0.9498515856897358,1.3583289835289614,1.0,0.016724315678832063,5.996610736906623,0.2826678545995443,0.09022913451264396,0.8332391339251989,0.5202563029622203,국가중점=N AND 유형=FILE AND 조회수=L0(최소) AND 주기=연간,표준=N AND 형식=CSV,BI,0.08179600751250045,1324,[]
"frozenset({'국가중점=N', '주기=연간', '조회수=L0(최소)'})","frozenset({'형식=CSV', '표준=N', '유형=FILE'})",0.06674452311189431,0.6992794803082281,0.06339739111393804,0.9498515856897358,1.3583289835289614,1.0,0.016724315678832063,5.996610736906623,0.2826678545995443,0.09022913451264396,0.8332391339251989,0.5202563029622203,국가중점=N AND 조회수=L0(최소) AND 주기=연간,유형=FILE AND 표준=N AND 형식=CSV,BI,0.08179600751250045,1324,[]
"frozenset({'국가중점=N', '주기=연간', '조회수=L0(최소)', '표준=N', '유형=FILE'})",frozenset({'형식=CSV'}),0.06674452311189431,0.6992794803082281,0.06339739111393804,0.9498515856897358,1.3583289835289614,1.0,0.016724315678832063,5.996610736906623,0.2826678545995443,0.09022913451264396,0.8332391339251989,0.5202563029622203,국가중점=N AND 유형=FILE AND 조회수=L0(최소) AND 주기=연간 AND 표준=N,형식=CSV,BI,0.08179600751250045,1324,[]
"frozenset({'국가중점=N', '주기=연간', '유형=FILE', '조회수=L0(최소)'})",frozenset({'형식=CSV'}),0.06674452311189431,0.6992794803082281,0.06339739111393804,0.9498515856897358,1.3583289835289614,1.0,0.016724315678832063,5.996610736906623,0.2826678545995443,0.09022913451264396,0.8332391339251989,0.5202563029622203,국가중점=N AND 유형=FILE AND 조회수=L0(최소) AND 주기=연간,형식=CSV,BI,0.08179600751250045,1324,[]
"frozenset({'국가중점=N', '주기=연간', '조회수=L0(최소)'})","frozenset({'형식=CSV', '유형=FILE'})",0.06674452311189431,0.6992794803082281,0.06339739111393804,0.9498515856897358,1.3583289835289614,1.0,0.016724315678832063,5.996610736906623,0.2826678545995443,0.09022913451264396,0.8332391339251989,0.5202563029622203,국가중점=N AND 조회수=L0(최소) AND 주기=연간,유형=FILE AND 형식=CSV,BI,0.08179600751250045,1324,[]
"frozenset({'조회수=L1(하)', '형식=CSV', '표준=N', '주기=수시'})",frozenset({'유형=FILE'}),0.07121779297832184,0.8711614860848983,0.07121779297832184,1.0,1.1478928028534836,1.0,0.009175594611640352,inf,0.13871768100322207,0.08175039199492501,1.0,0.5408751959974625,조회수=L1(하) AND 주기=수시 AND 표준=N AND 형식=CSV,유형=FILE,BR,0.08175039199492501,1330,[]
"frozenset({'조회수=L1(하)', '형식=CSV', '주기=수시'})","frozenset({'표준=N', '유형=FILE'})",0.07121779297832184,0.8711614860848983,0.07121779297832184,1.0,1.1478928028534836,1.0,0.009175594611640352,inf,0.13871768100322207,0.08175039199492501,1.0,0.5408751959974625,조회수=L1(하) AND 주기=수시 AND 형식=CSV,유형=FILE AND 표준=N,BR,0.08175039199492501,1330,[]
"frozenset({'조회수=L1(하)', '형식=CSV', '주기=수시'})",frozenset({'유형=FILE'}),0.07121779297832184,0.8711614860848983,0.07121779297832184,1.0,1.1478928028534836,1.0,0.009175594611640352,inf,0.13871768100322207,0.08175039199492501,1.0,0.5408751959974625,조회수=L1(하) AND 주기=수시 AND 형식=CSV,유형=FILE,BR,0.08175039199492501,1330,[]
"frozenset({'조회수=L3(상)', '주기=수시'})","frozenset({'표준=N', '유형=FILE'})",0.07116565696589262,0.8711614860848983,0.07116565696589262,1.0,1.1478928028534836,1.0,0.009168877485277512,inf,0.1387098946990278,0.08169054544148803,1.0,0.540845272720744,조회수=L3(상) AND 주기=수시,유형=FILE AND 표준=N,BR,0.08169054544148803,1333,[]
"frozenset({'조회수=L3(상)', '주기=수시'})",frozenset({'유형=FILE'}),0.07116565696589262,0.8711614860848983,0.07116565696589262,1.0,1.1478928028534836,1.0,0.009168877485277512,inf,0.1387098946990278,0.08169054544148803,1.0,0.540845272720744,조회수=L3(상) AND 주기=수시,유형=FILE,BR,0.08169054544148803,1333,[]
"frozenset({'조회수=L3(상)', '표준=N', '주기=수시'})",frozenset({'유형=FILE'}),0.07116565696589262,0.8711614860848983,0.07116565696589262,1.0,1.1478928028534836,1.0,0.009168877485277512,inf,0.1387098946990278,0.08169054544148803,1.0,0.540845272720744,조회수=L3(상) AND 주기=수시 AND 표준=N,유형=FILE,BR,0.08169054544148803,1333,[]
"frozenset({'조회수=L1(하)', '형식=CSV', '국가중점=N', '주기=수시'})",frozenset({'유형=FILE'}),0.07114480256092093,0.8711614860848983,0.07114480256092093,1.0,1.1478928028534836,1.0,0.009166190634732375,inf,0.1387067804220925,0.08166660682011323,1.0,0.5408333034100566,국가중점=N AND 조회수=L1(하) AND 주기=수시 AND 형식=CSV,유형=FILE,BR,0.08166660682011322,1336,[]
"frozenset({'조회수=L1(하)', '형식=CSV', '국가중점=N', '주기=수시'})","frozenset({'표준=N', '유형=FILE'})",0.07114480256092093,0.8711614860848983,0.07114480256092093,1.0,1.1478928028534836,1.0,0.009166190634732375,inf,0.1387067804220925,0.08166660682011323,1.0,0.5408333034100566,국가중점=N AND 조회수=L1(하) AND 주기=수시 AND 형식=CSV,유형=FILE AND 표준=N,BR,0.08166660682011322,1336,[]
"frozenset({'국가중점=N', '조회수=L1(하)', '형식=CSV', '주기=수시', '표준=N'})",frozenset({'유형=FILE'}),0.07114480256092093,0.8711614860848983,0.07114480256092093,1.0,1.1478928028534836,1.0,0.009166190634732375,inf,0.1387067804220925,0.08166660682011323,1.0,0.5408333034100566,국가중점=N AND 조회수=L1(하) AND 주기=수시 AND 표준=N AND 형식=CSV,유형=FILE,BR,0.08166660682011322,1336,[]
"frozenset({'형식=CSV', '주기=연간', '조회수=L2(중)'})",frozenset({'유형=FILE'}),0.07104053053606248,0.8711614860848983,0.07104053053606248,1.0,1.1478928028534836,1.0,0.009152756382006695,inf,0.1386912111348075,0.08154691371323924,1.0,0.5407734568566196,조회수=L2(중) AND 주기=연간 AND 형식=CSV,유형=FILE,BR,0.08154691371323924,1339,[]
"frozenset({'형식=CSV', '주기=연간', '조회수=L2(중)'})","frozenset({'표준=N', '유형=FILE'})",0.07104053053606248,0.8711614860848983,0.07104053053606248,1.0,1.1478928028534836,1.0,0.009152756382006695,inf,0.1386912111348075,0.08154691371323924,1.0,0.5407734568566196,조회수=L2(중) AND 주기=연간 AND 형식=CSV,유형=FILE AND 표준=N,BR,0.08154691371323924,1339,[]
"frozenset({'형식=CSV', '표준=N', '주기=연간', '조회수=L2(중)'})",frozenset({'유형=FILE'}),0.07104053053606248,0.8711614860848983,0.07104053053606248,1.0,1.1478928028534836,1.0,0.009152756382006695,inf,0.1386912111348075,0.08154691371323924,1.0,0.5407734568566196,조회수=L2(중) AND 주기=연간 AND 표준=N AND 형식=CSV,유형=FILE,BR,0.08154691371323924,1339,[]
"frozenset({'형식=CSV', '국가중점=N', '주기=연간', '조회수=L2(중)'})","frozenset({'표준=N', '유형=FILE'})",0.07100924892860494,0.8711614860848983,0.07100924892860494,1.0,1.1478928028534836,1.0,0.009148726106188991,inf,0.1386865410301595,0.08151100578117705,1.0,0.5407555028905885,국가중점=N AND 조회수=L2(중) AND 주기=연간 AND 형식=CSV,유형=FILE AND 표준=N,BR,0.08151100578117705,1342,[]
"frozenset({'형식=CSV', '국가중점=N', '주기=연간', '조회수=L2(중)'})",frozenset({'유형=FILE'}),0.07100924892860494,0.8711614860848983,0.07100924892860494,1.0,1.1478928028534836,1.0,0.009148726106188991,inf,0.1386865410301595,0.08151100578117705,1.0,0.5407555028905885,국가중점=N AND 조회수=L2(중) AND 주기=연간 AND 형식=CSV,유형=FILE,BR,0.08151100578117705,1342,[]
"frozenset({'국가중점=N', '형식=CSV', '주기=연간', '조회수=L2(중)', '표준=N'})",frozenset({'유형=FILE'}),0.07100924892860494,0.8711614860848983,0.07100924892860494,1.0,1.1478928028534836,1.0,0.009148726106188991,inf,0.1386865410301595,0.08151100578117705,1.0,0.5407555028905885,국가중점=N AND 조회수=L2(중) AND 주기=연간 AND 표준=N AND 형식=CSV,유형=FILE,BR,0.08151100578117705,1342,[]
"frozenset({'형식=CSV', '다운로드=L3(상)', '조회수=L3(상)'})","frozenset({'국가중점=N', '표준=N'})",0.07939271972722438,0.9578428203497283,0.07887135960293212,0.9934331494615183,1.0371567530242543,1.0,0.002825613024172016,6.419695317143395,0.03891517173191013,0.0822979001196823,0.8442293675013575,0.5378879224337855,다운로드=L3(상) AND 조회수=L3(상) AND 형식=CSV,국가중점=N AND 표준=N,BR,0.08126478196608397,1344,[]
"frozenset({'형식=CSV', '다운로드=L3(상)', '유형=FILE', '조회수=L3(상)'})","frozenset({'국가중점=N', '표준=N'})",0.07939271972722438,0.9578428203497283,0.07887135960293212,0.9934331494615183,1.0371567530242543,1.0,0.002825613024172016,6.419695317143395,0.03891517173191013,0.0822979001196823,0.8442293675013575,0.5378879224337855,다운로드=L3(상) AND 유형=FILE AND 조회수=L3(상) AND 형식=CSV,국가중점=N AND 표준=N,BR,0.08126478196608397,1344,[]
"frozenset({'다운로드=L1(하)', '국가중점=N', '형식=CSV', '주기=수시', '표준=N'})",frozenset({'유형=FILE'}),0.07068600565154375,0.8711614860848983,0.07068600565154375,1.0,1.1478928028534836,1.0,0.009107079922739375,inf,0.13863830169202454,0.08113995714986774,1.0,0.5405699785749338,국가중점=N AND 다운로드=L1(하) AND 주기=수시 AND 표준=N AND 형식=CSV,유형=FILE,BR,0.08113995714986773,1347,[]
"frozenset({'다운로드=L1(하)', '국가중점=N', '주기=수시', '형식=CSV'})",frozenset({'유형=FILE'}),0.07068600565154375,0.8711614860848983,0.07068600565154375,1.0,1.1478928028534836,1.0,0.009107079922739375,inf,0.13863830169202454,0.08113995714986774,1.0,0.5405699785749338,국가중점=N AND 다운로드=L1(하) AND 주기=수시 AND 형식=CSV,유형=FILE,BR,0.08113995714986773,1347,[]
"frozenset({'다운로드=L1(하)', '국가중점=N', '주기=수시', '형식=CSV'})","frozenset({'표준=N', '유형=FILE'})",0.07068600565154375,0.8711614860848983,0.07068600565154375,1.0,1.1478928028534836,1.0,0.009107079922739375,inf,0.13863830169202454,0.08113995714986774,1.0,0.5405699785749338,국가중점=N AND 다운로드=L1(하) AND 주기=수시 AND 형식=CSV,유형=FILE AND 표준=N,BR,0.08113995714986773,1347,[]
"frozenset({'다운로드=L0(최소)', '국가중점=N', '표준=N', '조회수=L0(최소)'})",frozenset({'형식=CSV'}),0.11433427525729122,0.6992794803082281,0.09051854477962108,0.7917008663930689,1.1321665924532827,1.0,0.010566932196284587,1.4436954896761296,0.13180792389656332,0.1251820554602218,0.30733315498247193,0.460573156605866,국가중점=N AND 다운로드=L0(최소) AND 조회수=L0(최소) AND 표준=N,형식=CSV,BI,0.08113514550644112,1349,[]
"frozenset({'다운로드=L0(최소)', '국가중점=N', '표준=N', '조회수=L0(최소)'})","frozenset({'형식=CSV', '유형=FILE'})",0.11433427525729122,0.6992794803082281,0.09051854477962108,0.7917008663930689,1.1321665924532827,1.0,0.010566932196284587,1.4436954896761296,0.13180792389656332,0.1251820554602218,0.30733315498247193,0.460573156605866,국가중점=N AND 다운로드=L0(최소) AND 조회수=L0(최소) AND 표준=N,유형=FILE AND 형식=CSV,BI,0.08113514550644112,1349,[]
"frozenset({'주기=연간', '유형=FILE', '다운로드=L2(중)'})",frozenset({'표준=N'}),0.080831673670271,0.9968718392542465,0.080831673670271,1.0,1.0031379768417308,1.0,0.0002528544685889006,inf,0.0034032512393506647,0.08108532159032665,1.0,0.5405426607951633,다운로드=L2(중) AND 유형=FILE AND 주기=연간,표준=N,BR,0.08108532159032665,1351,[]
"frozenset({'주기=연간', '다운로드=L2(중)'})",frozenset({'표준=N'}),0.080831673670271,0.9968718392542465,0.080831673670271,1.0,1.0031379768417308,1.0,0.0002528544685889006,inf,0.0034032512393506647,0.08108532159032665,1.0,0.5405426607951633,다운로드=L2(중) AND 주기=연간,표준=N,BR,0.08108532159032665,1351,[]
"frozenset({'국가중점=N', '주기=연간', '유형=FILE', '다운로드=L2(중)'})",frozenset({'표준=N'}),0.08074825605038424,0.9968718392542465,0.08074825605038424,1.0,1.0031379768417308,1.0,0.0002525935248648692,inf,0.0034029424108713057,0.08100164220788052,1.0,0.5405008211039403,국가중점=N AND 다운로드=L2(중) AND 유형=FILE AND 주기=연간,표준=N,BR,0.08100164220788049,1353,[]
"frozenset({'국가중점=N', '주기=연간', '다운로드=L2(중)'})",frozenset({'표준=N'}),0.08074825605038424,0.9968718392542465,0.08074825605038424,1.0,1.0031379768417308,1.0,0.0002525935248648692,inf,0.0034029424108713057,0.08100164220788052,1.0,0.5405008211039403,국가중점=N AND 다운로드=L2(중) AND 주기=연간,표준=N,BR,0.08100164220788049,1353,[]
"frozenset({'형식=CSV', '다운로드=L3(상)', '유형=FILE', '조회수=L3(상)'})",frozenset({'국가중점=N'}),0.07939271972722438,0.9609709810954818,0.07887135960293212,0.9934331494615183,1.0337805917188367,1.0,0.0025772598348226955,5.94333899878005,0.03549477873010181,0.08203014857390738,0.8317444116505447,0.537753901119648,다운로드=L3(상) AND 유형=FILE AND 조회수=L3(상) AND 형식=CSV,국가중점=N,BR,0.08100024817062146,1356,[]
"frozenset({'형식=CSV', '다운로드=L3(상)', '표준=N', '조회수=L3(상)'})",frozenset({'국가중점=N'}),0.07939271972722438,0.9609709810954818,0.07887135960293212,0.9934331494615183,1.0337805917188367,1.0,0.0025772598348226955,5.94333899878005,0.03549477873010181,0.08203014857390738,0.8317444116505447,0.537753901119648,다운로드=L3(상) AND 조회수=L3(상) AND 표준=N AND 형식=CSV,국가중점=N,BR,0.08100024817062146,1356,[]
"frozenset({'다운로드=L3(상)', '형식=CSV', '조회수=L3(상)', '표준=N', '유형=FILE'})",frozenset({'국가중점=N'}),0.07939271972722438,0.9609709810954818,0.07887135960293212,0.9934331494615183,1.0337805917188367,1.0,0.0025772598348226955,5.94333899878005,0.03549477873010181,0.08203014857390738,0.8317444116505447,0.537753901119648,다운로드=L3(상) AND 유형=FILE AND 조회수=L3(상) AND 표준=N AND 형식=CSV,국가중점=N,BR,0.08100024817062146,1356,[]
"frozenset({'형식=CSV', '다운로드=L3(상)', '조회수=L3(상)'})",frozenset({'국가중점=N'}),0.07939271972722438,0.9609709810954818,0.07887135960293212,0.9934331494615183,1.0337805917188367,1.0,0.0025772598348226955,5.94333899878005,0.03549477873010181,0.08203014857390738,0.8317444116505447,0.537753901119648,다운로드=L3(상) AND 조회수=L3(상) AND 형식=CSV,국가중점=N,BR,0.08100024817062146,1356,[]
"frozenset({'형식=CSV', '도메인=산업고용', '표준=N'})",frozenset({'유형=FILE'}),0.07055045201922776,0.8711614860848983,0.07055045201922776,1.0,1.1478928028534836,1.0,0.00908961539419599,inf,0.13861808227784195,0.08098435611093156,1.0,0.5404921780554658,도메인=산업고용 AND 표준=N AND 형식=CSV,유형=FILE,BR,0.08098435611093156,1360,['산업고용']
"frozenset({'형식=CSV', '도메인=산업고용'})","frozenset({'표준=N', '유형=FILE'})",0.07055045201922776,0.8711614860848983,0.07055045201922776,1.0,1.1478928028534836,1.0,0.00908961539419599,inf,0.13861808227784195,0.08098435611093156,1.0,0.5404921780554658,도메인=산업고용 AND 형식=CSV,유형=FILE AND 표준=N,BR,0.08098435611093156,1360,['산업고용']
"frozenset({'형식=CSV', '도메인=산업고용'})",frozenset({'유형=FILE'}),0.07055045201922776,0.8711614860848983,0.07055045201922776,1.0,1.1478928028534836,1.0,0.00908961539419599,inf,0.13861808227784195,0.08098435611093156,1.0,0.5404921780554658,도메인=산업고용 AND 형식=CSV,유형=FILE,BR,0.08098435611093156,1360,['산업고용']
"frozenset({'다운로드=L0(최소)', '국가중점=N', '조회수=L0(최소)'})",frozenset({'형식=CSV'}),0.11451153769955058,0.6992794803082281,0.09051854477962108,0.7904753232562376,1.130414012588804,1.0,0.010442976207783283,1.4352510852911957,0.13028782026582814,0.12515137535320917,0.30325779910689865,0.45996038503745035,국가중점=N AND 다운로드=L0(최소) AND 조회수=L0(최소),형식=CSV,BI,0.08088414752685535,1363,[]
"frozenset({'다운로드=L0(최소)', '국가중점=N', '조회수=L0(최소)'})","frozenset({'형식=CSV', '표준=N', '유형=FILE'})",0.11451153769955058,0.6992794803082281,0.09051854477962108,0.7904753232562376,1.130414012588804,1.0,0.010442976207783283,1.4352510852911957,0.13028782026582814,0.12515137535320917,0.30325779910689865,0.45996038503745035,국가중점=N AND 다운로드=L0(최소) AND 조회수=L0(최소),유형=FILE AND 표준=N AND 형식=CSV,BI,0.08088414752685535,1363,[]
"frozenset({'다운로드=L0(최소)', '국가중점=N', '조회수=L0(최소)'})","frozenset({'형식=CSV', '표준=N'})",0.11451153769955058,0.6992794803082281,0.09051854477962108,0.7904753232562376,1.130414012588804,1.0,0.010442976207783283,1.4352510852911957,0.13028782026582814,0.12515137535320917,0.30325779910689865,0.45996038503745035,국가중점=N AND 다운로드=L0(최소) AND 조회수=L0(최소),표준=N AND 형식=CSV,BI,0.08088414752685535,1363,[]
"frozenset({'다운로드=L0(최소)', '국가중점=N', '조회수=L0(최소)'})","frozenset({'형식=CSV', '유형=FILE'})",0.11451153769955058,0.6992794803082281,0.09051854477962108,0.7904753232562376,1.130414012588804,1.0,0.010442976207783283,1.4352510852911957,0.13028782026582814,0.12515137535320917,0.30325779910689865,0.45996038503745035,국가중점=N AND 다운로드=L0(최소) AND 조회수=L0(최소),유형=FILE AND 형식=CSV,BI,0.08088414752685535,1363,[]
"frozenset({'다운로드=L4(최대)', '주기=수시'})","frozenset({'국가중점=N', '유형=FILE'})",0.07783906655683347,0.8547803509796357,0.07477346902599502,0.9606162089752177,1.1238164376079622,1.0,0.008238164394617692,3.687294829717757,0.11947477043346173,0.08716421538835542,0.7287984698320029,0.5240465157299237,다운로드=L4(최대) AND 주기=수시,국가중점=N AND 유형=FILE,BR,0.08072216850399125,1367,[]
"frozenset({'다운로드=L4(최대)', '주기=수시'})","frozenset({'국가중점=N', '표준=N', '유형=FILE'})",0.07783906655683347,0.8547803509796357,0.07477346902599502,0.9606162089752177,1.1238164376079622,1.0,0.008238164394617692,3.687294829717757,0.11947477043346173,0.08716421538835542,0.7287984698320029,0.5240465157299237,다운로드=L4(최대) AND 주기=수시,국가중점=N AND 유형=FILE AND 표준=N,BR,0.08072216850399125,1367,[]
"frozenset({'표준=N', '다운로드=L4(최대)', '주기=수시'})","frozenset({'국가중점=N', '유형=FILE'})",0.07783906655683347,0.8547803509796357,0.07477346902599502,0.9606162089752177,1.1238164376079622,1.0,0.008238164394617692,3.687294829717757,0.11947477043346173,0.08716421538835542,0.7287984698320029,0.5240465157299237,다운로드=L4(최대) AND 주기=수시 AND 표준=N,국가중점=N AND 유형=FILE,BR,0.08072216850399125,1367,[]
"frozenset({'형식=CSV', '도메인=산업고용'})","frozenset({'국가중점=N', '유형=FILE'})",0.07055045201922776,0.8547803509796357,0.0700290918949355,0.9926101093703813,1.1612458197392856,1.0,0.009723951756168053,19.65112290543565,0.14939583167221832,0.08187647818984224,0.9491123227506051,0.5372682634292133,도메인=산업고용 AND 형식=CSV,국가중점=N AND 유형=FILE,BR,0.0807200369994909,1370,['산업고용']
"frozenset({'형식=CSV', '도메인=산업고용'})","frozenset({'국가중점=N', '표준=N', '유형=FILE'})",0.07055045201922776,0.8547803509796357,0.0700290918949355,0.9926101093703813,1.1612458197392856,1.0,0.009723951756168053,19.65112290543565,0.14939583167221832,0.08187647818984224,0.9491123227506051,0.5372682634292133,도메인=산업고용 AND 형식=CSV,국가중점=N AND 유형=FILE AND 표준=N,BR,0.0807200369994909,1370,['산업고용']
"frozenset({'형식=CSV', '도메인=산업고용', '표준=N'})","frozenset({'국가중점=N', '유형=FILE'})",0.07055045201922776,0.8547803509796357,0.0700290918949355,0.9926101093703813,1.1612458197392856,1.0,0.009723951756168053,19.65112290543565,0.14939583167221832,0.08187647818984224,0.9491123227506051,0.5372682634292133,도메인=산업고용 AND 표준=N AND 형식=CSV,국가중점=N AND 유형=FILE,BR,0.0807200369994909,1370,['산업고용']
"frozenset({'형식=CSV', '국가중점=N', '주기=수시', '다운로드=L2(중)'})",frozenset({'유형=FILE'}),0.07022720874216656,0.8711614860848983,0.07022720874216656,1.0,1.1478928028534836,1.0,0.009047969210746382,inf,0.13856989054369284,0.08061330747962224,1.0,0.5403066537398111,국가중점=N AND 다운로드=L2(중) AND 주기=수시 AND 형식=CSV,유형=FILE,BR,0.08061330747962224,1373,[]
"frozenset({'국가중점=N', '형식=CSV', '주기=수시', '다운로드=L2(중)', '표준=N'})",frozenset({'유형=FILE'}),0.07022720874216656,0.8711614860848983,0.07022720874216656,1.0,1.1478928028534836,1.0,0.009047969210746382,inf,0.13856989054369284,0.08061330747962224,1.0,0.5403066537398111,국가중점=N AND 다운로드=L2(중) AND 주기=수시 AND 표준=N AND 형식=CSV,유형=FILE,BR,0.08061330747962224,1373,[]
"frozenset({'형식=CSV', '국가중점=N', '주기=수시', '다운로드=L2(중)'})","frozenset({'표준=N', '유형=FILE'})",0.07022720874216656,0.8711614860848983,0.07022720874216656,1.0,1.1478928028534836,1.0,0.009047969210746382,inf,0.13856989054369284,0.08061330747962224,1.0,0.5403066537398111,국가중점=N AND 다운로드=L2(중) AND 주기=수시 AND 형식=CSV,유형=FILE AND 표준=N,BR,0.08061330747962224,1373,[]
"frozenset({'조회수=L4(최대)', '국가중점=N', '주기=연간'})","frozenset({'형식=CSV', '표준=N', '유형=FILE'})",0.07765137691208826,0.6992794803082281,0.06976841183278938,0.8984826104471599,1.2848691199277393,1.0,0.01546839734048596,2.962256230350034,0.2403761519616824,0.09865966764476032,0.6624194795323849,0.499127233380686,국가중점=N AND 조회수=L4(최대) AND 주기=연간,유형=FILE AND 표준=N AND 형식=CSV,BI,0.08054292634593345,1379,[]
"frozenset({'국가중점=N', '주기=연간', '조회수=L4(최대)', '표준=N', '유형=FILE'})",frozenset({'형식=CSV'}),0.07765137691208826,0.6992794803082281,0.06976841183278938,0.8984826104471599,1.2848691199277393,1.0,0.01546839734048596,2.962256230350034,0.2403761519616824,0.09865966764476032,0.6624194795323849,0.499127233380686,국가중점=N AND 유형=FILE AND 조회수=L4(최대) AND 주기=연간 AND 표준=N,형식=CSV,BI,0.08054292634593345,1379,[]
"frozenset({'조회수=L4(최대)', '국가중점=N', '주기=연간', '유형=FILE'})","frozenset({'형식=CSV', '표준=N'})",0.07765137691208826,0.6992794803082281,0.06976841183278938,0.8984826104471599,1.2848691199277393,1.0,0.01546839734048596,2.962256230350034,0.2403761519616824,0.09865966764476032,0.6624194795323849,0.499127233380686,국가중점=N AND 유형=FILE AND 조회수=L4(최대) AND 주기=연간,표준=N AND 형식=CSV,BI,0.08054292634593345,1379,[]
"frozenset({'조회수=L4(최대)', '국가중점=N', '표준=N', '주기=연간'})","frozenset({'형식=CSV', '유형=FILE'})",0.07765137691208826,0.6992794803082281,0.06976841183278938,0.8984826104471599,1.2848691199277393,1.0,0.01546839734048596,2.962256230350034,0.2403761519616824,0.09865966764476032,0.6624194795323849,0.499127233380686,국가중점=N AND 조회수=L4(최대) AND 주기=연간 AND 표준=N,유형=FILE AND 형식=CSV,BI,0.08054292634593345,1379,[]
"frozenset({'조회수=L4(최대)', '국가중점=N', '주기=연간'})",frozenset({'형식=CSV'}),0.07765137691208826,0.6992794803082281,0.06976841183278938,0.8984826104471599,1.2848691199277393,1.0,0.01546839734048596,2.962256230350034,0.2403761519616824,0.09865966764476032,0.6624194795323849,0.499127233380686,국가중점=N AND 조회수=L4(최대) AND 주기=연간,형식=CSV,BI,0.08054292634593345,1379,[]
"frozenset({'조회수=L4(최대)', '국가중점=N', '표준=N', '주기=연간'})",frozenset({'형식=CSV'}),0.07765137691208826,0.6992794803082281,0.06976841183278938,0.8984826104471599,1.2848691199277393,1.0,0.01546839734048596,2.962256230350034,0.2403761519616824,0.09865966764476032,0.6624194795323849,0.499127233380686,국가중점=N AND 조회수=L4(최대) AND 주기=연간 AND 표준=N,형식=CSV,BI,0.08054292634593345,1379,[]
"frozenset({'조회수=L4(최대)', '국가중점=N', '주기=연간', '유형=FILE'})",frozenset({'형식=CSV'}),0.07765137691208826,0.6992794803082281,0.06976841183278938,0.8984826104471599,1.2848691199277393,1.0,0.01546839734048596,2.962256230350034,0.2403761519616824,0.09865966764476032,0.6624194795323849,0.499127233380686,국가중점=N AND 유형=FILE AND 조회수=L4(최대) AND 주기=연간,형식=CSV,BI,0.08054292634593345,1379,[]
"frozenset({'조회수=L4(최대)', '국가중점=N', '주기=연간'})","frozenset({'형식=CSV', '표준=N'})",0.07765137691208826,0.6992794803082281,0.06976841183278938,0.8984826104471599,1.2848691199277393,1.0,0.01546839734048596,2.962256230350034,0.2403761519616824,0.09865966764476032,0.6624194795323849,0.499127233380686,국가중점=N AND 조회수=L4(최대) AND 주기=연간,표준=N AND 형식=CSV,BI,0.08054292634593345,1379,[]
"frozenset({'조회수=L4(최대)', '국가중점=N', '주기=연간'})","frozenset({'형식=CSV', '유형=FILE'})",0.07765137691208826,0.6992794803082281,0.06976841183278938,0.8984826104471599,1.2848691199277393,1.0,0.01546839734048596,2.962256230350034,0.2403761519616824,0.09865966764476032,0.6624194795323849,0.499127233380686,국가중점=N AND 조회수=L4(최대) AND 주기=연간,유형=FILE AND 형식=CSV,BI,0.08054292634593345,1379,[]
"frozenset({'조회수=L4(최대)', '다운로드=L4(최대)', '형식=CSV'})",frozenset({'표준=N'}),0.08027903193852122,0.9968718392542465,0.08027903193852122,1.0,1.0031379768417308,1.0,0.0002511257164171804,inf,0.0034012062944991845,0.08053094568162088,1.0,0.5402654728408104,다운로드=L4(최대) AND 조회수=L4(최대) AND 형식=CSV,표준=N,BR,0.08053094568162086,1384,[]
"frozenset({'형식=CSV', '조회수=L4(최대)', '다운로드=L4(최대)', '유형=FILE'})",frozenset({'표준=N'}),0.08027903193852122,0.9968718392542465,0.08027903193852122,1.0,1.0031379768417308,1.0,0.0002511257164171804,inf,0.0034012062944991845,0.08053094568162088,1.0,0.5402654728408104,다운로드=L4(최대) AND 유형=FILE AND 조회수=L4(최대) AND 형식=CSV,표준=N,BR,0.08053094568162086,1384,[]
"frozenset({'조회수=L1(하)', '국가중점=N', '주기=연간'})","frozenset({'형식=CSV', '표준=N', '유형=FILE'})",0.06868398277426149,0.6992794803082281,0.06428370332523488,0.9359344162744802,1.3384268273708524,1.0,0.016254403545350016,4.69394801708461,0.27150202764766407,0.09135363414092022,0.7869597199712716,0.5139314507151146,국가중점=N AND 조회수=L1(하) AND 주기=연간,유형=FILE AND 표준=N AND 형식=CSV,BI,0.08052689221494529,1394,[]
"frozenset({'조회수=L1(하)', '표준=N', '주기=연간'})",frozenset({'형식=CSV'}),0.06868398277426149,0.6992794803082281,0.06428370332523488,0.9359344162744802,1.3384268273708524,1.0,0.016254403545350016,4.69394801708461,0.27150202764766407,0.09135363414092022,0.7869597199712716,0.5139314507151146,조회수=L1(하) AND 주기=연간 AND 표준=N,형식=CSV,BI,0.08052689221494529,1394,[]
"frozenset({'조회수=L1(하)', '주기=연간'})","frozenset({'형식=CSV', '표준=N'})",0.06868398277426149,0.6992794803082281,0.06428370332523488,0.9359344162744802,1.3384268273708524,1.0,0.016254403545350016,4.69394801708461,0.27150202764766407,0.09135363414092022,0.7869597199712716,0.5139314507151146,조회수=L1(하) AND 주기=연간,표준=N AND 형식=CSV,BI,0.08052689221494529,1394,[]
"frozenset({'조회수=L1(하)', '국가중점=N', '표준=N', '주기=연간'})","frozenset({'형식=CSV', '유형=FILE'})",0.06868398277426149,0.6992794803082281,0.06428370332523488,0.9359344162744802,1.3384268273708524,1.0,0.016254403545350016,4.69394801708461,0.27150202764766407,0.09135363414092022,0.7869597199712716,0.5139314507151146,국가중점=N AND 조회수=L1(하) AND 주기=연간 AND 표준=N,유형=FILE AND 형식=CSV,BI,0.08052689221494529,1394,[]
"frozenset({'조회수=L1(하)', '국가중점=N', '주기=연간', '유형=FILE'})","frozenset({'형식=CSV', '표준=N'})",0.06868398277426149,0.6992794803082281,0.06428370332523488,0.9359344162744802,1.3384268273708524,1.0,0.016254403545350016,4.69394801708461,0.27150202764766407,0.09135363414092022,0.7869597199712716,0.5139314507151146,국가중점=N AND 유형=FILE AND 조회수=L1(하) AND 주기=연간,표준=N AND 형식=CSV,BI,0.08052689221494529,1394,[]
"frozenset({'조회수=L1(하)', '표준=N', '주기=연간'})","frozenset({'형식=CSV', '유형=FILE'})",0.06868398277426149,0.6992794803082281,0.06428370332523488,0.9359344162744802,1.3384268273708524,1.0,0.016254403545350016,4.69394801708461,0.27150202764766407,0.09135363414092022,0.7869597199712716,0.5139314507151146,조회수=L1(하) AND 주기=연간 AND 표준=N,유형=FILE AND 형식=CSV,BI,0.08052689221494529,1394,[]
"frozenset({'조회수=L1(하)', '주기=연간'})","frozenset({'형식=CSV', '표준=N', '유형=FILE'})",0.06868398277426149,0.6992794803082281,0.06428370332523488,0.9359344162744802,1.3384268273708524,1.0,0.016254403545350016,4.69394801708461,0.27150202764766407,0.09135363414092022,0.7869597199712716,0.5139314507151146,조회수=L1(하) AND 주기=연간,유형=FILE AND 표준=N AND 형식=CSV,BI,0.08052689221494529,1394,[]
"frozenset({'조회수=L1(하)', '국가중점=N', '표준=N', '주기=연간'})",frozenset({'형식=CSV'}),0.06868398277426149,0.6992794803082281,0.06428370332523488,0.9359344162744802,1.3384268273708524,1.0,0.016254403545350016,4.69394801708461,0.27150202764766407,0.09135363414092022,0.7869597199712716,0.5139314507151146,국가중점=N AND 조회수=L1(하) AND 주기=연간 AND 표준=N,형식=CSV,BI,0.08052689221494529,1394,[]
"frozenset({'조회수=L1(하)', '주기=연간', '유형=FILE'})","frozenset({'형식=CSV', '표준=N'})",0.06868398277426149,0.6992794803082281,0.06428370332523488,0.9359344162744802,1.3384268273708524,1.0,0.016254403545350016,4.69394801708461,0.27150202764766407,0.09135363414092022,0.7869597199712716,0.5139314507151146,유형=FILE AND 조회수=L1(하) AND 주기=연간,표준=N AND 형식=CSV,BI,0.08052689221494529,1394,[]
"frozenset({'조회수=L1(하)', '국가중점=N', '주기=연간'})",frozenset({'형식=CSV'}),0.06868398277426149,0.6992794803082281,0.06428370332523488,0.9359344162744802,1.3384268273708524,1.0,0.016254403545350016,4.69394801708461,0.27150202764766407,0.09135363414092022,0.7869597199712716,0.5139314507151146,국가중점=N AND 조회수=L1(하) AND 주기=연간,형식=CSV,BI,0.08052689221494529,1394,[]
"frozenset({'조회수=L1(하)', '국가중점=N', '주기=연간', '유형=FILE'})",frozenset({'형식=CSV'}),0.06868398277426149,0.6992794803082281,0.06428370332523488,0.9359344162744802,1.3384268273708524,1.0,0.016254403545350016,4.69394801708461,0.27150202764766407,0.09135363414092022,0.7869597199712716,0.5139314507151146,국가중점=N AND 유형=FILE AND 조회수=L1(하) AND 주기=연간,형식=CSV,BI,0.08052689221494529,1394,[]
"frozenset({'조회수=L1(하)', '국가중점=N', '주기=연간'})","frozenset({'형식=CSV', '유형=FILE'})",0.06868398277426149,0.6992794803082281,0.06428370332523488,0.9359344162744802,1.3384268273708524,1.0,0.016254403545350016,4.69394801708461,0.27150202764766407,0.09135363414092022,0.7869597199712716,0.5139314507151146,국가중점=N AND 조회수=L1(하) AND 주기=연간,유형=FILE AND 형식=CSV,BI,0.08052689221494529,1394,[]
"frozenset({'국가중점=N', '조회수=L1(하)', '주기=연간', '표준=N', '유형=FILE'})",frozenset({'형식=CSV'}),0.06868398277426149,0.6992794803082281,0.06428370332523488,0.9359344162744802,1.3384268273708524,1.0,0.016254403545350016,4.69394801708461,0.27150202764766407,0.09135363414092022,0.7869597199712716,0.5139314507151146,국가중점=N AND 유형=FILE AND 조회수=L1(하) AND 주기=연간 AND 표준=N,형식=CSV,BI,0.08052689221494529,1394,[]
"frozenset({'조회수=L1(하)', '주기=연간'})",frozenset({'형식=CSV'}),0.06868398277426149,0.6992794803082281,0.06428370332523488,0.9359344162744802,1.3384268273708524,1.0,0.016254403545350016,4.69394801708461,0.27150202764766407,0.09135363414092022,0.7869597199712716,0.5139314507151146,조회수=L1(하) AND 주기=연간,형식=CSV,BI,0.08052689221494529,1394,[]
"frozenset({'조회수=L1(하)', '주기=연간', '유형=FILE'})",frozenset({'형식=CSV'}),0.06868398277426149,0.6992794803082281,0.06428370332523488,0.9359344162744802,1.3384268273708524,1.0,0.016254403545350016,4.69394801708461,0.27150202764766407,0.09135363414092022,0.7869597199712716,0.5139314507151146,유형=FILE AND 조회수=L1(하) AND 주기=연간,형식=CSV,BI,0.08052689221494529,1394,[]
"frozenset({'조회수=L1(하)', '주기=연간'})","frozenset({'형식=CSV', '유형=FILE'})",0.06868398277426149,0.6992794803082281,0.06428370332523488,0.9359344162744802,1.3384268273708524,1.0,0.016254403545350016,4.69394801708461,0.27150202764766407,0.09135363414092022,0.7869597199712716,0.5139314507151146,조회수=L1(하) AND 주기=연간,유형=FILE AND 형식=CSV,BI,0.08052689221494529,1394,[]
"frozenset({'조회수=L1(하)', '표준=N', '주기=연간', '유형=FILE'})",frozenset({'형식=CSV'}),0.06868398277426149,0.6992794803082281,0.06428370332523488,0.9359344162744802,1.3384268273708524,1.0,0.016254403545350016,4.69394801708461,0.27150202764766407,0.09135363414092022,0.7869597199712716,0.5139314507151146,유형=FILE AND 조회수=L1(하) AND 주기=연간 AND 표준=N,형식=CSV,BI,0.08052689221494529,1394,[]
"frozenset({'조회수=L1(하)', '국가중점=N', '주기=연간'})","frozenset({'형식=CSV', '표준=N'})",0.06868398277426149,0.6992794803082281,0.06428370332523488,0.9359344162744802,1.3384268273708524,1.0,0.016254403545350016,4.69394801708461,0.27150202764766407,0.09135363414092022,0.7869597199712716,0.5139314507151146,국가중점=N AND 조회수=L1(하) AND 주기=연간,표준=N AND 형식=CSV,BI,0.08052689221494529,1394,[]
"frozenset({'형식=CSV', '국가중점=N', '도메인=산업고용'})",frozenset({'유형=FILE'}),0.0700290918949355,0.8711614860848983,0.0700290918949355,1.0,1.1478928028534836,1.0,0.009022444130567582,inf,0.13854037023332993,0.0803858905765617,1.0,0.5401929452882809,국가중점=N AND 도메인=산업고용 AND 형식=CSV,유형=FILE,BR,0.08038589057656169,1405,['산업고용']
"frozenset({'형식=CSV', '국가중점=N', '도메인=산업고용'})","frozenset({'표준=N', '유형=FILE'})",0.0700290918949355,0.8711614860848983,0.0700290918949355,1.0,1.1478928028534836,1.0,0.009022444130567582,inf,0.13854037023332993,0.0803858905765617,1.0,0.5401929452882809,국가중점=N AND 도메인=산업고용 AND 형식=CSV,유형=FILE AND 표준=N,BR,0.08038589057656169,1405,['산업고용']
"frozenset({'표준=N', '형식=CSV', '국가중점=N', '도메인=산업고용'})",frozenset({'유형=FILE'}),0.0700290918949355,0.8711614860848983,0.0700290918949355,1.0,1.1478928028534836,1.0,0.009022444130567582,inf,0.13854037023332993,0.0803858905765617,1.0,0.5401929452882809,국가중점=N AND 도메인=산업고용 AND 표준=N AND 형식=CSV,유형=FILE,BR,0.08038589057656169,1405,['산업고용']
"frozenset({'조회수=L1(하)', '표준=N', '주기=연간'})","frozenset({'국가중점=N', '유형=FILE'})",0.06868398277426149,0.8547803509796357,0.06868398277426149,1.0,1.1698911876646823,1.0,0.009974263871799005,inf,0.15592950871064537,0.08035278618132136,1.0,0.5401763930906607,조회수=L1(하) AND 주기=연간 AND 표준=N,국가중점=N AND 유형=FILE,BR,0.08035278618132136,1408,[]
"frozenset({'조회수=L1(하)', '주기=연간'})","frozenset({'국가중점=N', '표준=N', '유형=FILE'})",0.06868398277426149,0.8547803509796357,0.06868398277426149,1.0,1.1698911876646823,1.0,0.009974263871799005,inf,0.15592950871064537,0.08035278618132136,1.0,0.5401763930906607,조회수=L1(하) AND 주기=연간,국가중점=N AND 유형=FILE AND 표준=N,BR,0.08035278618132136,1408,[]
"frozenset({'조회수=L1(하)', '주기=연간'})","frozenset({'국가중점=N', '유형=FILE'})",0.06868398277426149,0.8547803509796357,0.06868398277426149,1.0,1.1698911876646823,1.0,0.009974263871799005,inf,0.15592950871064537,0.08035278618132136,1.0,0.5401763930906607,조회수=L1(하) AND 주기=연간,국가중점=N AND 유형=FILE,BR,0.08035278618132136,1408,[]
"frozenset({'다운로드=L1(하)', '주기=수시', '형식=CSV'})","frozenset({'국가중점=N', '유형=FILE'})",0.0717391531026141,0.8547803509796357,0.07068600565154375,0.9853197674418605,1.1527169129620467,1.0,0.00936478718350945,9.892189953070352,0.14272315533892516,0.0825931747018044,0.8989101498511339,0.5340073512724087,다운로드=L1(하) AND 주기=수시 AND 형식=CSV,국가중점=N AND 유형=FILE,BR,0.08028479486719396,1411,[]
"frozenset({'다운로드=L1(하)', '주기=수시', '형식=CSV'})","frozenset({'국가중점=N', '표준=N', '유형=FILE'})",0.0717391531026141,0.8547803509796357,0.07068600565154375,0.9853197674418605,1.1527169129620467,1.0,0.00936478718350945,9.892189953070352,0.14272315533892516,0.0825931747018044,0.8989101498511339,0.5340073512724087,다운로드=L1(하) AND 주기=수시 AND 형식=CSV,국가중점=N AND 유형=FILE AND 표준=N,BR,0.08028479486719396,1411,[]
"frozenset({'다운로드=L1(하)', '표준=N', '주기=수시', '형식=CSV'})","frozenset({'국가중점=N', '유형=FILE'})",0.0717391531026141,0.8547803509796357,0.07068600565154375,0.9853197674418605,1.1527169129620467,1.0,0.00936478718350945,9.892189953070352,0.14272315533892516,0.0825931747018044,0.8989101498511339,0.5340073512724087,다운로드=L1(하) AND 주기=수시 AND 표준=N AND 형식=CSV,국가중점=N AND 유형=FILE,BR,0.08028479486719396,1411,[]
"frozenset({'국가중점=N', '형식=CSV', '주기=연간', '조회수=L4(최대)', '표준=N'})",frozenset({'유형=FILE'}),0.06976841183278938,0.8711614860848983,0.06976841183278938,1.0,1.1478928028534836,1.0,0.008988858498753381,inf,0.13850154687710173,0.08008665780937675,1.0,0.5400433289046884,국가중점=N AND 조회수=L4(최대) AND 주기=연간 AND 표준=N AND 형식=CSV,유형=FILE,BR,0.08008665780937675,1414,[]
"frozenset({'형식=CSV', '국가중점=N', '주기=연간', '조회수=L4(최대)'})",frozenset({'유형=FILE'}),0.06976841183278938,0.8711614860848983,0.06976841183278938,1.0,1.1478928028534836,1.0,0.008988858498753381,inf,0.13850154687710173,0.08008665780937675,1.0,0.5400433289046884,국가중점=N AND 조회수=L4(최대) AND 주기=연간 AND 형식=CSV,유형=FILE,BR,0.08008665780937675,1414,[]
"frozenset({'형식=CSV', '국가중점=N', '주기=연간', '조회수=L4(최대)'})","frozenset({'표준=N', '유형=FILE'})",0.06976841183278938,0.8711614860848983,0.06976841183278938,1.0,1.1478928028534836,1.0,0.008988858498753381,inf,0.13850154687710173,0.08008665780937675,1.0,0.5400433289046884,국가중점=N AND 조회수=L4(최대) AND 주기=연간 AND 형식=CSV,유형=FILE AND 표준=N,BR,0.08008665780937675,1414,[]
"frozenset({'도메인=공공행정', '주기=수시'})",frozenset({'유형=FILE'}),0.06970584861787431,0.8711614860848983,0.06970584861787431,1.0,1.1478928028534836,1.0,0.008980797947117973,inf,0.13849223250913495,0.08001484194525237,1.0,0.5400074209726262,도메인=공공행정 AND 주기=수시,유형=FILE,BR,0.08001484194525237,1417,['공공행정']
"frozenset({'도메인=공공행정', '표준=N', '주기=수시'})",frozenset({'유형=FILE'}),0.06970584861787431,0.8711614860848983,0.06970584861787431,1.0,1.1478928028534836,1.0,0.008980797947117973,inf,0.13849223250913495,0.08001484194525237,1.0,0.5400074209726262,도메인=공공행정 AND 주기=수시 AND 표준=N,유형=FILE,BR,0.08001484194525237,1417,['공공행정']
"frozenset({'도메인=공공행정', '주기=수시'})","frozenset({'표준=N', '유형=FILE'})",0.06970584861787431,0.8711614860848983,0.06970584861787431,1.0,1.1478928028534836,1.0,0.008980797947117973,inf,0.13849223250913495,0.08001484194525237,1.0,0.5400074209726262,도메인=공공행정 AND 주기=수시,유형=FILE AND 표준=N,BR,0.08001484194525237,1417,['공공행정']
"frozenset({'조회수=L4(최대)', '다운로드=L4(최대)', '유형=FILE'})","frozenset({'형식=CSV', '표준=N'})",0.09615966132446326,0.6992794803082281,0.08027903193852122,0.8348514422034267,1.1938737882533623,1.0,0.013036553940935336,1.8209091481270663,0.1796672659256171,0.1122532295220599,0.4508237816100981,0.47482697067301194,다운로드=L4(최대) AND 유형=FILE AND 조회수=L4(최대),표준=N AND 형식=CSV,BI,0.08001469347177789,1420,[]
"frozenset({'조회수=L4(최대)', '표준=N', '다운로드=L4(최대)', '유형=FILE'})",frozenset({'형식=CSV'}),0.09615966132446326,0.6992794803082281,0.08027903193852122,0.8348514422034267,1.1938737882533623,1.0,0.013036553940935336,1.8209091481270663,0.1796672659256171,0.1122532295220599,0.4508237816100981,0.47482697067301194,다운로드=L4(최대) AND 유형=FILE AND 조회수=L4(최대) AND 표준=N,형식=CSV,BI,0.08001469347177789,1420,[]
"frozenset({'조회수=L4(최대)', '다운로드=L4(최대)', '유형=FILE'})",frozenset({'형식=CSV'}),0.09615966132446326,0.6992794803082281,0.08027903193852122,0.8348514422034267,1.1938737882533623,1.0,0.013036553940935336,1.8209091481270663,0.1796672659256171,0.1122532295220599,0.4508237816100981,0.47482697067301194,다운로드=L4(최대) AND 유형=FILE AND 조회수=L4(최대),형식=CSV,BI,0.08001469347177789,1420,[]
"frozenset({'형식=CSV', '다운로드=L3(상)', '유형=FILE', '조회수=L3(상)'})",frozenset({'표준=N'}),0.07939271972722438,0.9968718392542465,0.07939271972722438,1.0,1.0031379768417308,1.0,0.00024835318934930684,inf,0.003397931792182386,0.07964185224313045,1.0,0.5398209261215652,다운로드=L3(상) AND 유형=FILE AND 조회수=L3(상) AND 형식=CSV,표준=N,BR,0.07964185224313043,1422,[]
"frozenset({'형식=CSV', '다운로드=L3(상)', '조회수=L3(상)'})",frozenset({'표준=N'}),0.07939271972722438,0.9968718392542465,0.07939271972722438,1.0,1.0031379768417308,1.0,0.00024835318934930684,inf,0.003397931792182386,0.07964185224313045,1.0,0.5398209261215652,다운로드=L3(상) AND 조회수=L3(상) AND 형식=CSV,표준=N,BR,0.07964185224313043,1422,[]
"frozenset({'형식=CSV', '주기=연간', '다운로드=L2(중)'})","frozenset({'국가중점=N', '표준=N'})",0.07614985975412657,0.9578428203497283,0.07607686933672565,0.9990414897987129,1.0430119311579138,1.0,0.003137272900596788,43.981983283705794,0.04463732253178093,0.07941916030783634,0.9772634173054566,0.5392333510391344,다운로드=L2(중) AND 주기=연간 AND 형식=CSV,국가중점=N AND 표준=N,BR,0.07927302549840012,1424,[]
"frozenset({'형식=CSV', '주기=연간', '유형=FILE', '다운로드=L2(중)'})","frozenset({'국가중점=N', '표준=N'})",0.07614985975412657,0.9578428203497283,0.07607686933672565,0.9990414897987129,1.0430119311579138,1.0,0.003137272900596788,43.981983283705794,0.04463732253178093,0.07941916030783634,0.9772634173054566,0.5392333510391344,다운로드=L2(중) AND 유형=FILE AND 주기=연간 AND 형식=CSV,국가중점=N AND 표준=N,BR,0.07927302549840012,1424,[]
"frozenset({'조회수=L3(상)', '국가중점=N', '주기=수시'})","frozenset({'표준=N', '유형=FILE'})",0.06895509003889347,0.8711614860848983,0.06895509003889347,1.0,1.1478928028534836,1.0,0.008884071327493068,inf,0.1383805577332288,0.07915305157575976,1.0,0.5395765257878798,국가중점=N AND 조회수=L3(상) AND 주기=수시,유형=FILE AND 표준=N,BR,0.07915305157575975,1427,[]
"frozenset({'조회수=L3(상)', '국가중점=N', '표준=N', '주기=수시'})",frozenset({'유형=FILE'}),0.06895509003889347,0.8711614860848983,0.06895509003889347,1.0,1.1478928028534836,1.0,0.008884071327493068,inf,0.1383805577332288,0.07915305157575976,1.0,0.5395765257878798,국가중점=N AND 조회수=L3(상) AND 주기=수시 AND 표준=N,유형=FILE,BR,0.07915305157575975,1427,[]
"frozenset({'조회수=L3(상)', '국가중점=N', '주기=수시'})",frozenset({'유형=FILE'}),0.06895509003889347,0.8711614860848983,0.06895509003889347,1.0,1.1478928028534836,1.0,0.008884071327493068,inf,0.1383805577332288,0.07915305157575976,1.0,0.5395765257878798,국가중점=N AND 조회수=L3(상) AND 주기=수시,유형=FILE,BR,0.07915305157575975,1427,[]
"frozenset({'다운로드=L0(최소)', '표준=N', '조회수=L0(최소)'})","frozenset({'형식=CSV', '국가중점=N', '유형=FILE'})",0.11681594944892235,0.6867564101227281,0.09051854477962108,0.7748817281085424,1.1283210708875155,1.0,0.01029444269100109,1.3914623066594278,0.128769811311517,0.12694489939167058,0.2813315925166786,0.4533438126437462,다운로드=L0(최소) AND 조회수=L0(최소) AND 표준=N,국가중점=N AND 유형=FILE AND 형식=CSV,BI,0.07914175599105422,1429,[]
"frozenset({'다운로드=L0(최소)', '표준=N', '조회수=L0(최소)'})","frozenset({'형식=CSV', '국가중점=N'})",0.11681594944892235,0.6867564101227281,0.09051854477962108,0.7748817281085424,1.1283210708875155,1.0,0.01029444269100109,1.3914623066594278,0.128769811311517,0.12694489939167058,0.2813315925166786,0.4533438126437462,다운로드=L0(최소) AND 조회수=L0(최소) AND 표준=N,국가중점=N AND 형식=CSV,BI,0.07914175599105422,1429,[]
"frozenset({'다운로드=L3(상)', '국가중점=N', '형식=CSV', '조회수=L3(상)', '유형=FILE'})",frozenset({'표준=N'}),0.07887135960293212,0.9968718392542465,0.07887135960293212,1.0,1.0031379768417308,1.0,0.00024672229107410015,inf,0.003396008557941536,0.07911885610284196,1.0,0.539559428051421,국가중점=N AND 다운로드=L3(상) AND 유형=FILE AND 조회수=L3(상) AND 형식=CSV,표준=N,BR,0.07911885610284194,1431,[]
"frozenset({'형식=CSV', '다운로드=L3(상)', '국가중점=N', '조회수=L3(상)'})",frozenset({'표준=N'}),0.07887135960293212,0.9968718392542465,0.07887135960293212,1.0,1.0031379768417308,1.0,0.00024672229107410015,inf,0.003396008557941536,0.07911885610284196,1.0,0.539559428051421,국가중점=N AND 다운로드=L3(상) AND 조회수=L3(상) AND 형식=CSV,표준=N,BR,0.07911885610284194,1431,[]
"frozenset({'형식=CSV', '주기=연간', '다운로드=L2(중)', '표준=N', '유형=FILE'})",frozenset({'국가중점=N'}),0.07614985975412657,0.9609709810954818,0.07607686933672565,0.9990414897987129,1.0396167100278426,1.0,0.002899063898519294,40.718417865671746,0.041248069383390776,0.07916065403018434,0.9754410890104092,0.5391040782326898,다운로드=L2(중) AND 유형=FILE AND 주기=연간 AND 표준=N AND 형식=CSV,국가중점=N,BR,0.07901497528518919,1434,[]
"frozenset({'형식=CSV', '주기=연간', '유형=FILE', '다운로드=L2(중)'})",frozenset({'국가중점=N'}),0.07614985975412657,0.9609709810954818,0.07607686933672565,0.9990414897987129,1.0396167100278426,1.0,0.002899063898519294,40.718417865671746,0.041248069383390776,0.07916065403018434,0.9754410890104092,0.5391040782326898,다운로드=L2(중) AND 유형=FILE AND 주기=연간 AND 형식=CSV,국가중점=N,BR,0.07901497528518919,1434,[]
"frozenset({'형식=CSV', '표준=N', '주기=연간', '다운로드=L2(중)'})",frozenset({'국가중점=N'}),0.07614985975412657,0.9609709810954818,0.07607686933672565,0.9990414897987129,1.0396167100278426,1.0,0.002899063898519294,40.718417865671746,0.041248069383390776,0.07916065403018434,0.9754410890104092,0.5391040782326898,다운로드=L2(중) AND 주기=연간 AND 표준=N AND 형식=CSV,국가중점=N,BR,0.07901497528518919,1434,[]
"frozenset({'형식=CSV', '주기=연간', '다운로드=L2(중)'})",frozenset({'국가중점=N'}),0.07614985975412657,0.9609709810954818,0.07607686933672565,0.9990414897987129,1.0396167100278426,1.0,0.002899063898519294,40.718417865671746,0.041248069383390776,0.07916065403018434,0.9754410890104092,0.5391040782326898,다운로드=L2(중) AND 주기=연간 AND 형식=CSV,국가중점=N,BR,0.07901497528518919,1434,[]
"frozenset({'다운로드=L0(최소)', '조회수=L0(최소)'})","frozenset({'형식=CSV', '국가중점=N'})",0.11699321189118171,0.6867564101227281,0.09051854477962108,0.7737076648841356,1.126611493507383,1.0,0.010172706572505463,1.3842430399460384,0.12727259876168054,0.12691334922004066,0.27758350871752785,0.45275678103154277,다운로드=L0(최소) AND 조회수=L0(최소),국가중점=N AND 형식=CSV,BI,0.078902114172523,1438,[]
"frozenset({'다운로드=L0(최소)', '조회수=L0(최소)'})","frozenset({'형식=CSV', '국가중점=N', '유형=FILE'})",0.11699321189118171,0.6867564101227281,0.09051854477962108,0.7737076648841356,1.126611493507383,1.0,0.010172706572505463,1.3842430399460384,0.12727259876168054,0.12691334922004066,0.27758350871752785,0.45275678103154277,다운로드=L0(최소) AND 조회수=L0(최소),국가중점=N AND 유형=FILE AND 형식=CSV,BI,0.078902114172523,1438,[]
"frozenset({'다운로드=L0(최소)', '조회수=L0(최소)'})","frozenset({'형식=CSV', '국가중점=N', '표준=N', '유형=FILE'})",0.11699321189118171,0.6867564101227281,0.09051854477962108,0.7737076648841356,1.126611493507383,1.0,0.010172706572505463,1.3842430399460384,0.12727259876168054,0.12691334922004066,0.27758350871752785,0.45275678103154277,다운로드=L0(최소) AND 조회수=L0(최소),국가중점=N AND 유형=FILE AND 표준=N AND 형식=CSV,BI,0.078902114172523,1438,[]
"frozenset({'다운로드=L0(최소)', '조회수=L0(최소)'})","frozenset({'형식=CSV', '국가중점=N', '표준=N'})",0.11699321189118171,0.6867564101227281,0.09051854477962108,0.7737076648841356,1.126611493507383,1.0,0.010172706572505463,1.3842430399460384,0.12727259876168054,0.12691334922004066,0.27758350871752785,0.45275678103154277,다운로드=L0(최소) AND 조회수=L0(최소),국가중점=N AND 표준=N AND 형식=CSV,BI,0.078902114172523,1438,[]
"frozenset({'조회수=L1(하)', '주기=연간'})",frozenset({'유형=FILE'}),0.06868398277426149,0.8711614860848983,0.06868398277426149,1.0,1.1478928028534836,1.0,0.008849142270406292,inf,0.13834027497872714,0.07884184949788742,1.0,0.5394209247489437,조회수=L1(하) AND 주기=연간,유형=FILE,BR,0.07884184949788742,1443,[]
"frozenset({'조회수=L1(하)', '국가중점=N', '표준=N', '주기=연간'})",frozenset({'유형=FILE'}),0.06868398277426149,0.8711614860848983,0.06868398277426149,1.0,1.1478928028534836,1.0,0.008849142270406292,inf,0.13834027497872714,0.07884184949788742,1.0,0.5394209247489437,국가중점=N AND 조회수=L1(하) AND 주기=연간 AND 표준=N,유형=FILE,BR,0.07884184949788742,1443,[]
"frozenset({'조회수=L1(하)', '국가중점=N', '주기=연간'})","frozenset({'표준=N', '유형=FILE'})",0.06868398277426149,0.8711614860848983,0.06868398277426149,1.0,1.1478928028534836,1.0,0.008849142270406292,inf,0.13834027497872714,0.07884184949788742,1.0,0.5394209247489437,국가중점=N AND 조회수=L1(하) AND 주기=연간,유형=FILE AND 표준=N,BR,0.07884184949788742,1443,[]
"frozenset({'조회수=L1(하)', '국가중점=N', '주기=연간'})",frozenset({'유형=FILE'}),0.06868398277426149,0.8711614860848983,0.06868398277426149,1.0,1.1478928028534836,1.0,0.008849142270406292,inf,0.13834027497872714,0.07884184949788742,1.0,0.5394209247489437,국가중점=N AND 조회수=L1(하) AND 주기=연간,유형=FILE,BR,0.07884184949788742,1443,[]
"frozenset({'조회수=L1(하)', '주기=연간'})","frozenset({'표준=N', '유형=FILE'})",0.06868398277426149,0.8711614860848983,0.06868398277426149,1.0,1.1478928028534836,1.0,0.008849142270406292,inf,0.13834027497872714,0.07884184949788742,1.0,0.5394209247489437,조회수=L1(하) AND 주기=연간,유형=FILE AND 표준=N,BR,0.07884184949788742,1443,[]
"frozenset({'조회수=L1(하)', '표준=N', '주기=연간'})",frozenset({'유형=FILE'}),0.06868398277426149,0.8711614860848983,0.06868398277426149,1.0,1.1478928028534836,1.0,0.008849142270406292,inf,0.13834027497872714,0.07884184949788742,1.0,0.5394209247489437,조회수=L1(하) AND 주기=연간 AND 표준=N,유형=FILE,BR,0.07884184949788742,1443,[]
"frozenset({'형식=CSV', '주기=수시', '다운로드=L2(중)'})","frozenset({'국가중점=N', '표준=N', '유형=FILE'})",0.07172872590012826,0.8547803509796357,0.07022720874216656,0.9790667248146533,1.1454015334963854,1.0,0.00891490324193285,6.937263650076987,0.13675282779529235,0.08201412566975158,0.8558509449199178,0.5306124587282011,다운로드=L2(중) AND 주기=수시 AND 형식=CSV,국가중점=N AND 유형=FILE AND 표준=N,BR,0.07875451441630027,1448,[]
"frozenset({'형식=CSV', '표준=N', '주기=수시', '다운로드=L2(중)'})","frozenset({'국가중점=N', '유형=FILE'})",0.07172872590012826,0.8547803509796357,0.07022720874216656,0.9790667248146533,1.1454015334963854,1.0,0.00891490324193285,6.937263650076987,0.13675282779529235,0.08201412566975158,0.8558509449199178,0.5306124587282011,다운로드=L2(중) AND 주기=수시 AND 표준=N AND 형식=CSV,국가중점=N AND 유형=FILE,BR,0.07875451441630027,1448,[]
"frozenset({'형식=CSV', '주기=수시', '다운로드=L2(중)'})","frozenset({'국가중점=N', '유형=FILE'})",0.07172872590012826,0.8547803509796357,0.07022720874216656,0.9790667248146533,1.1454015334963854,1.0,0.00891490324193285,6.937263650076987,0.13675282779529235,0.08201412566975158,0.8558509449199178,0.5306124587282011,다운로드=L2(중) AND 주기=수시 AND 형식=CSV,국가중점=N AND 유형=FILE,BR,0.07875451441630027,1448,[]
"frozenset({'도메인=공공행정', '국가중점=N', '주기=수시'})","frozenset({'표준=N', '유형=FILE'})",0.0685484291419455,0.8711614860848983,0.0685484291419455,1.0,1.1478928028534836,1.0,0.008831677741862907,inf,0.13832014239496687,0.07868624845895124,1.0,0.5393431242294756,국가중점=N AND 도메인=공공행정 AND 주기=수시,유형=FILE AND 표준=N,BR,0.07868624845895124,1451,['공공행정']
"frozenset({'도메인=공공행정', '국가중점=N', '표준=N', '주기=수시'})",frozenset({'유형=FILE'}),0.0685484291419455,0.8711614860848983,0.0685484291419455,1.0,1.1478928028534836,1.0,0.008831677741862907,inf,0.13832014239496687,0.07868624845895124,1.0,0.5393431242294756,국가중점=N AND 도메인=공공행정 AND 주기=수시 AND 표준=N,유형=FILE,BR,0.07868624845895124,1451,['공공행정']
"frozenset({'도메인=공공행정', '국가중점=N', '주기=수시'})",frozenset({'유형=FILE'}),0.0685484291419455,0.8711614860848983,0.0685484291419455,1.0,1.1478928028534836,1.0,0.008831677741862907,inf,0.13832014239496687,0.07868624845895124,1.0,0.5393431242294756,국가중점=N AND 도메인=공공행정 AND 주기=수시,유형=FILE,BR,0.07868624845895124,1451,['공공행정']
"frozenset({'주기=수시', '조회수=L0(최소)'})","frozenset({'형식=CSV', '국가중점=N', '유형=FILE'})",0.10942306288645819,0.6867564101227281,0.08646236301262734,0.7901658090337336,1.1505765325037527,1.0,0.011315373160089792,1.4928148193333746,0.1469502522628032,0.12182651622002821,0.33012454924144174,0.45803270865278733,조회수=L0(최소) AND 주기=수시,국가중점=N AND 유형=FILE AND 형식=CSV,BI,0.07860693194575219,1457,[]
"frozenset({'표준=N', '주기=수시', '유형=FILE', '조회수=L0(최소)'})","frozenset({'형식=CSV', '국가중점=N'})",0.10942306288645819,0.6867564101227281,0.08646236301262734,0.7901658090337336,1.1505765325037527,1.0,0.011315373160089792,1.4928148193333746,0.1469502522628032,0.12182651622002821,0.33012454924144174,0.45803270865278733,유형=FILE AND 조회수=L0(최소) AND 주기=수시 AND 표준=N,국가중점=N AND 형식=CSV,BI,0.07860693194575219,1457,[]
"frozenset({'주기=수시', '유형=FILE', '조회수=L0(최소)'})","frozenset({'형식=CSV', '국가중점=N', '표준=N'})",0.10942306288645819,0.6867564101227281,0.08646236301262734,0.7901658090337336,1.1505765325037527,1.0,0.011315373160089792,1.4928148193333746,0.1469502522628032,0.12182651622002821,0.33012454924144174,0.45803270865278733,유형=FILE AND 조회수=L0(최소) AND 주기=수시,국가중점=N AND 표준=N AND 형식=CSV,BI,0.07860693194575219,1457,[]
"frozenset({'주기=수시', '조회수=L0(최소)'})","frozenset({'형식=CSV', '국가중점=N', '표준=N', '유형=FILE'})",0.10942306288645819,0.6867564101227281,0.08646236301262734,0.7901658090337336,1.1505765325037527,1.0,0.011315373160089792,1.4928148193333746,0.1469502522628032,0.12182651622002821,0.33012454924144174,0.45803270865278733,조회수=L0(최소) AND 주기=수시,국가중점=N AND 유형=FILE AND 표준=N AND 형식=CSV,BI,0.07860693194575219,1457,[]
"frozenset({'표준=N', '주기=수시', '조회수=L0(최소)'})","frozenset({'형식=CSV', '국가중점=N', '유형=FILE'})",0.10942306288645819,0.6867564101227281,0.08646236301262734,0.7901658090337336,1.1505765325037527,1.0,0.011315373160089792,1.4928148193333746,0.1469502522628032,0.12182651622002821,0.33012454924144174,0.45803270865278733,조회수=L0(최소) AND 주기=수시 AND 표준=N,국가중점=N AND 유형=FILE AND 형식=CSV,BI,0.07860693194575219,1457,[]
"frozenset({'주기=수시', '조회수=L0(최소)'})","frozenset({'형식=CSV', '국가중점=N', '표준=N'})",0.10942306288645819,0.6867564101227281,0.08646236301262734,0.7901658090337336,1.1505765325037527,1.0,0.011315373160089792,1.4928148193333746,0.1469502522628032,0.12182651622002821,0.33012454924144174,0.45803270865278733,조회수=L0(최소) AND 주기=수시,국가중점=N AND 표준=N AND 형식=CSV,BI,0.07860693194575219,1457,[]
"frozenset({'표준=N', '주기=수시', '조회수=L0(최소)'})","frozenset({'형식=CSV', '국가중점=N'})",0.10942306288645819,0.6867564101227281,0.08646236301262734,0.7901658090337336,1.1505765325037527,1.0,0.011315373160089792,1.4928148193333746,0.1469502522628032,0.12182651622002821,0.33012454924144174,0.45803270865278733,조회수=L0(최소) AND 주기=수시 AND 표준=N,국가중점=N AND 형식=CSV,BI,0.07860693194575219,1457,[]
"frozenset({'주기=수시', '조회수=L0(최소)'})","frozenset({'형식=CSV', '국가중점=N'})",0.10942306288645819,0.6867564101227281,0.08646236301262734,0.7901658090337336,1.1505765325037527,1.0,0.011315373160089792,1.4928148193333746,0.1469502522628032,0.12182651622002821,0.33012454924144174,0.45803270865278733,조회수=L0(최소) AND 주기=수시,국가중점=N AND 형식=CSV,BI,0.07860693194575219,1457,[]
"frozenset({'주기=수시', '유형=FILE', '조회수=L0(최소)'})","frozenset({'형식=CSV', '국가중점=N'})",0.10942306288645819,0.6867564101227281,0.08646236301262734,0.7901658090337336,1.1505765325037527,1.0,0.011315373160089792,1.4928148193333746,0.1469502522628032,0.12182651622002821,0.33012454924144174,0.45803270865278733,유형=FILE AND 조회수=L0(최소) AND 주기=수시,국가중점=N AND 형식=CSV,BI,0.07860693194575219,1457,[]
"frozenset({'조회수=L4(최대)', '주기=연간'})","frozenset({'국가중점=N', '유형=FILE'})",0.08348018310167565,0.8547803509796357,0.07765137691208826,0.9301773669747689,1.0882063045889194,1.0,0.006294156700593689,2.0798363328390645,0.0884395512558975,0.09022838795662447,0.519192936381221,0.5105105142671249,조회수=L4(최대) AND 주기=연간,국가중점=N AND 유형=FILE,BI,0.07860065529834527,1463,[]
"frozenset({'조회수=L4(최대)', '주기=연간'})","frozenset({'국가중점=N', '표준=N', '유형=FILE'})",0.08348018310167565,0.8547803509796357,0.07765137691208826,0.9301773669747689,1.0882063045889194,1.0,0.006294156700593689,2.0798363328390645,0.0884395512558975,0.09022838795662447,0.519192936381221,0.5105105142671249,조회수=L4(최대) AND 주기=연간,국가중점=N AND 유형=FILE AND 표준=N,BI,0.07860065529834527,1463,[]
"frozenset({'조회수=L4(최대)', '표준=N', '주기=연간'})","frozenset({'국가중점=N', '유형=FILE'})",0.08348018310167565,0.8547803509796357,0.07765137691208826,0.9301773669747689,1.0882063045889194,1.0,0.006294156700593689,2.0798363328390645,0.0884395512558975,0.09022838795662447,0.519192936381221,0.5105105142671249,조회수=L4(최대) AND 주기=연간 AND 표준=N,국가중점=N AND 유형=FILE,BI,0.07860065529834527,1463,[]
"frozenset({'주기=연간', '조회수=L2(중)'})","frozenset({'국가중점=N', '표준=N'})",0.07537824677017403,0.9578428203497283,0.07533653796023065,0.999446673122147,1.0434349476641984,1.0,0.003136025480869359,76.18856292296152,0.0450204485260072,0.07864887224592876,0.986874670401499,0.5390494850479013,조회수=L2(중) AND 주기=연간,국가중점=N AND 표준=N,BR,0.07856528019483837,1465,[]
"frozenset({'주기=연간', '유형=FILE', '조회수=L2(중)'})","frozenset({'국가중점=N', '표준=N'})",0.07537824677017403,0.9578428203497283,0.07533653796023065,0.999446673122147,1.0434349476641984,1.0,0.003136025480869359,76.18856292296152,0.0450204485260072,0.07864887224592876,0.986874670401499,0.5390494850479013,유형=FILE AND 조회수=L2(중) AND 주기=연간,국가중점=N AND 표준=N,BR,0.07856528019483837,1465,[]
"frozenset({'다운로드=L3(상)', '표준=N', '주기=수시'})","frozenset({'국가중점=N', '유형=FILE'})",0.07362647675255206,0.8547803509796357,0.07138462821809537,0.9695510550913469,1.1342692353423616,1.0,0.008450162578154938,4.76928344991997,0.12778333800703015,0.08329379129101726,0.7903248967060701,0.5265316512892081,다운로드=L3(상) AND 주기=수시 AND 표준=N,국가중점=N AND 유형=FILE,BR,0.07850395523986509,1468,[]
"frozenset({'다운로드=L3(상)', '주기=수시'})","frozenset({'국가중점=N', '유형=FILE'})",0.07362647675255206,0.8547803509796357,0.07138462821809537,0.9695510550913469,1.1342692353423616,1.0,0.008450162578154938,4.76928344991997,0.12778333800703015,0.08329379129101726,0.7903248967060701,0.5265316512892081,다운로드=L3(상) AND 주기=수시,국가중점=N AND 유형=FILE,BR,0.07850395523986509,1468,[]
"frozenset({'다운로드=L3(상)', '주기=수시'})","frozenset({'국가중점=N', '표준=N', '유형=FILE'})",0.07362647675255206,0.8547803509796357,0.07138462821809537,0.9695510550913469,1.1342692353423616,1.0,0.008450162578154938,4.76928344991997,0.12778333800703015,0.08329379129101726,0.7903248967060701,0.5265316512892081,다운로드=L3(상) AND 주기=수시,국가중점=N AND 유형=FILE AND 표준=N,BR,0.07850395523986509,1468,[]
"frozenset({'표준=N', '주기=연간', '유형=FILE', '조회수=L2(중)'})",frozenset({'국가중점=N'}),0.07537824677017403,0.9609709810954818,0.07533653796023065,0.999446673122147,1.0400383495272707,1.0,0.0029002302082391795,70.53519441519789,0.041635396650988636,0.0783928648930168,0.9858226803187979,0.5389214702416291,유형=FILE AND 조회수=L2(중) AND 주기=연간 AND 표준=N,국가중점=N,BR,0.07830953384003747,1471,[]
"frozenset({'주기=연간', '유형=FILE', '조회수=L2(중)'})",frozenset({'국가중점=N'}),0.07537824677017403,0.9609709810954818,0.07533653796023065,0.999446673122147,1.0400383495272707,1.0,0.0029002302082391795,70.53519441519789,0.041635396650988636,0.0783928648930168,0.9858226803187979,0.5389214702416291,유형=FILE AND 조회수=L2(중) AND 주기=연간,국가중점=N,BR,0.07830953384003747,1471,[]
"frozenset({'표준=N', '주기=연간', '조회수=L2(중)'})",frozenset({'국가중점=N'}),0.07537824677017403,0.9609709810954818,0.07533653796023065,0.999446673122147,1.0400383495272707,1.0,0.0029002302082391795,70.53519441519789,0.041635396650988636,0.0783928648930168,0.9858226803187979,0.5389214702416291,조회수=L2(중) AND 주기=연간 AND 표준=N,국가중점=N,BR,0.07830953384003747,1471,[]
"frozenset({'주기=연간', '조회수=L2(중)'})",frozenset({'국가중점=N'}),0.07537824677017403,0.9609709810954818,0.07533653796023065,0.999446673122147,1.0400383495272707,1.0,0.0029002302082391795,70.53519441519789,0.041635396650988636,0.0783928648930168,0.9858226803187979,0.5389214702416291,조회수=L2(중) AND 주기=연간,국가중점=N,BR,0.07830953384003747,1471,[]
"frozenset({'조회수=L4(최대)', '표준=N', '다운로드=L4(최대)'})","frozenset({'국가중점=N', '유형=FILE'})",0.10297905175020594,0.8547803509796357,0.0892047172664046,0.8662413932766302,1.0134081723847062,1.0,0.0011802472678135029,1.0856845221234805,0.014749679971146878,0.10270477928376771,0.07892211814523337,0.4853006029523582,다운로드=L4(최대) AND 조회수=L4(최대) AND 표준=N,국가중점=N AND 유형=FILE,BI,0.07830890584375963,1474,[]
"frozenset({'다운로드=L4(최대)', '주기=수시', '유형=FILE'})",frozenset({'표준=N'}),0.07783906655683347,0.9968718392542465,0.07783906655683347,1.0,1.0031379768417308,1.0,0.00024349311248918204,inf,0.003392206969854585,0.07808332374507077,1.0,0.5390416618725353,다운로드=L4(최대) AND 유형=FILE AND 주기=수시,표준=N,BR,0.07808332374507075,1475,[]
"frozenset({'다운로드=L4(최대)', '주기=수시'})",frozenset({'표준=N'}),0.07783906655683347,0.9968718392542465,0.07783906655683347,1.0,1.0031379768417308,1.0,0.00024349311248918204,inf,0.003392206969854585,0.07808332374507077,1.0,0.5390416618725353,다운로드=L4(최대) AND 주기=수시,표준=N,BR,0.07808332374507075,1475,[]
"frozenset({'주기=연간', '조회수=L0(최소)'})","frozenset({'국가중점=N', '표준=N', '유형=FILE'})",0.06675495031438015,0.8547803509796357,0.06674452311189431,0.999843798812871,1.1697084492723573,1.0,0.009683703252540303,929.6961930284958,0.15546410935134275,0.0780828769044976,0.998924379805469,0.538963814113179,조회수=L0(최소) AND 주기=연간,국가중점=N AND 유형=FILE AND 표준=N,BR,0.07805943774493954,1478,[]
"frozenset({'주기=연간', '조회수=L0(최소)'})","frozenset({'국가중점=N', '유형=FILE'})",0.06675495031438015,0.8547803509796357,0.06674452311189431,0.999843798812871,1.1697084492723573,1.0,0.009683703252540303,929.6961930284958,0.15546410935134275,0.0780828769044976,0.998924379805469,0.538963814113179,조회수=L0(최소) AND 주기=연간,국가중점=N AND 유형=FILE,BR,0.07805943774493954,1478,[]
"frozenset({'표준=N', '주기=연간', '조회수=L0(최소)'})","frozenset({'국가중점=N', '유형=FILE'})",0.06675495031438015,0.8547803509796357,0.06674452311189431,0.999843798812871,1.1697084492723573,1.0,0.009683703252540303,929.6961930284958,0.15546410935134275,0.0780828769044976,0.998924379805469,0.538963814113179,조회수=L0(최소) AND 주기=연간 AND 표준=N,국가중점=N AND 유형=FILE,BR,0.07805943774493954,1478,[]
"frozenset({'도메인=산업고용', '표준=N', '국가중점=N'})",frozenset({'유형=FILE'}),0.09040384555227678,0.8711614860848983,0.08220806439840256,0.9093425605536333,1.0438277805878737,1.0,0.0034517159592915014,1.4211576534910082,0.046160660262886066,0.09348653551990325,0.2963482991886606,0.5018543030065377,국가중점=N AND 도메인=산업고용 AND 표준=N,유형=FILE,BI,0.07803165030403886,1480,['산업고용']
"frozenset({'조회수=L4(최대)', '국가중점=N', '주기=연간', '유형=FILE'})",frozenset({'표준=N'}),0.07765137691208826,0.9968718392542465,0.07765137691208826,1.0,1.0031379768417308,1.0,0.00024290598911010097,inf,0.0033915166862620288,0.07789504513456691,1.0,0.5389475225672835,국가중점=N AND 유형=FILE AND 조회수=L4(최대) AND 주기=연간,표준=N,BR,0.0778950451345669,1481,[]
"frozenset({'조회수=L4(최대)', '국가중점=N', '주기=연간'})",frozenset({'표준=N'}),0.07765137691208826,0.9968718392542465,0.07765137691208826,1.0,1.0031379768417308,1.0,0.00024290598911010097,inf,0.0033915166862620288,0.07789504513456691,1.0,0.5389475225672835,국가중점=N AND 조회수=L4(최대) AND 주기=연간,표준=N,BR,0.0778950451345669,1481,[]
"frozenset({'국가중점=N', '도메인=산업고용'})",frozenset({'유형=FILE'}),0.0905498263870786,0.8711614860848983,0.08220806439840256,0.9078765545831415,1.042144962885406,1.0,0.003324543078305625,1.3985420685484309,0.04446708204890858,0.09347101853059386,0.28496966770694576,0.5011213000212917,국가중점=N AND 도메인=산업고용,유형=FILE,BI,0.07778025405632859,1483,['산업고용']
"frozenset({'도메인=산업고용', '국가중점=N'})","frozenset({'표준=N', '유형=FILE'})",0.0905498263870786,0.8711614860848983,0.08220806439840256,0.9078765545831415,1.042144962885406,1.0,0.003324543078305625,1.3985420685484309,0.04446708204890858,0.09347101853059386,0.28496966770694576,0.5011213000212917,국가중점=N AND 도메인=산업고용,유형=FILE AND 표준=N,BI,0.07778025405632859,1483,['산업고용']
"frozenset({'다운로드=L0(최소)', '표준=N', '조회수=L0(최소)'})",frozenset({'형식=CSV'}),0.11681594944892235,0.6992794803082281,0.09052897198210692,0.7749709899134161,1.1082421431440042,1.0,0.00884197555975226,1.3363633407802147,0.11058863661521204,0.12477006208323754,0.25170051475958194,0.4522156740420457,다운로드=L0(최소) AND 조회수=L0(최소) AND 표준=N,형식=CSV,BI,0.07775130646810423,1485,[]
"frozenset({'다운로드=L0(최소)', '표준=N', '조회수=L0(최소)'})","frozenset({'형식=CSV', '유형=FILE'})",0.11681594944892235,0.6992794803082281,0.09052897198210692,0.7749709899134161,1.1082421431440042,1.0,0.00884197555975226,1.3363633407802147,0.11058863661521204,0.12477006208323754,0.25170051475958194,0.4522156740420457,다운로드=L0(최소) AND 조회수=L0(최소) AND 표준=N,유형=FILE AND 형식=CSV,BI,0.07775130646810423,1485,[]
"frozenset({'도메인=공공행정', '주기=수시'})","frozenset({'국가중점=N', '표준=N', '유형=FILE'})",0.06970584861787431,0.8547803509796357,0.0685484291419455,0.9833956619296933,1.1504659188792254,1.0,0.008965239395025554,8.745886069379576,0.14058665353136346,0.08008576266643926,0.8856605274677516,0.5317949325555561,도메인=공공행정 AND 주기=수시,국가중점=N AND 유형=FILE AND 표준=N,BR,0.07755316972563514,1488,['공공행정']
"frozenset({'도메인=공공행정', '주기=수시'})","frozenset({'국가중점=N', '유형=FILE'})",0.06970584861787431,0.8547803509796357,0.0685484291419455,0.9833956619296933,1.1504659188792254,1.0,0.008965239395025554,8.745886069379576,0.14058665353136346,0.08008576266643926,0.8856605274677516,0.5317949325555561,도메인=공공행정 AND 주기=수시,국가중점=N AND 유형=FILE,BR,0.07755316972563514,1488,['공공행정']
"frozenset({'도메인=공공행정', '표준=N', '주기=수시'})","frozenset({'국가중점=N', '유형=FILE'})",0.06970584861787431,0.8547803509796357,0.0685484291419455,0.9833956619296933,1.1504659188792254,1.0,0.008965239395025554,8.745886069379576,0.14058665353136346,0.08008576266643926,0.8856605274677516,0.5317949325555561,도메인=공공행정 AND 주기=수시 AND 표준=N,국가중점=N AND 유형=FILE,BR,0.07755316972563514,1488,['공공행정']
"frozenset({'다운로드=L0(최소)', '조회수=L0(최소)'})",frozenset({'형식=CSV'}),0.11699321189118171,0.6992794803082281,0.09052897198210692,0.7737967914438503,1.1065629883816646,1.0,0.00871801957125097,1.3294264109305285,0.10906017964423471,0.12473958707489836,0.24779589770594923,0.4516285748072628,다운로드=L0(최소) AND 조회수=L0(최소),형식=CSV,BI,0.077515874940943,1491,[]
"frozenset({'다운로드=L0(최소)', '조회수=L0(최소)'})","frozenset({'형식=CSV', '표준=N'})",0.11699321189118171,0.6992794803082281,0.09052897198210692,0.7737967914438503,1.1065629883816646,1.0,0.00871801957125097,1.3294264109305285,0.10906017964423471,0.12473958707489836,0.24779589770594923,0.4516285748072628,다운로드=L0(최소) AND 조회수=L0(최소),표준=N AND 형식=CSV,BI,0.077515874940943,1491,[]
"frozenset({'다운로드=L0(최소)', '조회수=L0(최소)'})","frozenset({'형식=CSV', '유형=FILE'})",0.11699321189118171,0.6992794803082281,0.09052897198210692,0.7737967914438503,1.1065629883816646,1.0,0.00871801957125097,1.3294264109305285,0.10906017964423471,0.12473958707489836,0.24779589770594923,0.4516285748072628,다운로드=L0(최소) AND 조회수=L0(최소),유형=FILE AND 형식=CSV,BI,0.077515874940943,1491,[]
"frozenset({'다운로드=L0(최소)', '조회수=L0(최소)'})","frozenset({'형식=CSV', '표준=N', '유형=FILE'})",0.11699321189118171,0.6992794803082281,0.09052897198210692,0.7737967914438503,1.1065629883816646,1.0,0.00871801957125097,1.3294264109305285,0.10906017964423471,0.12473958707489836,0.24779589770594923,0.4516285748072628,다운로드=L0(최소) AND 조회수=L0(최소),유형=FILE AND 표준=N AND 형식=CSV,BI,0.077515874940943,1491,[]
frozenset({'도메인=환경기상'}),frozenset({'국가중점=N'}),0.07836042668112572,0.9609709810954818,0.07697360875050832,0.9823020625415834,1.0221974251728025,1.0,0.001671512643686368,2.2052862937402384,0.0235617044364147,0.07998439751660472,0.5465441367687608,0.5312009444652361,도메인=환경기상,국가중점=N,BR,0.07728971157971136,1494,['환경기상']
"frozenset({'국가중점=N', '표준=N', '주기=수시', '조회수=L0(최소)'})",frozenset({'형식=CSV'}),0.10939178127900066,0.6992794803082281,0.08646236301262734,0.7903917643694595,1.130294519754921,1.0,0.009966935049856407,1.4346789322812088,0.12943383794683305,0.11971932661488263,0.3029799368350996,0.45701834762767146,국가중점=N AND 조회수=L0(최소) AND 주기=수시 AND 표준=N,형식=CSV,BI,0.07724335503466878,1499,[]
"frozenset({'국가중점=N', '주기=수시', '조회수=L0(최소)'})","frozenset({'형식=CSV', '유형=FILE'})",0.10939178127900066,0.6992794803082281,0.08646236301262734,0.7903917643694595,1.130294519754921,1.0,0.009966935049856407,1.4346789322812088,0.12943383794683305,0.11971932661488263,0.3029799368350996,0.45701834762767146,국가중점=N AND 조회수=L0(최소) AND 주기=수시,유형=FILE AND 형식=CSV,BI,0.07724335503466878,1499,[]
"frozenset({'국가중점=N', '주기=수시', '조회수=L0(최소)'})","frozenset({'형식=CSV', '표준=N'})",0.10939178127900066,0.6992794803082281,0.08646236301262734,0.7903917643694595,1.130294519754921,1.0,0.009966935049856407,1.4346789322812088,0.12943383794683305,0.11971932661488263,0.3029799368350996,0.45701834762767146,국가중점=N AND 조회수=L0(최소) AND 주기=수시,표준=N AND 형식=CSV,BI,0.07724335503466878,1499,[]
"frozenset({'국가중점=N', '주기=수시', '유형=FILE', '조회수=L0(최소)'})",frozenset({'형식=CSV'}),0.10939178127900066,0.6992794803082281,0.08646236301262734,0.7903917643694595,1.130294519754921,1.0,0.009966935049856407,1.4346789322812088,0.12943383794683305,0.11971932661488263,0.3029799368350996,0.45701834762767146,국가중점=N AND 유형=FILE AND 조회수=L0(최소) AND 주기=수시,형식=CSV,BI,0.07724335503466878,1499,[]
"frozenset({'국가중점=N', '표준=N', '주기=수시', '조회수=L0(최소)'})","frozenset({'형식=CSV', '유형=FILE'})",0.10939178127900066,0.6992794803082281,0.08646236301262734,0.7903917643694595,1.130294519754921,1.0,0.009966935049856407,1.4346789322812088,0.12943383794683305,0.11971932661488263,0.3029799368350996,0.45701834762767146,국가중점=N AND 조회수=L0(최소) AND 주기=수시 AND 표준=N,유형=FILE AND 형식=CSV,BI,0.07724335503466878,1499,[]
"frozenset({'국가중점=N', '주기=수시', '조회수=L0(최소)', '표준=N', '유형=FILE'})",frozenset({'형식=CSV'}),0.10939178127900066,0.6992794803082281,0.08646236301262734,0.7903917643694595,1.130294519754921,1.0,0.009966935049856407,1.4346789322812088,0.12943383794683305,0.11971932661488263,0.3029799368350996,0.45701834762767146,국가중점=N AND 유형=FILE AND 조회수=L0(최소) AND 주기=수시 AND 표준=N,형식=CSV,BI,0.07724335503466878,1499,[]
"frozenset({'국가중점=N', '주기=수시', '조회수=L0(최소)'})",frozenset({'형식=CSV'}),0.10939178127900066,0.6992794803082281,0.08646236301262734,0.7903917643694595,1.130294519754921,1.0,0.009966935049856407,1.4346789322812088,0.12943383794683305,0.11971932661488263,0.3029799368350996,0.45701834762767146,국가중점=N AND 조회수=L0(최소) AND 주기=수시,형식=CSV,BI,0.07724335503466878,1499,[]
"frozenset({'국가중점=N', '주기=수시', '유형=FILE', '조회수=L0(최소)'})","frozenset({'형식=CSV', '표준=N'})",0.10939178127900066,0.6992794803082281,0.08646236301262734,0.7903917643694595,1.130294519754921,1.0,0.009966935049856407,1.4346789322812088,0.12943383794683305,0.11971932661488263,0.3029799368350996,0.45701834762767146,국가중점=N AND 유형=FILE AND 조회수=L0(최소) AND 주기=수시,표준=N AND 형식=CSV,BI,0.07724335503466878,1499,[]
"frozenset({'국가중점=N', '주기=수시', '조회수=L0(최소)'})","frozenset({'형식=CSV', '표준=N', '유형=FILE'})",0.10939178127900066,0.6992794803082281,0.08646236301262734,0.7903917643694595,1.130294519754921,1.0,0.009966935049856407,1.4346789322812088,0.12943383794683305,0.11971932661488263,0.3029799368350996,0.45701834762767146,국가중점=N AND 조회수=L0(최소) AND 주기=수시,유형=FILE AND 표준=N AND 형식=CSV,BI,0.07724335503466878,1499,[]
"frozenset({'표준=N', '주기=수시', '조회수=L0(최소)'})",frozenset({'형식=CSV'}),0.10942306288645819,0.6992794803082281,0.08646236301262734,0.7901658090337336,1.1299713938201714,1.0,0.009945060463650304,1.4331340298117414,0.12915430390372082,0.11971414134122574,0.3022285569959138,0.4569053699598085,조회수=L0(최소) AND 주기=수시 AND 표준=N,형식=CSV,BI,0.07719919705070055,1508,[]
"frozenset({'주기=수시', '조회수=L0(최소)'})","frozenset({'형식=CSV', '유형=FILE'})",0.10942306288645819,0.6992794803082281,0.08646236301262734,0.7901658090337336,1.1299713938201714,1.0,0.009945060463650304,1.4331340298117414,0.12915430390372082,0.11971414134122574,0.3022285569959138,0.4569053699598085,조회수=L0(최소) AND 주기=수시,유형=FILE AND 형식=CSV,BI,0.07719919705070055,1508,[]
"frozenset({'주기=수시', '조회수=L0(최소)'})",frozenset({'형식=CSV'}),0.10942306288645819,0.6992794803082281,0.08646236301262734,0.7901658090337336,1.1299713938201714,1.0,0.009945060463650304,1.4331340298117414,0.12915430390372082,0.11971414134122574,0.3022285569959138,0.4569053699598085,조회수=L0(최소) AND 주기=수시,형식=CSV,BI,0.07719919705070055,1508,[]
"frozenset({'표준=N', '주기=수시', '조회수=L0(최소)'})","frozenset({'형식=CSV', '유형=FILE'})",0.10942306288645819,0.6992794803082281,0.08646236301262734,0.7901658090337336,1.1299713938201714,1.0,0.009945060463650304,1.4331340298117414,0.12915430390372082,0.11971414134122574,0.3022285569959138,0.4569053699598085,조회수=L0(최소) AND 주기=수시 AND 표준=N,유형=FILE AND 형식=CSV,BI,0.07719919705070055,1508,[]
"frozenset({'주기=수시', '조회수=L0(최소)'})","frozenset({'형식=CSV', '표준=N', '유형=FILE'})",0.10942306288645819,0.6992794803082281,0.08646236301262734,0.7901658090337336,1.1299713938201714,1.0,0.009945060463650304,1.4331340298117414,0.12915430390372082,0.11971414134122574,0.3022285569959138,0.4569053699598085,조회수=L0(최소) AND 주기=수시,유형=FILE AND 표준=N AND 형식=CSV,BI,0.07719919705070055,1508,[]
"frozenset({'주기=수시', '유형=FILE', '조회수=L0(최소)'})","frozenset({'형식=CSV', '표준=N'})",0.10942306288645819,0.6992794803082281,0.08646236301262734,0.7901658090337336,1.1299713938201714,1.0,0.009945060463650304,1.4331340298117414,0.12915430390372082,0.11971414134122574,0.3022285569959138,0.4569053699598085,유형=FILE AND 조회수=L0(최소) AND 주기=수시,표준=N AND 형식=CSV,BI,0.07719919705070055,1508,[]
"frozenset({'표준=N', '주기=수시', '유형=FILE', '조회수=L0(최소)'})",frozenset({'형식=CSV'}),0.10942306288645819,0.6992794803082281,0.08646236301262734,0.7901658090337336,1.1299713938201714,1.0,0.009945060463650304,1.4331340298117414,0.12915430390372082,0.11971414134122574,0.3022285569959138,0.4569053699598085,유형=FILE AND 조회수=L0(최소) AND 주기=수시 AND 표준=N,형식=CSV,BI,0.07719919705070055,1508,[]
"frozenset({'주기=수시', '유형=FILE', '조회수=L0(최소)'})",frozenset({'형식=CSV'}),0.10942306288645819,0.6992794803082281,0.08646236301262734,0.7901658090337336,1.1299713938201714,1.0,0.009945060463650304,1.4331340298117414,0.12915430390372082,0.11971414134122574,0.3022285569959138,0.4569053699598085,유형=FILE AND 조회수=L0(최소) AND 주기=수시,형식=CSV,BI,0.07719919705070055,1508,[]
"frozenset({'주기=수시', '조회수=L0(최소)'})","frozenset({'형식=CSV', '표준=N'})",0.10942306288645819,0.6992794803082281,0.08646236301262734,0.7901658090337336,1.1299713938201714,1.0,0.009945060463650304,1.4331340298117414,0.12915430390372082,0.11971414134122574,0.3022285569959138,0.4569053699598085,조회수=L0(최소) AND 주기=수시,표준=N AND 형식=CSV,BI,0.07719919705070055,1508,[]
"frozenset({'도메인=환경기상', '표준=N'})",frozenset({'국가중점=N'}),0.07801632899909283,0.9609709810954818,0.07662951106847544,0.9822240042769314,1.0221161966381354,1.0,0.0016580828487493121,2.1956024018316214,0.02346858703408364,0.07962684060546306,0.5445441309565988,0.5309828788745767,도메인=환경기상 AND 표준=N,국가중점=N,BR,0.07693197261450001,1513,['환경기상']
"frozenset({'도메인=산업고용', '표준=N'})",frozenset({'유형=FILE'}),0.09232245080967227,0.8711614860848983,0.08291711416744002,0.8981251411791281,1.0309513856212902,1.0,0.0024893507210859978,1.264674281822961,0.033075796852823657,0.09416334118817274,0.2092825683475172,0.49665254988265656,도메인=산업고용 AND 표준=N,유형=FILE,BI,0.07677489284859738,1514,['산업고용']
"frozenset({'도메인=문화관광', '주기=수시'})","frozenset({'표준=N', '유형=FILE'})",0.06677580471935185,0.8711614860848983,0.06677580471935185,1.0,1.1478928028534836,1.0,0.008603295445526328,inf,0.13805740846266437,0.07665146564209367,1.0,0.5383257328210468,도메인=문화관광 AND 주기=수시,유형=FILE AND 표준=N,BR,0.07665146564209367,1516,['문화관광']
"frozenset({'표준=N', '도메인=문화관광', '주기=수시'})",frozenset({'유형=FILE'}),0.06677580471935185,0.8711614860848983,0.06677580471935185,1.0,1.1478928028534836,1.0,0.008603295445526328,inf,0.13805740846266437,0.07665146564209367,1.0,0.5383257328210468,도메인=문화관광 AND 주기=수시 AND 표준=N,유형=FILE,BR,0.07665146564209367,1516,['문화관광']
"frozenset({'도메인=문화관광', '주기=수시'})",frozenset({'유형=FILE'}),0.06677580471935185,0.8711614860848983,0.06677580471935185,1.0,1.1478928028534836,1.0,0.008603295445526328,inf,0.13805740846266437,0.07665146564209367,1.0,0.5383257328210468,도메인=문화관광 AND 주기=수시,유형=FILE,BR,0.07665146564209367,1516,['문화관광']
"frozenset({'주기=연간', '조회수=L0(최소)'})","frozenset({'표준=N', '유형=FILE'})",0.06675495031438015,0.8711614860848983,0.06675495031438015,1.0,1.1478928028534836,1.0,0.008600608594981192,inf,0.13805432341538085,0.07662752702071887,1.0,0.5383137635103594,조회수=L0(최소) AND 주기=연간,유형=FILE AND 표준=N,BR,0.07662752702071887,1519,[]
"frozenset({'주기=연간', '조회수=L0(최소)'})",frozenset({'유형=FILE'}),0.06675495031438015,0.8711614860848983,0.06675495031438015,1.0,1.1478928028534836,1.0,0.008600608594981192,inf,0.13805432341538085,0.07662752702071887,1.0,0.5383137635103594,조회수=L0(최소) AND 주기=연간,유형=FILE,BR,0.07662752702071887,1519,[]
"frozenset({'표준=N', '주기=연간', '조회수=L0(최소)'})",frozenset({'유형=FILE'}),0.06675495031438015,0.8711614860848983,0.06675495031438015,1.0,1.1478928028534836,1.0,0.008600608594981192,inf,0.13805432341538085,0.07662752702071887,1.0,0.5383137635103594,조회수=L0(최소) AND 주기=연간 AND 표준=N,유형=FILE,BR,0.07662752702071887,1519,[]
"frozenset({'국가중점=N', '표준=N', '주기=연간', '조회수=L0(최소)'})",frozenset({'유형=FILE'}),0.06674452311189431,0.8711614860848983,0.06674452311189431,1.0,1.1478928028534836,1.0,0.008599265169708624,inf,0.1380527809434426,0.07661555771003148,1.0,0.5383077788550157,국가중점=N AND 조회수=L0(최소) AND 주기=연간 AND 표준=N,유형=FILE,BR,0.07661555771003148,1522,[]
"frozenset({'국가중점=N', '주기=연간', '조회수=L0(최소)'})","frozenset({'표준=N', '유형=FILE'})",0.06674452311189431,0.8711614860848983,0.06674452311189431,1.0,1.1478928028534836,1.0,0.008599265169708624,inf,0.1380527809434426,0.07661555771003148,1.0,0.5383077788550157,국가중점=N AND 조회수=L0(최소) AND 주기=연간,유형=FILE AND 표준=N,BR,0.07661555771003148,1522,[]
"frozenset({'국가중점=N', '주기=연간', '조회수=L0(최소)'})",frozenset({'유형=FILE'}),0.06674452311189431,0.8711614860848983,0.06674452311189431,1.0,1.1478928028534836,1.0,0.008599265169708624,inf,0.1380527809434426,0.07661555771003148,1.0,0.5383077788550157,국가중점=N AND 조회수=L0(최소) AND 주기=연간,유형=FILE,BR,0.07661555771003148,1522,[]
frozenset({'도메인=산업고용'}),"frozenset({'표준=N', '유형=FILE'})",0.0924684316444741,0.8711614860848983,0.08291711416744002,0.8967072620658548,1.0293238123918473,1.0,0.0023621778401001214,1.2473143465055925,0.03139110991565523,0.09414773332701895,0.19827748089200992,0.4959436103260199,도메인=산업고용,유형=FILE AND 표준=N,BI,0.07653267361926502,1524,['산업고용']
frozenset({'도메인=산업고용'}),frozenset({'유형=FILE'}),0.0924684316444741,0.8711614860848983,0.08291711416744002,0.8967072620658548,1.0293238123918473,1.0,0.0023621778401001214,1.2473143465055925,0.03139110991565523,0.09414773332701895,0.19827748089200992,0.4959436103260199,도메인=산업고용,유형=FILE,BI,0.07653267361926502,1524,['산업고용']
frozenset({'도메인=환경기상'}),"frozenset({'국가중점=N', '표준=N'})",0.07836042668112572,0.9578428203497283,0.07662951106847544,0.9779108449767133,1.0209512711278221,1.0,0.0015725389724178807,1.9085012353722453,0.02226610479101318,0.07985786625518877,0.47602863363881753,0.5289565111014636,도메인=환경기상,국가중점=N AND 표준=N,BR,0.07650685176022032,1526,['환경기상']
"frozenset({'형식=CSV', '주기=연간', '다운로드=L2(중)'})",frozenset({'표준=N'}),0.07614985975412657,0.9968718392542465,0.07614985975412657,1.0,1.0031379768417308,1.0,0.00023820900207749407,inf,0.003386004514672678,0.07638881625053608,1.0,0.5381944081252681,다운로드=L2(중) AND 주기=연간 AND 형식=CSV,표준=N,BR,0.07638881625053606,1527,[]
"frozenset({'형식=CSV', '주기=연간', '유형=FILE', '다운로드=L2(중)'})",frozenset({'표준=N'}),0.07614985975412657,0.9968718392542465,0.07614985975412657,1.0,1.0031379768417308,1.0,0.00023820900207749407,inf,0.003386004514672678,0.07638881625053608,1.0,0.5381944081252681,다운로드=L2(중) AND 유형=FILE AND 주기=연간 AND 형식=CSV,표준=N,BR,0.07638881625053606,1527,[]
"frozenset({'형식=CSV', '다운로드=L0(최소)', '주기=수시'})","frozenset({'국가중점=N', '표준=N', '유형=FILE'})",0.06627529900003128,0.8547803509796357,0.0659312013179984,0.9948080553807428,1.1638171774077704,1.0,0.009280377977471367,27.970184520408164,0.15074948179476155,0.07710129376044095,0.9642476437983325,0.5359701933974076,다운로드=L0(최소) AND 주기=수시 AND 형식=CSV,국가중점=N AND 유형=FILE AND 표준=N,BR,0.07633347702937171,1530,[]
"frozenset({'형식=CSV', '다운로드=L0(최소)', '표준=N', '주기=수시'})","frozenset({'국가중점=N', '유형=FILE'})",0.06627529900003128,0.8547803509796357,0.0659312013179984,0.9948080553807428,1.1638171774077704,1.0,0.009280377977471367,27.970184520408164,0.15074948179476155,0.07710129376044095,0.9642476437983325,0.5359701933974076,다운로드=L0(최소) AND 주기=수시 AND 표준=N AND 형식=CSV,국가중점=N AND 유형=FILE,BR,0.07633347702937171,1530,[]
"frozenset({'형식=CSV', '다운로드=L0(최소)', '주기=수시'})","frozenset({'국가중점=N', '유형=FILE'})",0.06627529900003128,0.8547803509796357,0.0659312013179984,0.9948080553807428,1.1638171774077704,1.0,0.009280377977471367,27.970184520408164,0.15074948179476155,0.07710129376044095,0.9642476437983325,0.5359701933974076,다운로드=L0(최소) AND 주기=수시 AND 형식=CSV,국가중점=N AND 유형=FILE,BR,0.07633347702937171,1530,[]
"frozenset({'형식=CSV', '국가중점=N', '주기=연간', '다운로드=L2(중)'})",frozenset({'표준=N'}),0.07607686933672565,0.9968718392542465,0.07607686933672565,1.0,1.0031379768417308,1.0,0.00023798067631895792,inf,0.003385737018519881,0.07631559679089568,1.0,0.5381577983954479,국가중점=N AND 다운로드=L2(중) AND 주기=연간 AND 형식=CSV,표준=N,BR,0.07631559679089568,1532,[]
"frozenset({'국가중점=N', '형식=CSV', '주기=연간', '다운로드=L2(중)', '유형=FILE'})",frozenset({'표준=N'}),0.07607686933672565,0.9968718392542465,0.07607686933672565,1.0,1.0031379768417308,1.0,0.00023798067631895792,inf,0.003385737018519881,0.07631559679089568,1.0,0.5381577983954479,국가중점=N AND 다운로드=L2(중) AND 유형=FILE AND 주기=연간 AND 형식=CSV,표준=N,BR,0.07631559679089568,1532,[]
"frozenset({'도메인=산업고용', '표준=N'})","frozenset({'국가중점=N', '유형=FILE'})",0.09232245080967227,0.8547803509796357,0.08220806439840256,0.890444996611701,1.0417237546361369,1.0,0.0032926474920107474,1.3255410025013465,0.04412647357551493,0.0950497914305693,0.2455910468910718,0.4933097433531814,도메인=산업고용 AND 표준=N,국가중점=N AND 유형=FILE,BI,0.07625601188220409,1534,['산업고용']
"frozenset({'조회수=L4(최대)', '표준=N', '주기=수시'})",frozenset({'유형=FILE'}),0.06635871661991805,0.8711614860848983,0.06635871661991805,1.0,1.1478928028534836,1.0,0.0085495584346236,inf,0.13799573370263232,0.07617269321459777,1.0,0.5380863466072989,조회수=L4(최대) AND 주기=수시 AND 표준=N,유형=FILE,BR,0.07617269321459777,1536,[]
"frozenset({'조회수=L4(최대)', '주기=수시'})","frozenset({'표준=N', '유형=FILE'})",0.06635871661991805,0.8711614860848983,0.06635871661991805,1.0,1.1478928028534836,1.0,0.0085495584346236,inf,0.13799573370263232,0.07617269321459777,1.0,0.5380863466072989,조회수=L4(최대) AND 주기=수시,유형=FILE AND 표준=N,BR,0.07617269321459777,1536,[]
"frozenset({'조회수=L4(최대)', '주기=수시'})",frozenset({'유형=FILE'}),0.06635871661991805,0.8711614860848983,0.06635871661991805,1.0,1.1478928028534836,1.0,0.0085495584346236,inf,0.13799573370263232,0.07617269321459777,1.0,0.5380863466072989,조회수=L4(최대) AND 주기=수시,유형=FILE,BR,0.07617269321459777,1536,[]
"frozenset({'형식=CSV', '다운로드=L0(최소)', '주기=수시'})",frozenset({'유형=FILE'}),0.06627529900003128,0.8711614860848983,0.06627529900003128,1.0,1.1478928028534836,1.0,0.008538811032443056,inf,0.13798340536254702,0.07607693872909858,1.0,0.5380384693645492,다운로드=L0(최소) AND 주기=수시 AND 형식=CSV,유형=FILE,BR,0.07607693872909858,1539,[]
"frozenset({'형식=CSV', '다운로드=L0(최소)', '표준=N', '주기=수시'})",frozenset({'유형=FILE'}),0.06627529900003128,0.8711614860848983,0.06627529900003128,1.0,1.1478928028534836,1.0,0.008538811032443056,inf,0.13798340536254702,0.07607693872909858,1.0,0.5380384693645492,다운로드=L0(최소) AND 주기=수시 AND 표준=N AND 형식=CSV,유형=FILE,BR,0.07607693872909858,1539,[]
"frozenset({'형식=CSV', '다운로드=L0(최소)', '주기=수시'})","frozenset({'표준=N', '유형=FILE'})",0.06627529900003128,0.8711614860848983,0.06627529900003128,1.0,1.1478928028534836,1.0,0.008538811032443056,inf,0.13798340536254702,0.07607693872909858,1.0,0.5380384693645492,다운로드=L0(최소) AND 주기=수시 AND 형식=CSV,유형=FILE AND 표준=N,BR,0.07607693872909858,1539,[]
frozenset({'도메인=산업고용'}),"frozenset({'국가중점=N', '유형=FILE'})",0.0924684316444741,0.8547803509796357,0.08220806439840256,0.8890392422192153,1.0400791749603469,1.0,0.0031678659428025363,1.308747812512797,0.042461040402665316,0.0950337512054002,0.23591085277155177,0.49260686615693855,도메인=산업고용,국가중점=N AND 유형=FILE,BI,0.07601542968475979,1541,['산업고용']
frozenset({'도메인=산업고용'}),"frozenset({'국가중점=N', '표준=N', '유형=FILE'})",0.0924684316444741,0.8547803509796357,0.08220806439840256,0.8890392422192153,1.0400791749603469,1.0,0.0031678659428025363,1.308747812512797,0.042461040402665316,0.0950337512054002,0.23591085277155177,0.49260686615693855,도메인=산업고용,국가중점=N AND 유형=FILE AND 표준=N,BI,0.07601542968475979,1541,['산업고용']
"frozenset({'국가중점=N', '도메인=문화관광', '주기=수시'})","frozenset({'표준=N', '유형=FILE'})",0.06600419173539931,0.8711614860848983,0.06600419173539931,1.0,1.1478928028534836,1.0,0.008503881975356287,inf,0.13794335346588815,0.07576573665122625,1.0,0.5378828683256132,국가중점=N AND 도메인=문화관광 AND 주기=수시,유형=FILE AND 표준=N,BR,0.07576573665122625,1544,['문화관광']
"frozenset({'국가중점=N', '도메인=문화관광', '주기=수시'})",frozenset({'유형=FILE'}),0.06600419173539931,0.8711614860848983,0.06600419173539931,1.0,1.1478928028534836,1.0,0.008503881975356287,inf,0.13794335346588815,0.07576573665122625,1.0,0.5378828683256132,국가중점=N AND 도메인=문화관광 AND 주기=수시,유형=FILE,BR,0.07576573665122625,1544,['문화관광']
"frozenset({'표준=N', '국가중점=N', '도메인=문화관광', '주기=수시'})",frozenset({'유형=FILE'}),0.06600419173539931,0.8711614860848983,0.06600419173539931,1.0,1.1478928028534836,1.0,0.008503881975356287,inf,0.13794335346588815,0.07576573665122625,1.0,0.5378828683256132,국가중점=N AND 도메인=문화관광 AND 주기=수시 AND 표준=N,유형=FILE,BR,0.07576573665122625,1544,['문화관광']
"frozenset({'조회수=L3(상)', '주기=수시'})","frozenset({'국가중점=N', '표준=N', '유형=FILE'})",0.07116565696589262,0.8547803509796357,0.06895509003889347,0.9689377289377289,1.1335517104800796,1.0,0.00812408479989142,4.675113700773514,0.1268439778991397,0.08046186791259065,0.786101458915417,0.5248038405594275,조회수=L3(상) AND 주기=수시,국가중점=N AND 유형=FILE AND 표준=N,BR,0.07573620392654791,1547,[]
"frozenset({'조회수=L3(상)', '표준=N', '주기=수시'})","frozenset({'국가중점=N', '유형=FILE'})",0.07116565696589262,0.8547803509796357,0.06895509003889347,0.9689377289377289,1.1335517104800796,1.0,0.00812408479989142,4.675113700773514,0.1268439778991397,0.08046186791259065,0.786101458915417,0.5248038405594275,조회수=L3(상) AND 주기=수시 AND 표준=N,국가중점=N AND 유형=FILE,BR,0.07573620392654791,1547,[]
"frozenset({'조회수=L3(상)', '주기=수시'})","frozenset({'국가중점=N', '유형=FILE'})",0.07116565696589262,0.8547803509796357,0.06895509003889347,0.9689377289377289,1.1335517104800796,1.0,0.00812408479989142,4.675113700773514,0.1268439778991397,0.08046186791259065,0.786101458915417,0.5248038405594275,조회수=L3(상) AND 주기=수시,국가중점=N AND 유형=FILE,BR,0.07573620392654791,1547,[]
"frozenset({'형식=CSV', '다운로드=L0(최소)', '국가중점=N', '주기=수시'})",frozenset({'유형=FILE'}),0.0659312013179984,0.8711614860848983,0.0659312013179984,1.0,1.1478928028534836,1.0,0.00849447799844831,inf,0.1379325742353204,0.07568195147641449,1.0,0.5378409757382072,국가중점=N AND 다운로드=L0(최소) AND 주기=수시 AND 형식=CSV,유형=FILE,BR,0.07568195147641447,1550,[]
"frozenset({'형식=CSV', '다운로드=L0(최소)', '국가중점=N', '주기=수시'})","frozenset({'표준=N', '유형=FILE'})",0.0659312013179984,0.8711614860848983,0.0659312013179984,1.0,1.1478928028534836,1.0,0.00849447799844831,inf,0.1379325742353204,0.07568195147641449,1.0,0.5378409757382072,국가중점=N AND 다운로드=L0(최소) AND 주기=수시 AND 형식=CSV,유형=FILE AND 표준=N,BR,0.07568195147641447,1550,[]
"frozenset({'다운로드=L0(최소)', '국가중점=N', '형식=CSV', '주기=수시', '표준=N'})",frozenset({'유형=FILE'}),0.0659312013179984,0.8711614860848983,0.0659312013179984,1.0,1.1478928028534836,1.0,0.00849447799844831,inf,0.1379325742353204,0.07568195147641449,1.0,0.5378409757382072,국가중점=N AND 다운로드=L0(최소) AND 주기=수시 AND 표준=N AND 형식=CSV,유형=FILE,BR,0.07568195147641447,1550,[]
"frozenset({'주기=연간', '유형=FILE', '조회수=L2(중)'})",frozenset({'표준=N'}),0.07537824677017403,0.9968718392542465,0.07537824677017403,1.0,1.0031379768417308,1.0,0.0002357952726301793,inf,0.00338317883483319,0.0756147819629091,1.0,0.5378073909814546,유형=FILE AND 조회수=L2(중) AND 주기=연간,표준=N,BR,0.0756147819629091,1552,[]
"frozenset({'주기=연간', '조회수=L2(중)'})",frozenset({'표준=N'}),0.07537824677017403,0.9968718392542465,0.07537824677017403,1.0,1.0031379768417308,1.0,0.0002357952726301793,inf,0.00338317883483319,0.0756147819629091,1.0,0.5378073909814546,조회수=L2(중) AND 주기=연간,표준=N,BR,0.0756147819629091,1552,[]
"frozenset({'국가중점=N', '주기=연간', '조회수=L2(중)'})",frozenset({'표준=N'}),0.07533653796023065,0.9968718392542465,0.07533653796023065,1.0,1.0031379768417308,1.0,0.00023566480076815666,inf,0.003383026229729934,0.07557294227168602,1.0,0.537786471135843,국가중점=N AND 조회수=L2(중) AND 주기=연간,표준=N,BR,0.07557294227168602,1554,[]
"frozenset({'국가중점=N', '주기=연간', '유형=FILE', '조회수=L2(중)'})",frozenset({'표준=N'}),0.07533653796023065,0.9968718392542465,0.07533653796023065,1.0,1.0031379768417308,1.0,0.00023566480076815666,inf,0.003383026229729934,0.07557294227168602,1.0,0.537786471135843,국가중점=N AND 유형=FILE AND 조회수=L2(중) AND 주기=연간,표준=N,BR,0.07557294227168602,1554,[]
"frozenset({'조회수=L4(최대)', '주기=연간', '형식=CSV'})",frozenset({'표준=N'}),0.07528440194780142,0.9968718392542465,0.07528440194780142,1.0,1.0031379768417308,1.0,0.00023550171094063876,inf,0.0033828354927099374,0.07552064265765718,1.0,0.5377603213288286,조회수=L4(최대) AND 주기=연간 AND 형식=CSV,표준=N,BR,0.07552064265765718,1556,[]
"frozenset({'형식=CSV', '조회수=L4(최대)', '주기=연간', '유형=FILE'})",frozenset({'표준=N'}),0.07528440194780142,0.9968718392542465,0.07528440194780142,1.0,1.0031379768417308,1.0,0.00023550171094063876,inf,0.0033828354927099374,0.07552064265765718,1.0,0.5377603213288286,유형=FILE AND 조회수=L4(최대) AND 주기=연간 AND 형식=CSV,표준=N,BR,0.07552064265765718,1556,[]
"frozenset({'다운로드=L3(상)', '주기=연간', '조회수=L3(상)'})","frozenset({'형식=CSV', '국가중점=N', '표준=N'})",0.05544143561723825,0.6867564101227281,0.054221452926394374,0.9779951100244498,1.4240786043040723,1.0,0.016146691629849476,14.235180917755992,0.3152706268076745,0.07881295563739978,0.9297515074955831,0.5284740361394302,다운로드=L3(상) AND 조회수=L3(상) AND 주기=연간,국가중점=N AND 표준=N AND 형식=CSV,BR,0.07551648998216005,1562,[]
"frozenset({'유형=FILE', '다운로드=L3(상)', '주기=연간', '조회수=L3(상)'})","frozenset({'형식=CSV', '국가중점=N'})",0.05544143561723825,0.6867564101227281,0.054221452926394374,0.9779951100244498,1.4240786043040723,1.0,0.016146691629849476,14.235180917755992,0.3152706268076745,0.07881295563739978,0.9297515074955831,0.5284740361394302,다운로드=L3(상) AND 유형=FILE AND 조회수=L3(상) AND 주기=연간,국가중점=N AND 형식=CSV,BR,0.07551648998216005,1562,[]
"frozenset({'다운로드=L3(상)', '주기=연간', '조회수=L3(상)'})","frozenset({'형식=CSV', '국가중점=N'})",0.05544143561723825,0.6867564101227281,0.054221452926394374,0.9779951100244498,1.4240786043040723,1.0,0.016146691629849476,14.235180917755992,0.3152706268076745,0.07881295563739978,0.9297515074955831,0.5284740361394302,다운로드=L3(상) AND 조회수=L3(상) AND 주기=연간,국가중점=N AND 형식=CSV,BR,0.07551648998216005,1562,[]
"frozenset({'다운로드=L3(상)', '조회수=L3(상)', '주기=연간', '표준=N', '유형=FILE'})","frozenset({'형식=CSV', '국가중점=N'})",0.05544143561723825,0.6867564101227281,0.054221452926394374,0.9779951100244498,1.4240786043040723,1.0,0.016146691629849476,14.235180917755992,0.3152706268076745,0.07881295563739978,0.9297515074955831,0.5284740361394302,다운로드=L3(상) AND 유형=FILE AND 조회수=L3(상) AND 주기=연간 AND 표준=N,국가중점=N AND 형식=CSV,BR,0.07551648998216005,1562,[]
"frozenset({'다운로드=L3(상)', '주기=연간', '조회수=L3(상)'})","frozenset({'형식=CSV', '국가중점=N', '표준=N', '유형=FILE'})",0.05544143561723825,0.6867564101227281,0.054221452926394374,0.9779951100244498,1.4240786043040723,1.0,0.016146691629849476,14.235180917755992,0.3152706268076745,0.07881295563739978,0.9297515074955831,0.5284740361394302,다운로드=L3(상) AND 조회수=L3(상) AND 주기=연간,국가중점=N AND 유형=FILE AND 표준=N AND 형식=CSV,BR,0.07551648998216005,1562,[]
"frozenset({'유형=FILE', '다운로드=L3(상)', '주기=연간', '조회수=L3(상)'})","frozenset({'형식=CSV', '국가중점=N', '표준=N'})",0.05544143561723825,0.6867564101227281,0.054221452926394374,0.9779951100244498,1.4240786043040723,1.0,0.016146691629849476,14.235180917755992,0.3152706268076745,0.07881295563739978,0.9297515074955831,0.5284740361394302,다운로드=L3(상) AND 유형=FILE AND 조회수=L3(상) AND 주기=연간,국가중점=N AND 표준=N AND 형식=CSV,BR,0.07551648998216005,1562,[]
"frozenset({'다운로드=L3(상)', '표준=N', '주기=연간', '조회수=L3(상)'})","frozenset({'형식=CSV', '국가중점=N', '유형=FILE'})",0.05544143561723825,0.6867564101227281,0.054221452926394374,0.9779951100244498,1.4240786043040723,1.0,0.016146691629849476,14.235180917755992,0.3152706268076745,0.07881295563739978,0.9297515074955831,0.5284740361394302,다운로드=L3(상) AND 조회수=L3(상) AND 주기=연간 AND 표준=N,국가중점=N AND 유형=FILE AND 형식=CSV,BR,0.07551648998216005,1562,[]
"frozenset({'다운로드=L3(상)', '주기=연간', '조회수=L3(상)'})","frozenset({'형식=CSV', '국가중점=N', '유형=FILE'})",0.05544143561723825,0.6867564101227281,0.054221452926394374,0.9779951100244498,1.4240786043040723,1.0,0.016146691629849476,14.235180917755992,0.3152706268076745,0.07881295563739978,0.9297515074955831,0.5284740361394302,다운로드=L3(상) AND 조회수=L3(상) AND 주기=연간,국가중점=N AND 유형=FILE AND 형식=CSV,BR,0.07551648998216005,1562,[]
"frozenset({'다운로드=L3(상)', '표준=N', '주기=연간', '조회수=L3(상)'})","frozenset({'형식=CSV', '국가중점=N'})",0.05544143561723825,0.6867564101227281,0.054221452926394374,0.9779951100244498,1.4240786043040723,1.0,0.016146691629849476,14.235180917755992,0.3152706268076745,0.07881295563739978,0.9297515074955831,0.5284740361394302,다운로드=L3(상) AND 조회수=L3(상) AND 주기=연간 AND 표준=N,국가중점=N AND 형식=CSV,BR,0.07551648998216005,1562,[]
"frozenset({'도메인=문화관광', '주기=수시'})","frozenset({'국가중점=N', '표준=N', '유형=FILE'})",0.06677580471935185,0.8547803509796357,0.06600419173539931,0.9884447220487196,1.1563727698184634,1.0,0.008925545940444125,12.567386923329941,0.14490296845877187,0.07714808043875686,0.9204289637853346,0.5328312221544467,도메인=문화관광 AND 주기=수시,국가중점=N AND 유형=FILE AND 표준=N,BR,0.07544348822699319,1568,['문화관광']
"frozenset({'표준=N', '도메인=문화관광', '주기=수시'})","frozenset({'국가중점=N', '유형=FILE'})",0.06677580471935185,0.8547803509796357,0.06600419173539931,0.9884447220487196,1.1563727698184634,1.0,0.008925545940444125,12.567386923329941,0.14490296845877187,0.07714808043875686,0.9204289637853346,0.5328312221544467,도메인=문화관광 AND 주기=수시 AND 표준=N,국가중점=N AND 유형=FILE,BR,0.07544348822699319,1568,['문화관광']
"frozenset({'도메인=문화관광', '주기=수시'})","frozenset({'국가중점=N', '유형=FILE'})",0.06677580471935185,0.8547803509796357,0.06600419173539931,0.9884447220487196,1.1563727698184634,1.0,0.008925545940444125,12.567386923329941,0.14490296845877187,0.07714808043875686,0.9204289637853346,0.5328312221544467,도메인=문화관광 AND 주기=수시,국가중점=N AND 유형=FILE,BR,0.07544348822699319,1568,['문화관광']
"frozenset({'형식=CSV', '표준=N', '도메인=문화관광'})",frozenset({'유형=FILE'}),0.0657018028633098,0.8711614860848983,0.0657018028633098,1.0,1.1478928028534836,1.0,0.008464922642451807,inf,0.13789870761813347,0.07541862664129173,1.0,0.5377093133206459,도메인=문화관광 AND 표준=N AND 형식=CSV,유형=FILE,BR,0.07541862664129172,1571,['문화관광']
"frozenset({'형식=CSV', '도메인=문화관광'})","frozenset({'표준=N', '유형=FILE'})",0.0657018028633098,0.8711614860848983,0.0657018028633098,1.0,1.1478928028534836,1.0,0.008464922642451807,inf,0.13789870761813347,0.07541862664129173,1.0,0.5377093133206459,도메인=문화관광 AND 형식=CSV,유형=FILE AND 표준=N,BR,0.07541862664129172,1571,['문화관광']
"frozenset({'형식=CSV', '도메인=문화관광'})",frozenset({'유형=FILE'}),0.0657018028633098,0.8711614860848983,0.0657018028633098,1.0,1.1478928028534836,1.0,0.008464922642451807,inf,0.13789870761813347,0.07541862664129173,1.0,0.5377093133206459,도메인=문화관광 AND 형식=CSV,유형=FILE,BR,0.07541862664129172,1571,['문화관광']
"frozenset({'조회수=L1(하)', '형식=CSV', '주기=연간'})","frozenset({'국가중점=N', '유형=FILE'})",0.06428370332523488,0.8547803509796357,0.06428370332523488,1.0,1.1698911876646823,1.0,0.009335256834619839,inf,0.15519623793710585,0.07520493803064313,1.0,0.5376024690153216,조회수=L1(하) AND 주기=연간 AND 형식=CSV,국가중점=N AND 유형=FILE,BR,0.07520493803064311,1574,[]
"frozenset({'조회수=L1(하)', '형식=CSV', '주기=연간'})","frozenset({'국가중점=N', '표준=N', '유형=FILE'})",0.06428370332523488,0.8547803509796357,0.06428370332523488,1.0,1.1698911876646823,1.0,0.009335256834619839,inf,0.15519623793710585,0.07520493803064313,1.0,0.5376024690153216,조회수=L1(하) AND 주기=연간 AND 형식=CSV,국가중점=N AND 유형=FILE AND 표준=N,BR,0.07520493803064311,1574,[]
"frozenset({'조회수=L1(하)', '형식=CSV', '표준=N', '주기=연간'})","frozenset({'국가중점=N', '유형=FILE'})",0.06428370332523488,0.8547803509796357,0.06428370332523488,1.0,1.1698911876646823,1.0,0.009335256834619839,inf,0.15519623793710585,0.07520493803064313,1.0,0.5376024690153216,조회수=L1(하) AND 주기=연간 AND 표준=N AND 형식=CSV,국가중점=N AND 유형=FILE,BR,0.07520493803064311,1574,[]
"frozenset({'형식=CSV', '조회수=L4(최대)', '다운로드=L4(최대)'})","frozenset({'국가중점=N', '표준=N', '유형=FILE'})",0.08027903193852122,0.8547803509796357,0.0744919345588772,0.9279127159371346,1.0855569092968556,1.0,0.005870995462162659,2.014497437491503,0.08569320850072551,0.08656141328712846,0.5035982764787121,0.5075300868648297,다운로드=L4(최대) AND 조회수=L4(최대) AND 형식=CSV,국가중점=N AND 유형=FILE AND 표준=N,BI,0.07503587913528464,1577,[]
"frozenset({'표준=N', '형식=CSV', '조회수=L4(최대)', '다운로드=L4(최대)'})","frozenset({'국가중점=N', '유형=FILE'})",0.08027903193852122,0.8547803509796357,0.0744919345588772,0.9279127159371346,1.0855569092968556,1.0,0.005870995462162659,2.014497437491503,0.08569320850072551,0.08656141328712846,0.5035982764787121,0.5075300868648297,다운로드=L4(최대) AND 조회수=L4(최대) AND 표준=N AND 형식=CSV,국가중점=N AND 유형=FILE,BI,0.07503587913528464,1577,[]
"frozenset({'형식=CSV', '조회수=L4(최대)', '다운로드=L4(최대)'})","frozenset({'국가중점=N', '유형=FILE'})",0.08027903193852122,0.8547803509796357,0.0744919345588772,0.9279127159371346,1.0855569092968556,1.0,0.005870995462162659,2.014497437491503,0.08569320850072551,0.08656141328712846,0.5035982764787121,0.5075300868648297,다운로드=L4(최대) AND 조회수=L4(최대) AND 형식=CSV,국가중점=N AND 유형=FILE,BI,0.07503587913528464,1577,[]
"frozenset({'국가중점=N', '다운로드=L4(최대)', '주기=수시', '유형=FILE'})",frozenset({'표준=N'}),0.07477346902599502,0.9968718392542465,0.07477346902599502,1.0,1.0031379768417308,1.0,0.00023390343063092733,inf,0.0033809674074740895,0.07500810644017447,1.0,0.5375040532200872,국가중점=N AND 다운로드=L4(최대) AND 유형=FILE AND 주기=수시,표준=N,BR,0.07500810644017447,1579,[]
"frozenset({'국가중점=N', '다운로드=L4(최대)', '주기=수시'})",frozenset({'표준=N'}),0.07477346902599502,0.9968718392542465,0.07477346902599502,1.0,1.0031379768417308,1.0,0.00023390343063092733,inf,0.0033809674074740895,0.07500810644017447,1.0,0.5375040532200872,국가중점=N AND 다운로드=L4(최대) AND 주기=수시,표준=N,BR,0.07500810644017447,1579,[]
"frozenset({'형식=CSV', '국가중점=N', '다운로드=L4(최대)', '조회수=L4(최대)'})",frozenset({'표준=N'}),0.0744919345588772,0.9968718392542465,0.0744919345588772,1.0,1.0031379768417308,1.0,0.0002330227455623196,inf,0.0033799389357698907,0.0747256885244187,1.0,0.5373628442622094,국가중점=N AND 다운로드=L4(최대) AND 조회수=L4(최대) AND 형식=CSV,표준=N,BR,0.07472568852441869,1581,[]
"frozenset({'국가중점=N', '형식=CSV', '다운로드=L4(최대)', '조회수=L4(최대)', '유형=FILE'})",frozenset({'표준=N'}),0.0744919345588772,0.9968718392542465,0.0744919345588772,1.0,1.0031379768417308,1.0,0.0002330227455623196,inf,0.0033799389357698907,0.0747256885244187,1.0,0.5373628442622094,국가중점=N AND 다운로드=L4(최대) AND 유형=FILE AND 조회수=L4(최대) AND 형식=CSV,표준=N,BR,0.07472568852441869,1581,[]
"frozenset({'표준=N', '형식=CSV', '국가중점=N', '도메인=문화관광'})",frozenset({'유형=FILE'}),0.06491976267687143,0.8711614860848983,0.06491976267687143,1.0,1.1478928028534836,1.0,0.008364165747009197,inf,0.1377833781237106,0.07452092833973692,1.0,0.5372604641698685,국가중점=N AND 도메인=문화관광 AND 표준=N AND 형식=CSV,유형=FILE,BR,0.07452092833973692,1584,['문화관광']
"frozenset({'형식=CSV', '국가중점=N', '도메인=문화관광'})","frozenset({'표준=N', '유형=FILE'})",0.06491976267687143,0.8711614860848983,0.06491976267687143,1.0,1.1478928028534836,1.0,0.008364165747009197,inf,0.1377833781237106,0.07452092833973692,1.0,0.5372604641698685,국가중점=N AND 도메인=문화관광 AND 형식=CSV,유형=FILE AND 표준=N,BR,0.07452092833973692,1584,['문화관광']
"frozenset({'형식=CSV', '국가중점=N', '도메인=문화관광'})",frozenset({'유형=FILE'}),0.06491976267687143,0.8711614860848983,0.06491976267687143,1.0,1.1478928028534836,1.0,0.008364165747009197,inf,0.1377833781237106,0.07452092833973692,1.0,0.5372604641698685,국가중점=N AND 도메인=문화관광 AND 형식=CSV,유형=FILE,BR,0.07452092833973692,1584,['문화관광']
"frozenset({'다운로드=L3(상)', '주기=연간', '조회수=L3(상)'})","frozenset({'형식=CSV', '표준=N', '유형=FILE'})",0.05544143561723825,0.6992794803082281,0.054294443343795296,0.979311641903329,1.400458142246171,1.0,0.015525385057830847,14.535736392737762,0.30273184329023933,0.07751626397510905,0.9312040358340832,0.5284775259156536,다운로드=L3(상) AND 조회수=L3(상) AND 주기=연간,유형=FILE AND 표준=N AND 형식=CSV,BR,0.07446401260418146,1590,[]
"frozenset({'다운로드=L3(상)', '주기=연간', '조회수=L3(상)'})","frozenset({'형식=CSV', '표준=N'})",0.05544143561723825,0.6992794803082281,0.054294443343795296,0.979311641903329,1.400458142246171,1.0,0.015525385057830847,14.535736392737762,0.30273184329023933,0.07751626397510905,0.9312040358340832,0.5284775259156536,다운로드=L3(상) AND 조회수=L3(상) AND 주기=연간,표준=N AND 형식=CSV,BR,0.07446401260418146,1590,[]
"frozenset({'다운로드=L3(상)', '조회수=L3(상)', '주기=연간', '표준=N', '유형=FILE'})",frozenset({'형식=CSV'}),0.05544143561723825,0.6992794803082281,0.054294443343795296,0.979311641903329,1.400458142246171,1.0,0.015525385057830847,14.535736392737762,0.30273184329023933,0.07751626397510905,0.9312040358340832,0.5284775259156536,다운로드=L3(상) AND 유형=FILE AND 조회수=L3(상) AND 주기=연간 AND 표준=N,형식=CSV,BR,0.07446401260418146,1590,[]
"frozenset({'유형=FILE', '다운로드=L3(상)', '주기=연간', '조회수=L3(상)'})",frozenset({'형식=CSV'}),0.05544143561723825,0.6992794803082281,0.054294443343795296,0.979311641903329,1.400458142246171,1.0,0.015525385057830847,14.535736392737762,0.30273184329023933,0.07751626397510905,0.9312040358340832,0.5284775259156536,다운로드=L3(상) AND 유형=FILE AND 조회수=L3(상) AND 주기=연간,형식=CSV,BR,0.07446401260418146,1590,[]
"frozenset({'다운로드=L3(상)', '표준=N', '주기=연간', '조회수=L3(상)'})",frozenset({'형식=CSV'}),0.05544143561723825,0.6992794803082281,0.054294443343795296,0.979311641903329,1.400458142246171,1.0,0.015525385057830847,14.535736392737762,0.30273184329023933,0.07751626397510905,0.9312040358340832,0.5284775259156536,다운로드=L3(상) AND 조회수=L3(상) AND 주기=연간 AND 표준=N,형식=CSV,BR,0.07446401260418146,1590,[]
"frozenset({'다운로드=L3(상)', '주기=연간', '조회수=L3(상)'})","frozenset({'형식=CSV', '유형=FILE'})",0.05544143561723825,0.6992794803082281,0.054294443343795296,0.979311641903329,1.400458142246171,1.0,0.015525385057830847,14.535736392737762,0.30273184329023933,0.07751626397510905,0.9312040358340832,0.5284775259156536,다운로드=L3(상) AND 조회수=L3(상) AND 주기=연간,유형=FILE AND 형식=CSV,BR,0.07446401260418146,1590,[]
"frozenset({'다운로드=L3(상)', '주기=연간', '조회수=L3(상)'})",frozenset({'형식=CSV'}),0.05544143561723825,0.6992794803082281,0.054294443343795296,0.979311641903329,1.400458142246171,1.0,0.015525385057830847,14.535736392737762,0.30273184329023933,0.07751626397510905,0.9312040358340832,0.5284775259156536,다운로드=L3(상) AND 조회수=L3(상) AND 주기=연간,형식=CSV,BR,0.07446401260418146,1590,[]
"frozenset({'유형=FILE', '다운로드=L3(상)', '주기=연간', '조회수=L3(상)'})","frozenset({'형식=CSV', '표준=N'})",0.05544143561723825,0.6992794803082281,0.054294443343795296,0.979311641903329,1.400458142246171,1.0,0.015525385057830847,14.535736392737762,0.30273184329023933,0.07751626397510905,0.9312040358340832,0.5284775259156536,다운로드=L3(상) AND 유형=FILE AND 조회수=L3(상) AND 주기=연간,표준=N AND 형식=CSV,BR,0.07446401260418146,1590,[]
"frozenset({'다운로드=L3(상)', '표준=N', '주기=연간', '조회수=L3(상)'})","frozenset({'형식=CSV', '유형=FILE'})",0.05544143561723825,0.6992794803082281,0.054294443343795296,0.979311641903329,1.400458142246171,1.0,0.015525385057830847,14.535736392737762,0.30273184329023933,0.07751626397510905,0.9312040358340832,0.5284775259156536,다운로드=L3(상) AND 조회수=L3(상) AND 주기=연간 AND 표준=N,유형=FILE AND 형식=CSV,BR,0.07446401260418146,1590,[]
"frozenset({'다운로드=L3(상)', '국가중점=N', '조회수=L3(상)', '주기=연간', '표준=N'})",frozenset({'형식=CSV'}),0.055368445199837336,0.6992794803082281,0.054221452926394374,0.9792843691148775,1.4004191409752635,1.0,0.01550343534157752,14.516599632393644,0.30268739985853893,0.07741205543894124,0.9311133443558979,0.5284116997893848,국가중점=N AND 다운로드=L3(상) AND 조회수=L3(상) AND 주기=연간 AND 표준=N,형식=CSV,BR,0.07435976549039205,1599,[]
"frozenset({'다운로드=L3(상)', '국가중점=N', '조회수=L3(상)', '주기=연간', '유형=FILE'})",frozenset({'형식=CSV'}),0.055368445199837336,0.6992794803082281,0.054221452926394374,0.9792843691148775,1.4004191409752635,1.0,0.01550343534157752,14.516599632393644,0.30268739985853893,0.07741205543894124,0.9311133443558979,0.5284116997893848,국가중점=N AND 다운로드=L3(상) AND 유형=FILE AND 조회수=L3(상) AND 주기=연간,형식=CSV,BR,0.07435976549039205,1599,[]
"frozenset({'다운로드=L3(상)', '국가중점=N', '조회수=L3(상)', '주기=연간', '유형=FILE'})","frozenset({'형식=CSV', '표준=N'})",0.055368445199837336,0.6992794803082281,0.054221452926394374,0.9792843691148775,1.4004191409752635,1.0,0.01550343534157752,14.516599632393644,0.30268739985853893,0.07741205543894124,0.9311133443558979,0.5284116997893848,국가중점=N AND 다운로드=L3(상) AND 유형=FILE AND 조회수=L3(상) AND 주기=연간,표준=N AND 형식=CSV,BR,0.07435976549039205,1599,[]
"frozenset({'다운로드=L3(상)', '국가중점=N', '주기=연간', '조회수=L3(상)'})","frozenset({'형식=CSV', '표준=N'})",0.055368445199837336,0.6992794803082281,0.054221452926394374,0.9792843691148775,1.4004191409752635,1.0,0.01550343534157752,14.516599632393644,0.30268739985853893,0.07741205543894124,0.9311133443558979,0.5284116997893848,국가중점=N AND 다운로드=L3(상) AND 조회수=L3(상) AND 주기=연간,표준=N AND 형식=CSV,BR,0.07435976549039205,1599,[]
"frozenset({'다운로드=L3(상)', '국가중점=N', '주기=연간', '조회수=L3(상)'})",frozenset({'형식=CSV'}),0.055368445199837336,0.6992794803082281,0.054221452926394374,0.9792843691148775,1.4004191409752635,1.0,0.01550343534157752,14.516599632393644,0.30268739985853893,0.07741205543894124,0.9311133443558979,0.5284116997893848,국가중점=N AND 다운로드=L3(상) AND 조회수=L3(상) AND 주기=연간,형식=CSV,BR,0.07435976549039205,1599,[]
"frozenset({'다운로드=L3(상)', '국가중점=N', '조회수=L3(상)', '주기=연간', '표준=N'})","frozenset({'형식=CSV', '유형=FILE'})",0.055368445199837336,0.6992794803082281,0.054221452926394374,0.9792843691148775,1.4004191409752635,1.0,0.01550343534157752,14.516599632393644,0.30268739985853893,0.07741205543894124,0.9311133443558979,0.5284116997893848,국가중점=N AND 다운로드=L3(상) AND 조회수=L3(상) AND 주기=연간 AND 표준=N,유형=FILE AND 형식=CSV,BR,0.07435976549039205,1599,[]
"frozenset({'다운로드=L3(상)', '국가중점=N', '주기=연간', '조회수=L3(상)'})","frozenset({'형식=CSV', '유형=FILE'})",0.055368445199837336,0.6992794803082281,0.054221452926394374,0.9792843691148775,1.4004191409752635,1.0,0.01550343534157752,14.516599632393644,0.30268739985853893,0.07741205543894124,0.9311133443558979,0.5284116997893848,국가중점=N AND 다운로드=L3(상) AND 조회수=L3(상) AND 주기=연간,유형=FILE AND 형식=CSV,BR,0.07435976549039205,1599,[]
"frozenset({'다운로드=L3(상)', '국가중점=N', '조회수=L3(상)', '주기=연간', '표준=N', '유형=FILE'})",frozenset({'형식=CSV'}),0.055368445199837336,0.6992794803082281,0.054221452926394374,0.9792843691148775,1.4004191409752635,1.0,0.01550343534157752,14.516599632393644,0.30268739985853893,0.07741205543894124,0.9311133443558979,0.5284116997893848,국가중점=N AND 다운로드=L3(상) AND 유형=FILE AND 조회수=L3(상) AND 주기=연간 AND 표준=N,형식=CSV,BR,0.07435976549039205,1599,[]
"frozenset({'다운로드=L3(상)', '국가중점=N', '주기=연간', '조회수=L3(상)'})","frozenset({'형식=CSV', '표준=N', '유형=FILE'})",0.055368445199837336,0.6992794803082281,0.054221452926394374,0.9792843691148775,1.4004191409752635,1.0,0.01550343534157752,14.516599632393644,0.30268739985853893,0.07741205543894124,0.9311133443558979,0.5284116997893848,국가중점=N AND 다운로드=L3(상) AND 조회수=L3(상) AND 주기=연간,유형=FILE AND 표준=N AND 형식=CSV,BR,0.07435976549039205,1599,[]
"frozenset({'국가중점=N', '다운로드=L4(최대)', '조회수=L4(최대)', '표준=N', '유형=FILE'})",frozenset({'형식=CSV'}),0.0892047172664046,0.6992794803082281,0.0744919345588772,0.8350672121566336,1.1941823486491454,1.0,0.012112906227783382,1.823291315353019,0.1785329287553037,0.10433157110728163,0.4515412915207224,0.4707969554662058,국가중점=N AND 다운로드=L4(최대) AND 유형=FILE AND 조회수=L4(최대) AND 표준=N,형식=CSV,BI,0.07428503505007693,1605,[]
"frozenset({'조회수=L4(최대)', '국가중점=N', '다운로드=L4(최대)', '유형=FILE'})",frozenset({'형식=CSV'}),0.0892047172664046,0.6992794803082281,0.0744919345588772,0.8350672121566336,1.1941823486491454,1.0,0.012112906227783382,1.823291315353019,0.1785329287553037,0.10433157110728163,0.4515412915207224,0.4707969554662058,국가중점=N AND 다운로드=L4(최대) AND 유형=FILE AND 조회수=L4(최대),형식=CSV,BI,0.07428503505007693,1605,[]
"frozenset({'조회수=L4(최대)', '국가중점=N', '다운로드=L4(최대)', '유형=FILE'})","frozenset({'형식=CSV', '표준=N'})",0.0892047172664046,0.6992794803082281,0.0744919345588772,0.8350672121566336,1.1941823486491454,1.0,0.012112906227783382,1.823291315353019,0.1785329287553037,0.10433157110728163,0.4515412915207224,0.4707969554662058,국가중점=N AND 다운로드=L4(최대) AND 유형=FILE AND 조회수=L4(최대),표준=N AND 형식=CSV,BI,0.07428503505007693,1605,[]
"frozenset({'형식=CSV', '도메인=문화관광'})","frozenset({'국가중점=N', '유형=FILE'})",0.0657018028633098,0.8547803509796357,0.06491976267687143,0.9880971274400889,1.1559661219489465,1.0,0.00875915256537664,12.200386779697597,0.14441079422982517,0.07587963583624818,0.9180353854302326,0.5320230928505216,도메인=문화관광 AND 형식=CSV,국가중점=N AND 유형=FILE,BR,0.07415179467707429,1608,['문화관광']
"frozenset({'형식=CSV', '표준=N', '도메인=문화관광'})","frozenset({'국가중점=N', '유형=FILE'})",0.0657018028633098,0.8547803509796357,0.06491976267687143,0.9880971274400889,1.1559661219489465,1.0,0.00875915256537664,12.200386779697597,0.14441079422982517,0.07587963583624818,0.9180353854302326,0.5320230928505216,도메인=문화관광 AND 표준=N AND 형식=CSV,국가중점=N AND 유형=FILE,BR,0.07415179467707429,1608,['문화관광']
"frozenset({'형식=CSV', '도메인=문화관광'})","frozenset({'국가중점=N', '표준=N', '유형=FILE'})",0.0657018028633098,0.8547803509796357,0.06491976267687143,0.9880971274400889,1.1559661219489465,1.0,0.00875915256537664,12.200386779697597,0.14441079422982517,0.07587963583624818,0.9180353854302326,0.5320230928505216,도메인=문화관광 AND 형식=CSV,국가중점=N AND 유형=FILE AND 표준=N,BR,0.07415179467707429,1608,['문화관광']
"frozenset({'조회수=L1(하)', '표준=N', '다운로드=L2(중)'})","frozenset({'국가중점=N', '유형=FILE'})",0.0643149849326924,0.8547803509796357,0.06400216885811706,0.9951361867704283,1.1642010554289595,1.0,0.009026983464100274,29.857159838588373,0.15073644941625416,0.07484818184035315,0.9665071960827444,0.5350058800544832,다운로드=L2(중) AND 조회수=L1(하) AND 표준=N,국가중점=N AND 유형=FILE,BR,0.07414898303759992,1610,[]
"frozenset({'형식=CSV', '주기=연간', '조회수=L0(최소)'})","frozenset({'국가중점=N', '표준=N', '유형=FILE'})",0.06340781831642389,0.8547803509796357,0.06339739111393804,0.9998355533629336,1.1696988029931372,1.0,0.00919763391857225,883.0806856922318,0.15490099424710144,0.0741671444429535,0.998867600643744,0.5370018012740305,조회수=L0(최소) AND 주기=연간 AND 형식=CSV,국가중점=N AND 유형=FILE AND 표준=N,BR,0.07414365781829885,1612,[]
"frozenset({'형식=CSV', '표준=N', '주기=연간', '조회수=L0(최소)'})","frozenset({'국가중점=N', '유형=FILE'})",0.06340781831642389,0.8547803509796357,0.06339739111393804,0.9998355533629336,1.1696988029931372,1.0,0.00919763391857225,883.0806856922318,0.15490099424710144,0.0741671444429535,0.998867600643744,0.5370018012740305,조회수=L0(최소) AND 주기=연간 AND 표준=N AND 형식=CSV,국가중점=N AND 유형=FILE,BR,0.07414365781829885,1612,[]
"frozenset({'형식=CSV', '주기=연간', '조회수=L0(최소)'})","frozenset({'국가중점=N', '유형=FILE'})",0.06340781831642389,0.8547803509796357,0.06339739111393804,0.9998355533629336,1.1696988029931372,1.0,0.00919763391857225,883.0806856922318,0.15490099424710144,0.0741671444429535,0.998867600643744,0.5370018012740305,조회수=L0(최소) AND 주기=연간 AND 형식=CSV,국가중점=N AND 유형=FILE,BR,0.07414365781829885,1612,[]
"frozenset({'조회수=L1(하)', '다운로드=L2(중)'})","frozenset({'국가중점=N', '표준=N', '유형=FILE'})",0.06432541213517826,0.8547803509796357,0.06400216885811706,0.9949748743718594,1.1640123374754128,1.0,0.009018070496299678,28.898710155053013,0.15058929500501264,0.0748472691355616,0.9653963794704122,0.5349252238551987,다운로드=L2(중) AND 조회수=L1(하),국가중점=N AND 유형=FILE AND 표준=N,BR,0.07412494576308802,1614,[]
"frozenset({'조회수=L1(하)', '다운로드=L2(중)'})","frozenset({'국가중점=N', '유형=FILE'})",0.06432541213517826,0.8547803509796357,0.06400216885811706,0.9949748743718594,1.1640123374754128,1.0,0.009018070496299678,28.898710155053013,0.15058929500501264,0.0748472691355616,0.9653963794704122,0.5349252238551987,다운로드=L2(중) AND 조회수=L1(하),국가중점=N AND 유형=FILE,BR,0.07412494576308802,1614,[]
"frozenset({'조회수=L1(하)', '형식=CSV', '주기=수시', '유형=FILE'})","frozenset({'국가중점=N', '표준=N'})",0.07121779297832184,0.9578428203497283,0.07114480256092093,0.9989751098096633,1.0429426296111055,1.0,0.002929350875482059,41.13336243019597,0.04433169421022999,0.07427041266178279,0.9756888340529657,0.5366255910467868,유형=FILE AND 조회수=L1(하) AND 주기=수시 AND 형식=CSV,국가중점=N AND 표준=N,BR,0.07412390066776833,1616,[]
"frozenset({'조회수=L1(하)', '형식=CSV', '주기=수시'})","frozenset({'국가중점=N', '표준=N'})",0.07121779297832184,0.9578428203497283,0.07114480256092093,0.9989751098096633,1.0429426296111055,1.0,0.002929350875482059,41.13336243019597,0.04433169421022999,0.07427041266178279,0.9756888340529657,0.5366255910467868,조회수=L1(하) AND 주기=수시 AND 형식=CSV,국가중점=N AND 표준=N,BR,0.07412390066776833,1616,[]
"frozenset({'형식=CSV', '주기=연간', '조회수=L2(중)'})","frozenset({'국가중점=N', '표준=N'})",0.07104053053606248,0.9578428203497283,0.07100924892860494,0.9995596653456627,1.0435529129724046,1.0,0.0029635868008018595,95.73895498575554,0.0449268496985922,0.07413213154371183,0.9895549309040528,0.5368471089628378,조회수=L2(중) AND 주기=연간 AND 형식=CSV,국가중점=N AND 표준=N,BR,0.07406927892913351,1618,[]
"frozenset({'형식=CSV', '주기=연간', '유형=FILE', '조회수=L2(중)'})","frozenset({'국가중점=N', '표준=N'})",0.07104053053606248,0.9578428203497283,0.07100924892860494,0.9995596653456627,1.0435529129724046,1.0,0.0029635868008018595,95.73895498575554,0.0449268496985922,0.07413213154371183,0.9895549309040528,0.5368471089628378,유형=FILE AND 조회수=L2(중) AND 주기=연간 AND 형식=CSV,국가중점=N AND 표준=N,BR,0.07406927892913351,1618,[]
"frozenset({'조회수=L1(하)', '유형=FILE', '다운로드=L2(중)'})","frozenset({'형식=CSV', '국가중점=N', '표준=N'})",0.0640125960606029,0.6867564101227281,0.05926821892954339,0.9258836944127707,1.3481981103711997,1.0,0.015307158256327454,4.226378897267187,0.27593239568760825,0.08570954657176892,0.7633908307069656,0.5060926777308152,다운로드=L2(중) AND 유형=FILE AND 조회수=L1(하),국가중점=N AND 표준=N AND 형식=CSV,BI,0.07398301507627376,1621,[]
"frozenset({'조회수=L1(하)', '표준=N', '유형=FILE', '다운로드=L2(중)'})","frozenset({'형식=CSV', '국가중점=N'})",0.0640125960606029,0.6867564101227281,0.05926821892954339,0.9258836944127707,1.3481981103711997,1.0,0.015307158256327454,4.226378897267187,0.27593239568760825,0.08570954657176892,0.7633908307069656,0.5060926777308152,다운로드=L2(중) AND 유형=FILE AND 조회수=L1(하) AND 표준=N,국가중점=N AND 형식=CSV,BI,0.07398301507627376,1621,[]
"frozenset({'조회수=L1(하)', '유형=FILE', '다운로드=L2(중)'})","frozenset({'형식=CSV', '국가중점=N'})",0.0640125960606029,0.6867564101227281,0.05926821892954339,0.9258836944127707,1.3481981103711997,1.0,0.015307158256327454,4.226378897267187,0.27593239568760825,0.08570954657176892,0.7633908307069656,0.5060926777308152,다운로드=L2(중) AND 유형=FILE AND 조회수=L1(하),국가중점=N AND 형식=CSV,BI,0.07398301507627376,1621,[]
"frozenset({'조회수=L1(하)', '형식=CSV', '주기=수시', '표준=N', '유형=FILE'})",frozenset({'국가중점=N'}),0.07121779297832184,0.9609709810954818,0.07114480256092093,0.9989751098096633,1.0395476340720067,1.0,0.0027065701710880657,38.08117130255345,0.04096021483375929,0.07402866535744898,0.9737403035202085,0.5365046990020539,유형=FILE AND 조회수=L1(하) AND 주기=수시 AND 표준=N AND 형식=CSV,국가중점=N,BR,0.07388261192861542,1624,[]
"frozenset({'조회수=L1(하)', '형식=CSV', '주기=수시'})",frozenset({'국가중점=N'}),0.07121779297832184,0.9609709810954818,0.07114480256092093,0.9989751098096633,1.0395476340720067,1.0,0.0027065701710880657,38.08117130255345,0.04096021483375929,0.07402866535744898,0.9737403035202085,0.5365046990020539,조회수=L1(하) AND 주기=수시 AND 형식=CSV,국가중점=N,BR,0.07388261192861542,1624,[]
"frozenset({'조회수=L1(하)', '형식=CSV', '표준=N', '주기=수시'})",frozenset({'국가중점=N'}),0.07121779297832184,0.9609709810954818,0.07114480256092093,0.9989751098096633,1.0395476340720067,1.0,0.0027065701710880657,38.08117130255345,0.04096021483375929,0.07402866535744898,0.9737403035202085,0.5365046990020539,조회수=L1(하) AND 주기=수시 AND 표준=N AND 형식=CSV,국가중점=N,BR,0.07388261192861542,1624,[]
"frozenset({'조회수=L1(하)', '형식=CSV', '주기=수시', '유형=FILE'})",frozenset({'국가중점=N'}),0.07121779297832184,0.9609709810954818,0.07114480256092093,0.9989751098096633,1.0395476340720067,1.0,0.0027065701710880657,38.08117130255345,0.04096021483375929,0.07402866535744898,0.9737403035202085,0.5365046990020539,유형=FILE AND 조회수=L1(하) AND 주기=수시 AND 형식=CSV,국가중점=N,BR,0.07388261192861542,1624,[]
"frozenset({'다운로드=L3(상)', '주기=수시', '유형=FILE'})",frozenset({'표준=N'}),0.07362647675255206,0.9968718392542465,0.07362647675255206,1.0,1.0031379768417308,1.0,0.0002303154544254643,inf,0.0033767812521104403,0.07385751493153982,1.0,0.53692875746577,다운로드=L3(상) AND 유형=FILE AND 주기=수시,표준=N,BR,0.0738575149315398,1627,[]
"frozenset({'다운로드=L3(상)', '주기=수시'})",frozenset({'표준=N'}),0.07362647675255206,0.9968718392542465,0.07362647675255206,1.0,1.0031379768417308,1.0,0.0002303154544254643,inf,0.0033767812521104403,0.07385751493153982,1.0,0.53692875746577,다운로드=L3(상) AND 주기=수시,표준=N,BR,0.0738575149315398,1627,[]
"frozenset({'형식=CSV', '주기=연간', '조회수=L2(중)', '표준=N', '유형=FILE'})",frozenset({'국가중점=N'}),0.07104053053606248,0.9609709810954818,0.07100924892860494,0.9995596653456627,1.0401559308338226,1.0,0.002741360601821438,88.63490193215017,0.04155798497089755,0.0738908238664106,0.9887177626623258,0.5367264472561647,유형=FILE AND 조회수=L2(중) AND 주기=연간 AND 표준=N AND 형식=CSV,국가중점=N,BR,0.0738281679951194,1630,[]
"frozenset({'형식=CSV', '주기=연간', '조회수=L2(중)'})",frozenset({'국가중점=N'}),0.07104053053606248,0.9609709810954818,0.07100924892860494,0.9995596653456627,1.0401559308338226,1.0,0.002741360601821438,88.63490193215017,0.04155798497089755,0.0738908238664106,0.9887177626623258,0.5367264472561647,조회수=L2(중) AND 주기=연간 AND 형식=CSV,국가중점=N,BR,0.0738281679951194,1630,[]
"frozenset({'형식=CSV', '표준=N', '주기=연간', '조회수=L2(중)'})",frozenset({'국가중점=N'}),0.07104053053606248,0.9609709810954818,0.07100924892860494,0.9995596653456627,1.0401559308338226,1.0,0.002741360601821438,88.63490193215017,0.04155798497089755,0.0738908238664106,0.9887177626623258,0.5367264472561647,조회수=L2(중) AND 주기=연간 AND 표준=N AND 형식=CSV,국가중점=N,BR,0.0738281679951194,1630,[]
"frozenset({'형식=CSV', '주기=연간', '유형=FILE', '조회수=L2(중)'})",frozenset({'국가중점=N'}),0.07104053053606248,0.9609709810954818,0.07100924892860494,0.9995596653456627,1.0401559308338226,1.0,0.002741360601821438,88.63490193215017,0.04155798497089755,0.0738908238664106,0.9887177626623258,0.5367264472561647,유형=FILE AND 조회수=L2(중) AND 주기=연간 AND 형식=CSV,국가중점=N,BR,0.0738281679951194,1630,[]
"frozenset({'조회수=L1(하)', '형식=CSV', '국가중점=N', '주기=연간'})","frozenset({'표준=N', '유형=FILE'})",0.06428370332523488,0.8711614860848983,0.06428370332523488,1.0,1.1478928028534836,1.0,0.00828221680538254,inf,0.137689718959638,0.07379080038780567,1.0,0.5368954001939028,국가중점=N AND 조회수=L1(하) AND 주기=연간 AND 형식=CSV,유형=FILE AND 표준=N,BR,0.07379080038780567,1635,[]
"frozenset({'조회수=L1(하)', '형식=CSV', '주기=연간'})","frozenset({'표준=N', '유형=FILE'})",0.06428370332523488,0.8711614860848983,0.06428370332523488,1.0,1.1478928028534836,1.0,0.00828221680538254,inf,0.137689718959638,0.07379080038780567,1.0,0.5368954001939028,조회수=L1(하) AND 주기=연간 AND 형식=CSV,유형=FILE AND 표준=N,BR,0.07379080038780567,1635,[]
"frozenset({'조회수=L1(하)', '형식=CSV', '국가중점=N', '주기=연간'})",frozenset({'유형=FILE'}),0.06428370332523488,0.8711614860848983,0.06428370332523488,1.0,1.1478928028534836,1.0,0.00828221680538254,inf,0.137689718959638,0.07379080038780567,1.0,0.5368954001939028,국가중점=N AND 조회수=L1(하) AND 주기=연간 AND 형식=CSV,유형=FILE,BR,0.07379080038780567,1635,[]
"frozenset({'국가중점=N', '조회수=L1(하)', '형식=CSV', '주기=연간', '표준=N'})",frozenset({'유형=FILE'}),0.06428370332523488,0.8711614860848983,0.06428370332523488,1.0,1.1478928028534836,1.0,0.00828221680538254,inf,0.137689718959638,0.07379080038780567,1.0,0.5368954001939028,국가중점=N AND 조회수=L1(하) AND 주기=연간 AND 표준=N AND 형식=CSV,유형=FILE,BR,0.07379080038780567,1635,[]
"frozenset({'조회수=L1(하)', '형식=CSV', '표준=N', '주기=연간'})",frozenset({'유형=FILE'}),0.06428370332523488,0.8711614860848983,0.06428370332523488,1.0,1.1478928028534836,1.0,0.00828221680538254,inf,0.137689718959638,0.07379080038780567,1.0,0.5368954001939028,조회수=L1(하) AND 주기=연간 AND 표준=N AND 형식=CSV,유형=FILE,BR,0.07379080038780567,1635,[]
"frozenset({'조회수=L1(하)', '형식=CSV', '주기=연간'})",frozenset({'유형=FILE'}),0.06428370332523488,0.8711614860848983,0.06428370332523488,1.0,1.1478928028534836,1.0,0.00828221680538254,inf,0.137689718959638,0.07379080038780567,1.0,0.5368954001939028,조회수=L1(하) AND 주기=연간 AND 형식=CSV,유형=FILE,BR,0.07379080038780567,1635,[]
"frozenset({'조회수=L1(하)', '표준=N', '다운로드=L2(중)'})","frozenset({'형식=CSV', '국가중점=N', '유형=FILE'})",0.0643149849326924,0.6867564101227281,0.05926821892954339,0.9215304798962387,1.3418593060260695,1.0,0.015099490760070208,3.9919141784359797,0.2722768702764537,0.08567208271787297,0.7494936125125322,0.5039160704725493,다운로드=L2(중) AND 조회수=L1(하) AND 표준=N,국가중점=N AND 유형=FILE AND 형식=CSV,BI,0.0732889607034006,1639,[]
"frozenset({'조회수=L1(하)', '표준=N', '다운로드=L2(중)'})","frozenset({'형식=CSV', '국가중점=N'})",0.0643149849326924,0.6867564101227281,0.05926821892954339,0.9215304798962387,1.3418593060260695,1.0,0.015099490760070208,3.9919141784359797,0.2722768702764537,0.08567208271787297,0.7494936125125322,0.5039160704725493,다운로드=L2(중) AND 조회수=L1(하) AND 표준=N,국가중점=N AND 형식=CSV,BI,0.0732889607034006,1639,[]
"frozenset({'다운로드=L2(중)', '조회수=L2(중)'})","frozenset({'국가중점=N', '표준=N', '유형=FILE'})",0.06954944058058664,0.8547803509796357,0.06716161121132812,0.9656671664167916,1.1297255082081288,1.0,0.007712115981416953,4.229760082820221,0.12341249844782447,0.07835289824219939,0.7635799713412484,0.5221194717611429,다운로드=L2(중) AND 조회수=L2(중),국가중점=N AND 유형=FILE AND 표준=N,BR,0.07326920957864375,1642,[]
"frozenset({'다운로드=L2(중)', '조회수=L2(중)'})","frozenset({'국가중점=N', '유형=FILE'})",0.06954944058058664,0.8547803509796357,0.06716161121132812,0.9656671664167916,1.1297255082081288,1.0,0.007712115981416953,4.229760082820221,0.12341249844782447,0.07835289824219939,0.7635799713412484,0.5221194717611429,다운로드=L2(중) AND 조회수=L2(중),국가중점=N AND 유형=FILE,BR,0.07326920957864375,1642,[]
"frozenset({'다운로드=L2(중)', '표준=N', '조회수=L2(중)'})","frozenset({'국가중점=N', '유형=FILE'})",0.06954944058058664,0.8547803509796357,0.06716161121132812,0.9656671664167916,1.1297255082081288,1.0,0.007712115981416953,4.229760082820221,0.12341249844782447,0.07835289824219939,0.7635799713412484,0.5221194717611429,다운로드=L2(중) AND 조회수=L2(중) AND 표준=N,국가중점=N AND 유형=FILE,BR,0.07326920957864375,1642,[]
"frozenset({'조회수=L1(하)', '다운로드=L2(중)'})","frozenset({'형식=CSV', '국가중점=N'})",0.06432541213517826,0.6867564101227281,0.05926821892954339,0.9213810990436051,1.3416417895232282,1.0,0.015092329811923398,3.9843292906245145,0.2721507755339822,0.08567079144497866,0.7490167285236464,0.5038413800462325,다운로드=L2(중) AND 조회수=L1(하),국가중점=N AND 형식=CSV,BI,0.0732652022269529,1645,[]
"frozenset({'조회수=L1(하)', '다운로드=L2(중)'})","frozenset({'형식=CSV', '국가중점=N', '표준=N'})",0.06432541213517826,0.6867564101227281,0.05926821892954339,0.9213810990436051,1.3416417895232282,1.0,0.015092329811923398,3.9843292906245145,0.2721507755339822,0.08567079144497866,0.7490167285236464,0.5038413800462325,다운로드=L2(중) AND 조회수=L1(하),국가중점=N AND 표준=N AND 형식=CSV,BI,0.0732652022269529,1645,[]
"frozenset({'조회수=L1(하)', '다운로드=L2(중)'})","frozenset({'형식=CSV', '국가중점=N', '유형=FILE'})",0.06432541213517826,0.6867564101227281,0.05926821892954339,0.9213810990436051,1.3416417895232282,1.0,0.015092329811923398,3.9843292906245145,0.2721507755339822,0.08567079144497866,0.7490167285236464,0.5038413800462325,다운로드=L2(중) AND 조회수=L1(하),국가중점=N AND 유형=FILE AND 형식=CSV,BI,0.0732652022269529,1645,[]
"frozenset({'조회수=L1(하)', '다운로드=L2(중)'})","frozenset({'형식=CSV', '국가중점=N', '표준=N', '유형=FILE'})",0.06432541213517826,0.6867564101227281,0.05926821892954339,0.9213810990436051,1.3416417895232282,1.0,0.015092329811923398,3.9843292906245145,0.2721507755339822,0.08567079144497866,0.7490167285236464,0.5038413800462325,다운로드=L2(중) AND 조회수=L1(하),국가중점=N AND 유형=FILE AND 표준=N AND 형식=CSV,BI,0.0732652022269529,1645,[]
"frozenset({'다운로드=L2(중)', '국가중점=N', '조회수=L2(중)'})","frozenset({'표준=N', '유형=FILE'})",0.06893423563392177,0.8711614860848983,0.06716161121132812,0.9742852821055817,1.1183750632550733,1.0,0.007108760054354277,5.010302444074952,0.11368217954121156,0.07693777846793363,0.8004112503861772,0.5256898061215546,국가중점=N AND 다운로드=L2(중) AND 조회수=L2(중),유형=FILE AND 표준=N,BR,0.07318039060869175,1649,[]
"frozenset({'다운로드=L2(중)', '국가중점=N', '표준=N', '조회수=L2(중)'})",frozenset({'유형=FILE'}),0.06893423563392177,0.8711614860848983,0.06716161121132812,0.9742852821055817,1.1183750632550733,1.0,0.007108760054354277,5.010302444074952,0.11368217954121156,0.07693777846793363,0.8004112503861772,0.5256898061215546,국가중점=N AND 다운로드=L2(중) AND 조회수=L2(중) AND 표준=N,유형=FILE,BR,0.07318039060869175,1649,[]
"frozenset({'다운로드=L2(중)', '국가중점=N', '조회수=L2(중)'})",frozenset({'유형=FILE'}),0.06893423563392177,0.8711614860848983,0.06716161121132812,0.9742852821055817,1.1183750632550733,1.0,0.007108760054354277,5.010302444074952,0.11368217954121156,0.07693777846793363,0.8004112503861772,0.5256898061215546,국가중점=N AND 다운로드=L2(중) AND 조회수=L2(중),유형=FILE,BR,0.07318039060869175,1649,[]
"frozenset({'다운로드=L0(최소)', '주기=수시', '조회수=L0(최소)'})","frozenset({'국가중점=N', '표준=N', '유형=FILE'})",0.06250065170015537,0.8547803509796357,0.06247979729518367,0.9996663329996662,1.1695008335813775,1.0,0.009055468298468906,435.2232881138969,0.15459673874968755,0.07309278099002171,0.9977023288337036,0.5363804486311886,다운로드=L0(최소) AND 조회수=L0(최소) AND 주기=수시,국가중점=N AND 유형=FILE AND 표준=N,BR,0.07304579391260044,1652,[]
"frozenset({'다운로드=L0(최소)', '표준=N', '주기=수시', '조회수=L0(최소)'})","frozenset({'국가중점=N', '유형=FILE'})",0.06250065170015537,0.8547803509796357,0.06247979729518367,0.9996663329996662,1.1695008335813775,1.0,0.009055468298468906,435.2232881138969,0.15459673874968755,0.07309278099002171,0.9977023288337036,0.5363804486311886,다운로드=L0(최소) AND 조회수=L0(최소) AND 주기=수시 AND 표준=N,국가중점=N AND 유형=FILE,BR,0.07304579391260044,1652,[]
"frozenset({'다운로드=L0(최소)', '주기=수시', '조회수=L0(최소)'})","frozenset({'국가중점=N', '유형=FILE'})",0.06250065170015537,0.8547803509796357,0.06247979729518367,0.9996663329996662,1.1695008335813775,1.0,0.009055468298468906,435.2232881138969,0.15459673874968755,0.07309278099002171,0.9977023288337036,0.5363804486311886,다운로드=L0(최소) AND 조회수=L0(최소) AND 주기=수시,국가중점=N AND 유형=FILE,BR,0.07304579391260044,1652,[]
"frozenset({'도메인=산업고용', '표준=N', '유형=FILE'})",frozenset({'형식=CSV'}),0.08291711416744002,0.6992794803082281,0.07055045201922776,0.8508551307847082,1.2167597573571995,1.0,0.012568215515562288,2.016298121913128,0.19425187955592924,0.09913698369206873,0.5040415952720483,0.4758726692499209,도메인=산업고용 AND 유형=FILE AND 표준=N,형식=CSV,BI,0.07303991519825086,1655,['산업고용']
"frozenset({'도메인=산업고용', '유형=FILE'})","frozenset({'형식=CSV', '표준=N'})",0.08291711416744002,0.6992794803082281,0.07055045201922776,0.8508551307847082,1.2167597573571995,1.0,0.012568215515562288,2.016298121913128,0.19425187955592924,0.09913698369206873,0.5040415952720483,0.4758726692499209,도메인=산업고용 AND 유형=FILE,표준=N AND 형식=CSV,BI,0.07303991519825086,1655,['산업고용']
"frozenset({'도메인=산업고용', '유형=FILE'})",frozenset({'형식=CSV'}),0.08291711416744002,0.6992794803082281,0.07055045201922776,0.8508551307847082,1.2167597573571995,1.0,0.012568215515562288,2.016298121913128,0.19425187955592924,0.09913698369206873,0.5040415952720483,0.4758726692499209,도메인=산업고용 AND 유형=FILE,형식=CSV,BI,0.07303991519825086,1655,['산업고용']
"frozenset({'다운로드=L2(중)', '조회수=L2(중)'})",frozenset({'유형=FILE'}),0.06954944058058664,0.8711614860848983,0.06747442728590347,0.9701649175412295,1.1136453264265207,1.0,0.006885633273346285,4.318356220169501,0.10967594377595365,0.07726936211878777,0.768430405224711,0.5238091634996894,다운로드=L2(중) AND 조회수=L2(중),유형=FILE,BR,0.07290069551187917,1658,[]
"frozenset({'다운로드=L2(중)', '표준=N', '조회수=L2(중)'})",frozenset({'유형=FILE'}),0.06954944058058664,0.8711614860848983,0.06747442728590347,0.9701649175412295,1.1136453264265207,1.0,0.006885633273346285,4.318356220169501,0.10967594377595365,0.07726936211878777,0.768430405224711,0.5238091634996894,다운로드=L2(중) AND 조회수=L2(중) AND 표준=N,유형=FILE,BR,0.07290069551187917,1658,[]
"frozenset({'다운로드=L2(중)', '조회수=L2(중)'})","frozenset({'표준=N', '유형=FILE'})",0.06954944058058664,0.8711614860848983,0.06747442728590347,0.9701649175412295,1.1136453264265207,1.0,0.006885633273346285,4.318356220169501,0.10967594377595365,0.07726936211878777,0.768430405224711,0.5238091634996894,다운로드=L2(중) AND 조회수=L2(중),유형=FILE AND 표준=N,BR,0.07290069551187917,1658,[]
"frozenset({'조회수=L1(하)', '국가중점=N', '표준=N', '다운로드=L2(중)'})",frozenset({'유형=FILE'}),0.06427327612274902,0.8711614860848983,0.06400216885811706,0.9957819597663856,1.1430509448271713,1.0,0.00800976611547801,30.54463845279675,0.13374455520226652,0.07344477283333134,0.9672610300643962,0.5346247943828157,국가중점=N AND 다운로드=L2(중) AND 조회수=L1(하) AND 표준=N,유형=FILE,BR,0.07284915729529219,1660,[]
"frozenset({'조회수=L1(하)', '국가중점=N', '다운로드=L2(중)'})",frozenset({'유형=FILE'}),0.06428370332523488,0.8711614860848983,0.06400216885811706,0.9956204379562044,1.1428655351037604,1.0,0.008000682338264724,29.41812734394811,0.13359436584664286,0.07344389403402972,0.9660073536187979,0.5345440334777252,국가중점=N AND 다운로드=L2(중) AND 조회수=L1(하),유형=FILE,BR,0.072825526070958,1661,[]
"frozenset({'조회수=L1(하)', '국가중점=N', '다운로드=L2(중)'})","frozenset({'표준=N', '유형=FILE'})",0.06428370332523488,0.8711614860848983,0.06400216885811706,0.9956204379562044,1.1428655351037604,1.0,0.008000682338264724,29.41812734394811,0.13359436584664286,0.07344389403402972,0.9660073536187979,0.5345440334777252,국가중점=N AND 다운로드=L2(중) AND 조회수=L1(하),유형=FILE AND 표준=N,BR,0.072825526070958,1661,[]
"frozenset({'조회수=L1(하)', '표준=N', '다운로드=L2(중)'})",frozenset({'유형=FILE'}),0.0643149849326924,0.8711614860848983,0.0640125960606029,0.9952983138780805,1.1424957711928563,1.0,0.007983858209110746,27.40261909752996,0.13329617905459146,0.0734541016559778,0.9635071378965328,0.5343889560940069,다운로드=L2(중) AND 조회수=L1(하) AND 표준=N,유형=FILE,BR,0.07279026662385113,1663,[]
"frozenset({'형식=CSV', '표준=N', '주기=연간', '조회수=L0(최소)'})",frozenset({'유형=FILE'}),0.06340781831642389,0.8711614860848983,0.06340781831642389,1.0,1.1478928028534836,1.0,0.008169369082486819,inf,0.13756095388657563,0.07278537829006429,1.0,0.5363926891450321,조회수=L0(최소) AND 주기=연간 AND 표준=N AND 형식=CSV,유형=FILE,BR,0.07278537829006428,1665,[]
"frozenset({'형식=CSV', '주기=연간', '조회수=L0(최소)'})","frozenset({'표준=N', '유형=FILE'})",0.06340781831642389,0.8711614860848983,0.06340781831642389,1.0,1.1478928028534836,1.0,0.008169369082486819,inf,0.13756095388657563,0.07278537829006429,1.0,0.5363926891450321,조회수=L0(최소) AND 주기=연간 AND 형식=CSV,유형=FILE AND 표준=N,BR,0.07278537829006428,1665,[]
"frozenset({'형식=CSV', '주기=연간', '조회수=L0(최소)'})",frozenset({'유형=FILE'}),0.06340781831642389,0.8711614860848983,0.06340781831642389,1.0,1.1478928028534836,1.0,0.008169369082486819,inf,0.13756095388657563,0.07278537829006429,1.0,0.5363926891450321,조회수=L0(최소) AND 주기=연간 AND 형식=CSV,유형=FILE,BR,0.07278537829006428,1665,[]
"frozenset({'형식=CSV', '국가중점=N', '주기=연간', '조회수=L0(최소)'})","frozenset({'표준=N', '유형=FILE'})",0.06339739111393804,0.8711614860848983,0.06339739111393804,1.0,1.1478928028534836,1.0,0.00816802565721425,inf,0.13755942241964753,0.07277340897937687,1.0,0.5363867044896884,국가중점=N AND 조회수=L0(최소) AND 주기=연간 AND 형식=CSV,유형=FILE AND 표준=N,BR,0.07277340897937687,1668,[]
"frozenset({'국가중점=N', '형식=CSV', '주기=연간', '조회수=L0(최소)', '표준=N'})",frozenset({'유형=FILE'}),0.06339739111393804,0.8711614860848983,0.06339739111393804,1.0,1.1478928028534836,1.0,0.00816802565721425,inf,0.13755942241964753,0.07277340897937687,1.0,0.5363867044896884,국가중점=N AND 조회수=L0(최소) AND 주기=연간 AND 표준=N AND 형식=CSV,유형=FILE,BR,0.07277340897937687,1668,[]
"frozenset({'형식=CSV', '국가중점=N', '주기=연간', '조회수=L0(최소)'})",frozenset({'유형=FILE'}),0.06339739111393804,0.8711614860848983,0.06339739111393804,1.0,1.1478928028534836,1.0,0.00816802565721425,inf,0.13755942241964753,0.07277340897937687,1.0,0.5363867044896884,국가중점=N AND 조회수=L0(최소) AND 주기=연간 AND 형식=CSV,유형=FILE,BR,0.07277340897937687,1668,[]
"frozenset({'조회수=L1(하)', '다운로드=L2(중)'})","frozenset({'표준=N', '유형=FILE'})",0.06432541213517826,0.8711614860848983,0.0640125960606029,0.9951369751985735,1.1423105716838282,1.0,0.00797477443189746,26.493493078075183,0.13314600271603985,0.07345322277660123,0.9622548828479113,0.5343082867542535,다운로드=L2(중) AND 조회수=L1(하),유형=FILE AND 표준=N,BR,0.07276666981174454,1670,[]
"frozenset({'조회수=L1(하)', '다운로드=L2(중)'})",frozenset({'유형=FILE'}),0.06432541213517826,0.8711614860848983,0.0640125960606029,0.9951369751985735,1.1423105716838282,1.0,0.00797477443189746,26.493493078075183,0.13314600271603985,0.07345322277660123,0.9622548828479113,0.5343082867542535,다운로드=L2(중) AND 조회수=L1(하),유형=FILE,BR,0.07276666981174454,1670,[]
"frozenset({'도메인=산업고용', '유형=FILE'})","frozenset({'형식=CSV', '국가중점=N', '표준=N'})",0.08291711416744002,0.6867564101227281,0.0700290918949355,0.8445674044265593,1.2297918038735587,1.0,0.01308523223156799,2.0153018015405055,0.2037484676361801,0.1000924021580375,0.5037964044712333,0.47326909591526256,도메인=산업고용 AND 유형=FILE,국가중점=N AND 표준=N AND 형식=CSV,BI,0.07273516109080623,1673,['산업고용']
"frozenset({'도메인=산업고용', '유형=FILE'})","frozenset({'형식=CSV', '국가중점=N'})",0.08291711416744002,0.6867564101227281,0.0700290918949355,0.8445674044265593,1.2297918038735587,1.0,0.01308523223156799,2.0153018015405055,0.2037484676361801,0.1000924021580375,0.5037964044712333,0.47326909591526256,도메인=산업고용 AND 유형=FILE,국가중점=N AND 형식=CSV,BI,0.07273516109080623,1673,['산업고용']
"frozenset({'도메인=산업고용', '표준=N', '유형=FILE'})","frozenset({'형식=CSV', '국가중점=N'})",0.08291711416744002,0.6867564101227281,0.0700290918949355,0.8445674044265593,1.2297918038735587,1.0,0.01308523223156799,2.0153018015405055,0.2037484676361801,0.1000924021580375,0.5037964044712333,0.47326909591526256,도메인=산업고용 AND 유형=FILE AND 표준=N,국가중점=N AND 형식=CSV,BI,0.07273516109080623,1673,['산업고용']
"frozenset({'조회수=L1(하)', '국가중점=N', '유형=FILE', '다운로드=L2(중)'})",frozenset({'형식=CSV'}),0.06400216885811706,0.6992794803082281,0.05926821892954339,0.9260345389377647,1.3242695732035317,1.0,0.014512815551839836,4.065688435832806,0.2616103710944674,0.08418620495578891,0.7540391951369086,0.5053953318878018,국가중점=N AND 다운로드=L2(중) AND 유형=FILE AND 조회수=L1(하),형식=CSV,BI,0.0726817645223965,1676,[]
"frozenset({'국가중점=N', '조회수=L1(하)', '다운로드=L2(중)', '표준=N', '유형=FILE'})",frozenset({'형식=CSV'}),0.06400216885811706,0.6992794803082281,0.05926821892954339,0.9260345389377647,1.3242695732035317,1.0,0.014512815551839836,4.065688435832806,0.2616103710944674,0.08418620495578891,0.7540391951369086,0.5053953318878018,국가중점=N AND 다운로드=L2(중) AND 유형=FILE AND 조회수=L1(하) AND 표준=N,형식=CSV,BI,0.0726817645223965,1676,[]
"frozenset({'조회수=L1(하)', '국가중점=N', '유형=FILE', '다운로드=L2(중)'})","frozenset({'형식=CSV', '표준=N'})",0.06400216885811706,0.6992794803082281,0.05926821892954339,0.9260345389377647,1.3242695732035317,1.0,0.014512815551839836,4.065688435832806,0.2616103710944674,0.08418620495578891,0.7540391951369086,0.5053953318878018,국가중점=N AND 다운로드=L2(중) AND 유형=FILE AND 조회수=L1(하),표준=N AND 형식=CSV,BI,0.0726817645223965,1676,[]
"frozenset({'국가중점=N', '도메인=산업고용', '유형=FILE'})","frozenset({'형식=CSV', '표준=N'})",0.08220806439840256,0.6992794803082281,0.0700290918949355,0.8518518518518517,1.2181851117329696,1.0,0.01254267934527522,2.029863507919459,0.19514956503956404,0.09843033225366768,0.5073560384239993,0.47599824598318546,국가중점=N AND 도메인=산업고용 AND 유형=FILE,표준=N AND 형식=CSV,BI,0.07267011607761403,1679,['산업고용']
"frozenset({'표준=N', '국가중점=N', '도메인=산업고용', '유형=FILE'})",frozenset({'형식=CSV'}),0.08220806439840256,0.6992794803082281,0.0700290918949355,0.8518518518518517,1.2181851117329696,1.0,0.01254267934527522,2.029863507919459,0.19514956503956404,0.09843033225366768,0.5073560384239993,0.47599824598318546,국가중점=N AND 도메인=산업고용 AND 유형=FILE AND 표준=N,형식=CSV,BI,0.07267011607761403,1679,['산업고용']
"frozenset({'국가중점=N', '도메인=산업고용', '유형=FILE'})",frozenset({'형식=CSV'}),0.08220806439840256,0.6992794803082281,0.0700290918949355,0.8518518518518517,1.2181851117329696,1.0,0.01254267934527522,2.029863507919459,0.19514956503956404,0.09843033225366768,0.5073560384239993,0.47599824598318546,국가중점=N AND 도메인=산업고용 AND 유형=FILE,형식=CSV,BI,0.07267011607761403,1679,['산업고용']
"frozenset({'조회수=L1(하)', '표준=N', '유형=FILE', '다운로드=L2(중)'})",frozenset({'형식=CSV'}),0.0640125960606029,0.6992794803082281,0.05926821892954339,0.9258836944127707,1.3240538589873396,1.0,0.014505524023104469,4.057413781072057,0.2614818457727028,0.08418495808525134,0.753537584787377,0.5053199096253049,다운로드=L2(중) AND 유형=FILE AND 조회수=L1(하) AND 표준=N,형식=CSV,BI,0.07265808775261386,1682,[]
"frozenset({'조회수=L1(하)', '유형=FILE', '다운로드=L2(중)'})",frozenset({'형식=CSV'}),0.0640125960606029,0.6992794803082281,0.05926821892954339,0.9258836944127707,1.3240538589873396,1.0,0.014505524023104469,4.057413781072057,0.2614818457727028,0.08418495808525134,0.753537584787377,0.5053199096253049,다운로드=L2(중) AND 유형=FILE AND 조회수=L1(하),형식=CSV,BI,0.07265808775261386,1682,[]
"frozenset({'조회수=L1(하)', '유형=FILE', '다운로드=L2(중)'})","frozenset({'형식=CSV', '표준=N'})",0.0640125960606029,0.6992794803082281,0.05926821892954339,0.9258836944127707,1.3240538589873396,1.0,0.014505524023104469,4.057413781072057,0.2614818457727028,0.08418495808525134,0.753537584787377,0.5053199096253049,다운로드=L2(중) AND 유형=FILE AND 조회수=L1(하),표준=N AND 형식=CSV,BI,0.07265808775261386,1682,[]
"frozenset({'도메인=공공행정', '주기=연간'})","frozenset({'국가중점=N', '표준=N', '유형=FILE'})",0.06247979729518367,0.8547803509796357,0.062292107650438466,0.9969959946595461,1.1663768282891878,1.0,0.008885604589324872,48.34200760722471,0.15215047851675906,0.07285898968217186,0.9793140572868854,0.5349354912304269,도메인=공공행정 AND 주기=연간,국가중점=N AND 유형=FILE AND 표준=N,BR,0.07243781172362057,1685,['공공행정']
"frozenset({'도메인=공공행정', '표준=N', '주기=연간'})","frozenset({'국가중점=N', '유형=FILE'})",0.06247979729518367,0.8547803509796357,0.062292107650438466,0.9969959946595461,1.1663768282891878,1.0,0.008885604589324872,48.34200760722471,0.15215047851675906,0.07285898968217186,0.9793140572868854,0.5349354912304269,도메인=공공행정 AND 주기=연간 AND 표준=N,국가중점=N AND 유형=FILE,BR,0.07243781172362057,1685,['공공행정']
"frozenset({'도메인=공공행정', '주기=연간'})","frozenset({'국가중점=N', '유형=FILE'})",0.06247979729518367,0.8547803509796357,0.062292107650438466,0.9969959946595461,1.1663768282891878,1.0,0.008885604589324872,48.34200760722471,0.15215047851675906,0.07285898968217186,0.9793140572868854,0.5349354912304269,도메인=공공행정 AND 주기=연간,국가중점=N AND 유형=FILE,BR,0.07243781172362057,1685,['공공행정']
"frozenset({'조회수=L1(하)', '국가중점=N', '표준=N', '다운로드=L2(중)'})","frozenset({'형식=CSV', '유형=FILE'})",0.06427327612274902,0.6992794803082281,0.05926821892954339,0.9221284879948086,1.318683750863608,1.0,0.01432323580472021,3.8617526737085073,0.25826778179043103,0.08415379832106955,0.7410502213649838,0.5034423064163238,국가중점=N AND 다운로드=L2(중) AND 조회수=L1(하) AND 표준=N,유형=FILE AND 형식=CSV,BI,0.07206990845241235,1687,[]
"frozenset({'조회수=L1(하)', '국가중점=N', '표준=N', '다운로드=L2(중)'})",frozenset({'형식=CSV'}),0.06427327612274902,0.6992794803082281,0.05926821892954339,0.9221284879948086,1.318683750863608,1.0,0.01432323580472021,3.8617526737085073,0.25826778179043103,0.08415379832106955,0.7410502213649838,0.5034423064163238,국가중점=N AND 다운로드=L2(중) AND 조회수=L1(하) AND 표준=N,형식=CSV,BI,0.07206990845241235,1687,[]
"frozenset({'조회수=L1(하)', '국가중점=N', '다운로드=L2(중)'})","frozenset({'형식=CSV', '표준=N', '유형=FILE'})",0.06428370332523488,0.6992794803082281,0.05926821892954339,0.921978913219789,1.318469852444976,1.0,0.014315944275984836,3.854349280456903,0.25813918198241004,0.0841525524102807,0.7405528333743906,0.503367519028814,국가중점=N AND 다운로드=L2(중) AND 조회수=L1(하),유형=FILE AND 표준=N AND 형식=CSV,BI,0.07204653000525364,1690,[]
"frozenset({'조회수=L1(하)', '국가중점=N', '다운로드=L2(중)'})",frozenset({'형식=CSV'}),0.06428370332523488,0.6992794803082281,0.05926821892954339,0.921978913219789,1.318469852444976,1.0,0.014315944275984836,3.854349280456903,0.25813918198241004,0.0841525524102807,0.7405528333743906,0.503367519028814,국가중점=N AND 다운로드=L2(중) AND 조회수=L1(하),형식=CSV,BI,0.07204653000525364,1690,[]
"frozenset({'조회수=L1(하)', '국가중점=N', '다운로드=L2(중)'})","frozenset({'형식=CSV', '표준=N'})",0.06428370332523488,0.6992794803082281,0.05926821892954339,0.921978913219789,1.318469852444976,1.0,0.014315944275984836,3.854349280456903,0.25813918198241004,0.0841525524102807,0.7405528333743906,0.503367519028814,국가중점=N AND 다운로드=L2(중) AND 조회수=L1(하),표준=N AND 형식=CSV,BI,0.07204653000525364,1690,[]
"frozenset({'조회수=L1(하)', '국가중점=N', '다운로드=L2(중)'})","frozenset({'형식=CSV', '유형=FILE'})",0.06428370332523488,0.6992794803082281,0.05926821892954339,0.921978913219789,1.318469852444976,1.0,0.014315944275984836,3.854349280456903,0.25813918198241004,0.0841525524102807,0.7405528333743906,0.503367519028814,국가중점=N AND 다운로드=L2(중) AND 조회수=L1(하),유형=FILE AND 형식=CSV,BI,0.07204653000525364,1690,[]
"frozenset({'다운로드=L4(최대)', '주기=수시', '유형=FILE'})","frozenset({'국가중점=N', '표준=N'})",0.07783906655683347,0.9578428203497283,0.07477346902599502,0.9606162089752177,1.0028954527471186,1.0,0.00021587798180743023,1.0704195445213542,0.0031307911668930323,0.07781539596761942,0.06578686355436728,0.5193403274355731,다운로드=L4(최대) AND 유형=FILE AND 주기=수시,국가중점=N AND 표준=N,BR,0.07203658268324828,1693,[]
"frozenset({'다운로드=L4(최대)', '주기=수시'})","frozenset({'국가중점=N', '표준=N'})",0.07783906655683347,0.9578428203497283,0.07477346902599502,0.9606162089752177,1.0028954527471186,1.0,0.00021587798180743023,1.0704195445213542,0.0031307911668930323,0.07781539596761942,0.06578686355436728,0.5193403274355731,다운로드=L4(최대) AND 주기=수시,국가중점=N AND 표준=N,BR,0.07203658268324828,1693,[]
"frozenset({'형식=CSV', '도메인=산업고용'})","frozenset({'국가중점=N', '표준=N'})",0.07055045201922776,0.9578428203497283,0.0700290918949355,0.9926101093703813,1.0362974887758294,1.0,0.0024528479558901944,5.704709550274746,0.03768480855566508,0.07307148297247307,0.8247062376818398,0.5328606828149534,도메인=산업고용 AND 형식=CSV,국가중점=N AND 표준=N,BR,0.07203468052547646,1695,['산업고용']
"frozenset({'형식=CSV', '도메인=산업고용', '유형=FILE'})","frozenset({'국가중점=N', '표준=N'})",0.07055045201922776,0.9578428203497283,0.0700290918949355,0.9926101093703813,1.0362974887758294,1.0,0.0024528479558901944,5.704709550274746,0.03768480855566508,0.07307148297247307,0.8247062376818398,0.5328606828149534,도메인=산업고용 AND 유형=FILE AND 형식=CSV,국가중점=N AND 표준=N,BR,0.07203468052547646,1695,['산업고용']
"frozenset({'도메인=교통물류', '유형=FILE'})",frozenset({'표준=N'}),0.0717600075075858,0.9968718392542465,0.0717600075075858,1.0,1.0031379768417308,1.0,0.0002244768386002044,inf,0.0033699913503554817,0.07198518874930704,1.0,0.5359925943746535,도메인=교통물류 AND 유형=FILE,표준=N,BR,0.07198518874930702,1697,['교통물류']
"frozenset({'조회수=L1(하)', '표준=N', '다운로드=L2(중)'})","frozenset({'형식=CSV', '유형=FILE'})",0.0643149849326924,0.6992794803082281,0.05926821892954339,0.9215304798962387,1.317828573333865,1.0,0.014294069689778734,3.832322655906716,0.25775336536106974,0.08414881489925534,0.7390616370835292,0.5031433023670389,다운로드=L2(중) AND 조회수=L1(하) AND 표준=N,유형=FILE AND 형식=CSV,BI,0.07197646287591325,1698,[]
"frozenset({'조회수=L1(하)', '표준=N', '다운로드=L2(중)'})",frozenset({'형식=CSV'}),0.0643149849326924,0.6992794803082281,0.05926821892954339,0.9215304798962387,1.317828573333865,1.0,0.014294069689778734,3.832322655906716,0.25775336536106974,0.08414881489925534,0.7390616370835292,0.5031433023670389,다운로드=L2(중) AND 조회수=L1(하) AND 표준=N,형식=CSV,BI,0.07197646287591325,1698,[]
"frozenset({'주기=수시', '형식=CSV', '다운로드=L1(하)'})",frozenset({'표준=N'}),0.0717391531026141,0.9968718392542465,0.0717391531026141,1.0,1.0031379768417308,1.0,0.00022441160266920002,inf,0.003369915639778494,0.07196426890369549,1.0,0.5359821344518477,다운로드=L1(하) AND 주기=수시 AND 형식=CSV,표준=N,BR,0.07196426890369548,1700,[]
"frozenset({'다운로드=L1(하)', '주기=수시', '유형=FILE', '형식=CSV'})",frozenset({'표준=N'}),0.0717391531026141,0.9968718392542465,0.0717391531026141,1.0,1.0031379768417308,1.0,0.00022441160266920002,inf,0.003369915639778494,0.07196426890369549,1.0,0.5359821344518477,다운로드=L1(하) AND 유형=FILE AND 주기=수시 AND 형식=CSV,표준=N,BR,0.07196426890369548,1700,[]
"frozenset({'형식=CSV', '주기=수시', '다운로드=L2(중)'})",frozenset({'표준=N'}),0.07172872590012826,0.9968718392542465,0.07172872590012826,1.0,1.0031379768417308,1.0,0.0002243789847036909,inf,0.0033698777857655723,0.07195380898088971,1.0,0.5359769044904449,다운로드=L2(중) AND 주기=수시 AND 형식=CSV,표준=N,BR,0.07195380898088971,1702,[]
"frozenset({'형식=CSV', '주기=수시', '유형=FILE', '다운로드=L2(중)'})",frozenset({'표준=N'}),0.07172872590012826,0.9968718392542465,0.07172872590012826,1.0,1.0031379768417308,1.0,0.0002243789847036909,inf,0.0033698777857655723,0.07195380898088971,1.0,0.5359769044904449,다운로드=L2(중) AND 유형=FILE AND 주기=수시 AND 형식=CSV,표준=N,BR,0.07195380898088971,1702,[]
"frozenset({'조회수=L1(하)', '다운로드=L2(중)'})","frozenset({'형식=CSV', '표준=N', '유형=FILE'})",0.06432541213517826,0.6992794803082281,0.05926821892954339,0.9213810990436051,1.31761495223266,1.0,0.014286778161043352,3.8250410020176093,0.25762475408787755,0.08414756913602178,0.7385648939521103,0.503068611940722,다운로드=L2(중) AND 조회수=L1(하),유형=FILE AND 표준=N AND 형식=CSV,BI,0.07195312987894327,1705,[]
"frozenset({'조회수=L1(하)', '다운로드=L2(중)'})","frozenset({'형식=CSV', '표준=N'})",0.06432541213517826,0.6992794803082281,0.05926821892954339,0.9213810990436051,1.31761495223266,1.0,0.014286778161043352,3.8250410020176093,0.25762475408787755,0.08414756913602178,0.7385648939521103,0.503068611940722,다운로드=L2(중) AND 조회수=L1(하),표준=N AND 형식=CSV,BI,0.07195312987894327,1705,[]
"frozenset({'조회수=L1(하)', '다운로드=L2(중)'})",frozenset({'형식=CSV'}),0.06432541213517826,0.6992794803082281,0.05926821892954339,0.9213810990436051,1.31761495223266,1.0,0.014286778161043352,3.8250410020176093,0.25762475408787755,0.08414756913602178,0.7385648939521103,0.503068611940722,다운로드=L2(중) AND 조회수=L1(하),형식=CSV,BI,0.07195312987894327,1705,[]
"frozenset({'조회수=L1(하)', '다운로드=L2(중)'})","frozenset({'형식=CSV', '유형=FILE'})",0.06432541213517826,0.6992794803082281,0.05926821892954339,0.9213810990436051,1.31761495223266,1.0,0.014286778161043352,3.8250410020176093,0.25762475408787755,0.08414756913602178,0.7385648939521103,0.503068611940722,다운로드=L2(중) AND 조회수=L1(하),유형=FILE AND 형식=CSV,BI,0.07195312987894327,1705,[]
"frozenset({'도메인=공공행정', '주기=연간'})","frozenset({'형식=CSV', '국가중점=N', '표준=N', '유형=FILE'})",0.06247979729518367,0.6867564101227281,0.057777128974067546,0.9247329773030708,1.34652252774432,1.0,0.014868727678431469,4.161764058857237,0.2744967550989198,0.08355827665766892,0.7597172771311341,0.5044317159449672,도메인=공공행정 AND 주기=연간,국가중점=N AND 유형=FILE AND 표준=N AND 형식=CSV,BI,0.07194256643385706,1712,['공공행정']
"frozenset({'도메인=공공행정', '주기=연간', '유형=FILE'})","frozenset({'형식=CSV', '국가중점=N'})",0.06247979729518367,0.6867564101227281,0.057777128974067546,0.9247329773030708,1.34652252774432,1.0,0.014868727678431469,4.161764058857237,0.2744967550989198,0.08355827665766892,0.7597172771311341,0.5044317159449672,도메인=공공행정 AND 유형=FILE AND 주기=연간,국가중점=N AND 형식=CSV,BI,0.07194256643385706,1712,['공공행정']
"frozenset({'도메인=공공행정', '주기=연간'})","frozenset({'형식=CSV', '국가중점=N', '유형=FILE'})",0.06247979729518367,0.6867564101227281,0.057777128974067546,0.9247329773030708,1.34652252774432,1.0,0.014868727678431469,4.161764058857237,0.2744967550989198,0.08355827665766892,0.7597172771311341,0.5044317159449672,도메인=공공행정 AND 주기=연간,국가중점=N AND 유형=FILE AND 형식=CSV,BI,0.07194256643385706,1712,['공공행정']
"frozenset({'도메인=공공행정', '표준=N', '주기=연간'})","frozenset({'형식=CSV', '국가중점=N', '유형=FILE'})",0.06247979729518367,0.6867564101227281,0.057777128974067546,0.9247329773030708,1.34652252774432,1.0,0.014868727678431469,4.161764058857237,0.2744967550989198,0.08355827665766892,0.7597172771311341,0.5044317159449672,도메인=공공행정 AND 주기=연간 AND 표준=N,국가중점=N AND 유형=FILE AND 형식=CSV,BI,0.07194256643385706,1712,['공공행정']
"frozenset({'도메인=공공행정', '주기=연간', '유형=FILE'})","frozenset({'형식=CSV', '국가중점=N', '표준=N'})",0.06247979729518367,0.6867564101227281,0.057777128974067546,0.9247329773030708,1.34652252774432,1.0,0.014868727678431469,4.161764058857237,0.2744967550989198,0.08355827665766892,0.7597172771311341,0.5044317159449672,도메인=공공행정 AND 유형=FILE AND 주기=연간,국가중점=N AND 표준=N AND 형식=CSV,BI,0.07194256643385706,1712,['공공행정']
"frozenset({'도메인=공공행정', '표준=N', '주기=연간'})","frozenset({'형식=CSV', '국가중점=N'})",0.06247979729518367,0.6867564101227281,0.057777128974067546,0.9247329773030708,1.34652252774432,1.0,0.014868727678431469,4.161764058857237,0.2744967550989198,0.08355827665766892,0.7597172771311341,0.5044317159449672,도메인=공공행정 AND 주기=연간 AND 표준=N,국가중점=N AND 형식=CSV,BI,0.07194256643385706,1712,['공공행정']
"frozenset({'도메인=공공행정', '주기=연간'})","frozenset({'형식=CSV', '국가중점=N', '표준=N'})",0.06247979729518367,0.6867564101227281,0.057777128974067546,0.9247329773030708,1.34652252774432,1.0,0.014868727678431469,4.161764058857237,0.2744967550989198,0.08355827665766892,0.7597172771311341,0.5044317159449672,도메인=공공행정 AND 주기=연간,국가중점=N AND 표준=N AND 형식=CSV,BI,0.07194256643385706,1712,['공공행정']
"frozenset({'도메인=공공행정', '주기=연간'})","frozenset({'형식=CSV', '국가중점=N'})",0.06247979729518367,0.6867564101227281,0.057777128974067546,0.9247329773030708,1.34652252774432,1.0,0.014868727678431469,4.161764058857237,0.2744967550989198,0.08355827665766892,0.7597172771311341,0.5044317159449672,도메인=공공행정 AND 주기=연간,국가중점=N AND 형식=CSV,BI,0.07194256643385706,1712,['공공행정']
"frozenset({'도메인=공공행정', '표준=N', '주기=연간', '유형=FILE'})","frozenset({'형식=CSV', '국가중점=N'})",0.06247979729518367,0.6867564101227281,0.057777128974067546,0.9247329773030708,1.34652252774432,1.0,0.014868727678431469,4.161764058857237,0.2744967550989198,0.08355827665766892,0.7597172771311341,0.5044317159449672,도메인=공공행정 AND 유형=FILE AND 주기=연간 AND 표준=N,국가중점=N AND 형식=CSV,BI,0.07194256643385706,1712,['공공행정']
"frozenset({'형식=CSV', '도메인=산업고용', '유형=FILE'})",frozenset({'국가중점=N'}),0.07055045201922776,0.9609709810954818,0.0700290918949355,0.9926101093703813,1.0329241245545537,1.0,0.00223215480128848,5.281406838159383,0.03429414617859448,0.07283374905107906,0.8106565105390539,0.5327416866296351,도메인=산업고용 AND 유형=FILE AND 형식=CSV,국가중점=N,BR,0.07180019263314091,1718,['산업고용']
"frozenset({'형식=CSV', '도메인=산업고용', '표준=N'})",frozenset({'국가중점=N'}),0.07055045201922776,0.9609709810954818,0.0700290918949355,0.9926101093703813,1.0329241245545537,1.0,0.00223215480128848,5.281406838159383,0.03429414617859448,0.07283374905107906,0.8106565105390539,0.5327416866296351,도메인=산업고용 AND 표준=N AND 형식=CSV,국가중점=N,BR,0.07180019263314091,1718,['산업고용']
"frozenset({'형식=CSV', '도메인=산업고용'})",frozenset({'국가중점=N'}),0.07055045201922776,0.9609709810954818,0.0700290918949355,0.9926101093703813,1.0329241245545537,1.0,0.00223215480128848,5.281406838159383,0.03429414617859448,0.07283374905107906,0.8106565105390539,0.5327416866296351,도메인=산업고용 AND 형식=CSV,국가중점=N,BR,0.07180019263314091,1718,['산업고용']
"frozenset({'형식=CSV', '도메인=산업고용', '표준=N', '유형=FILE'})",frozenset({'국가중점=N'}),0.07055045201922776,0.9609709810954818,0.0700290918949355,0.9926101093703813,1.0329241245545537,1.0,0.00223215480128848,5.281406838159383,0.03429414617859448,0.07283374905107906,0.8106565105390539,0.5327416866296351,도메인=산업고용 AND 유형=FILE AND 표준=N AND 형식=CSV,국가중점=N,BR,0.07180019263314091,1718,['산업고용']
"frozenset({'다운로드=L0(최소)', '주기=수시', '조회수=L0(최소)'})","frozenset({'표준=N', '유형=FILE'})",0.06250065170015537,0.8711614860848983,0.06250065170015537,1.0,1.1478928028534836,1.0,0.008052491083773393,inf,0.13742784370863873,0.07174404826026069,1.0,0.5358720241301304,다운로드=L0(최소) AND 조회수=L0(최소) AND 주기=수시,유형=FILE AND 표준=N,BR,0.07174404826026069,1722,[]
"frozenset({'다운로드=L0(최소)', '표준=N', '주기=수시', '조회수=L0(최소)'})",frozenset({'유형=FILE'}),0.06250065170015537,0.8711614860848983,0.06250065170015537,1.0,1.1478928028534836,1.0,0.008052491083773393,inf,0.13742784370863873,0.07174404826026069,1.0,0.5358720241301304,다운로드=L0(최소) AND 조회수=L0(최소) AND 주기=수시 AND 표준=N,유형=FILE,BR,0.07174404826026069,1722,[]
"frozenset({'다운로드=L0(최소)', '주기=수시', '조회수=L0(최소)'})",frozenset({'유형=FILE'}),0.06250065170015537,0.8711614860848983,0.06250065170015537,1.0,1.1478928028534836,1.0,0.008052491083773393,inf,0.13742784370863873,0.07174404826026069,1.0,0.5358720241301304,다운로드=L0(최소) AND 조회수=L0(최소) AND 주기=수시,유형=FILE,BR,0.07174404826026069,1722,[]
"frozenset({'다운로드=L0(최소)', '국가중점=N', '주기=수시', '조회수=L0(최소)'})",frozenset({'유형=FILE'}),0.06247979729518367,0.8711614860848983,0.06247979729518367,1.0,1.1478928028534836,1.0,0.008049804233228257,inf,0.13742478673354763,0.07172010963888589,1.0,0.535860054819443,국가중점=N AND 다운로드=L0(최소) AND 조회수=L0(최소) AND 주기=수시,유형=FILE,BR,0.07172010963888589,1726,[]
"frozenset({'다운로드=L0(최소)', '국가중점=N', '주기=수시', '조회수=L0(최소)'})","frozenset({'표준=N', '유형=FILE'})",0.06247979729518367,0.8711614860848983,0.06247979729518367,1.0,1.1478928028534836,1.0,0.008049804233228257,inf,0.13742478673354763,0.07172010963888589,1.0,0.535860054819443,국가중점=N AND 다운로드=L0(최소) AND 조회수=L0(최소) AND 주기=수시,유형=FILE AND 표준=N,BR,0.07172010963888589,1726,[]
"frozenset({'다운로드=L0(최소)', '국가중점=N', '주기=수시', '조회수=L0(최소)', '표준=N'})",frozenset({'유형=FILE'}),0.06247979729518367,0.8711614860848983,0.06247979729518367,1.0,1.1478928028534836,1.0,0.008049804233228257,inf,0.13742478673354763,0.07172010963888589,1.0,0.535860054819443,국가중점=N AND 다운로드=L0(최소) AND 조회수=L0(최소) AND 주기=수시 AND 표준=N,유형=FILE,BR,0.07172010963888589,1726,[]
"frozenset({'도메인=공공행정', '표준=N', '주기=연간'})",frozenset({'유형=FILE'}),0.06247979729518367,0.8711614860848983,0.06247979729518367,1.0,1.1478928028534836,1.0,0.008049804233228257,inf,0.13742478673354763,0.07172010963888589,1.0,0.535860054819443,도메인=공공행정 AND 주기=연간 AND 표준=N,유형=FILE,BR,0.07172010963888589,1726,['공공행정']
"frozenset({'도메인=공공행정', '주기=연간'})",frozenset({'유형=FILE'}),0.06247979729518367,0.8711614860848983,0.06247979729518367,1.0,1.1478928028534836,1.0,0.008049804233228257,inf,0.13742478673354763,0.07172010963888589,1.0,0.535860054819443,도메인=공공행정 AND 주기=연간,유형=FILE,BR,0.07172010963888589,1726,['공공행정']
"frozenset({'도메인=공공행정', '주기=연간'})","frozenset({'표준=N', '유형=FILE'})",0.06247979729518367,0.8711614860848983,0.06247979729518367,1.0,1.1478928028534836,1.0,0.008049804233228257,inf,0.13742478673354763,0.07172010963888589,1.0,0.535860054819443,도메인=공공행정 AND 주기=연간,유형=FILE AND 표준=N,BR,0.07172010963888589,1726,['공공행정']
"frozenset({'조회수=L1(하)', '다운로드=L1(하)', '국가중점=N', '표준=N'})",frozenset({'유형=FILE'}),0.06774553455053543,0.8711614860848983,0.06594162852048424,0.9733723256887795,1.117327087154907,1.0,0.00692432796582397,4.838519219112245,0.11263762612708356,0.07553750597228859,0.7933251983272112,0.5245331232379407,국가중점=N AND 다운로드=L1(하) AND 조회수=L1(하) AND 표준=N,유형=FILE,BR,0.07171648413769183,1730,[]
"frozenset({'조회수=L1(하)', '주기=연간'})","frozenset({'국가중점=N', '표준=N'})",0.06868398277426149,0.9578428203497283,0.06868398277426149,1.0,1.04401262791204,1.0,0.002895523000910699,inf,0.04526624568946206,0.07170694535162203,1.0,0.5358534726758111,조회수=L1(하) AND 주기=연간,국가중점=N AND 표준=N,BR,0.07170694535162203,1731,[]
"frozenset({'조회수=L1(하)', '주기=연간', '유형=FILE'})","frozenset({'국가중점=N', '표준=N'})",0.06868398277426149,0.9578428203497283,0.06868398277426149,1.0,1.04401262791204,1.0,0.002895523000910699,inf,0.04526624568946206,0.07170694535162203,1.0,0.5358534726758111,유형=FILE AND 조회수=L1(하) AND 주기=연간,국가중점=N AND 표준=N,BR,0.07170694535162203,1731,[]
"frozenset({'다운로드=L1(하)', '주기=수시', '유형=FILE', '형식=CSV'})","frozenset({'국가중점=N', '표준=N'})",0.0717391531026141,0.9578428203497283,0.07068600565154375,0.9853197674418605,1.0286862797406569,1.0,0.0019711729142348894,2.8716969900383043,0.03004147478477977,0.07371603179608748,0.6517738454060706,0.529558424979367,다운로드=L1(하) AND 유형=FILE AND 주기=수시 AND 형식=CSV,국가중점=N AND 표준=N,BR,0.07164626980223265,1733,[]
"frozenset({'다운로드=L1(하)', '주기=수시', '형식=CSV'})","frozenset({'국가중점=N', '표준=N'})",0.0717391531026141,0.9578428203497283,0.07068600565154375,0.9853197674418605,1.0286862797406569,1.0,0.0019711729142348894,2.8716969900383043,0.03004147478477977,0.07371603179608748,0.6517738454060706,0.529558424979367,다운로드=L1(하) AND 주기=수시 AND 형식=CSV,국가중점=N AND 표준=N,BR,0.07164626980223265,1733,[]
"frozenset({'다운로드=L3(상)', '국가중점=N', '주기=수시', '유형=FILE'})",frozenset({'표준=N'}),0.07138462821809537,0.9968718392542465,0.07138462821809537,1.0,1.0031379768417308,1.0,0.00022330259184205614,inf,0.003368629080251989,0.07160863152829931,1.0,0.5358043157641497,국가중점=N AND 다운로드=L3(상) AND 유형=FILE AND 주기=수시,표준=N,BR,0.07160863152829931,1735,[]
"frozenset({'다운로드=L3(상)', '국가중점=N', '주기=수시'})",frozenset({'표준=N'}),0.07138462821809537,0.9968718392542465,0.07138462821809537,1.0,1.0031379768417308,1.0,0.00022330259184205614,inf,0.003368629080251989,0.07160863152829931,1.0,0.5358043157641497,국가중점=N AND 다운로드=L3(상) AND 주기=수시,표준=N,BR,0.07160863152829931,1735,[]
"frozenset({'조회수=L1(하)', '다운로드=L1(하)', '국가중점=N'})",frozenset({'유형=FILE'}),0.06781852496793635,0.8711614860848983,0.06594162852048424,0.9723247232472326,1.1161245518520035,1.0,0.006860741525331032,4.6553649694657,0.1116120079367019,0.07553119065534415,0.7851940703770921,0.5240093220171672,국가중점=N AND 다운로드=L1(하) AND 조회수=L1(하),유형=FILE,BR,0.07156219593374621,1737,[]
"frozenset({'조회수=L1(하)', '다운로드=L1(하)', '국가중점=N'})","frozenset({'표준=N', '유형=FILE'})",0.06781852496793635,0.8711614860848983,0.06594162852048424,0.9723247232472326,1.1161245518520035,1.0,0.006860741525331032,4.6553649694657,0.1116120079367019,0.07553119065534415,0.7851940703770921,0.5240093220171672,국가중점=N AND 다운로드=L1(하) AND 조회수=L1(하),유형=FILE AND 표준=N,BR,0.07156219593374621,1737,[]
"frozenset({'도메인=공공행정', '국가중점=N', '주기=연간'})","frozenset({'표준=N', '유형=FILE'})",0.062292107650438466,0.8711614860848983,0.062292107650438466,1.0,1.1478928028534836,1.0,0.008025622578322032,inf,0.13739728007650484,0.07150466204651275,1.0,0.5357523310232564,국가중점=N AND 도메인=공공행정 AND 주기=연간,유형=FILE AND 표준=N,BR,0.07150466204651273,1740,['공공행정']
"frozenset({'도메인=공공행정', '국가중점=N', '표준=N', '주기=연간'})",frozenset({'유형=FILE'}),0.062292107650438466,0.8711614860848983,0.062292107650438466,1.0,1.1478928028534836,1.0,0.008025622578322032,inf,0.13739728007650484,0.07150466204651275,1.0,0.5357523310232564,국가중점=N AND 도메인=공공행정 AND 주기=연간 AND 표준=N,유형=FILE,BR,0.07150466204651273,1740,['공공행정']
"frozenset({'도메인=공공행정', '국가중점=N', '주기=연간'})",frozenset({'유형=FILE'}),0.062292107650438466,0.8711614860848983,0.062292107650438466,1.0,1.1478928028534836,1.0,0.008025622578322032,inf,0.13739728007650484,0.07150466204651275,1.0,0.5357523310232564,국가중점=N AND 도메인=공공행정 AND 주기=연간,유형=FILE,BR,0.07150466204651273,1740,['공공행정']
"frozenset({'조회수=L1(하)', '주기=연간', '유형=FILE'})",frozenset({'국가중점=N'}),0.06868398277426149,0.9609709810954818,0.06868398277426149,1.0,1.0406141493055556,1.0,0.0026806684621342447,inf,0.041907385015002865,0.07147352430555555,1.0,0.5357367621527778,유형=FILE AND 조회수=L1(하) AND 주기=연간,국가중점=N,BR,0.07147352430555556,1743,[]
"frozenset({'조회수=L1(하)', '표준=N', '주기=연간'})",frozenset({'국가중점=N'}),0.06868398277426149,0.9609709810954818,0.06868398277426149,1.0,1.0406141493055556,1.0,0.0026806684621342447,inf,0.041907385015002865,0.07147352430555555,1.0,0.5357367621527778,조회수=L1(하) AND 주기=연간 AND 표준=N,국가중점=N,BR,0.07147352430555556,1743,[]
"frozenset({'조회수=L1(하)', '주기=연간'})",frozenset({'국가중점=N'}),0.06868398277426149,0.9609709810954818,0.06868398277426149,1.0,1.0406141493055556,1.0,0.0026806684621342447,inf,0.041907385015002865,0.07147352430555555,1.0,0.5357367621527778,조회수=L1(하) AND 주기=연간,국가중점=N,BR,0.07147352430555556,1743,[]
"frozenset({'조회수=L1(하)', '표준=N', '주기=연간', '유형=FILE'})",frozenset({'국가중점=N'}),0.06868398277426149,0.9609709810954818,0.06868398277426149,1.0,1.0406141493055556,1.0,0.0026806684621342447,inf,0.041907385015002865,0.07147352430555555,1.0,0.5357367621527778,유형=FILE AND 조회수=L1(하) AND 주기=연간 AND 표준=N,국가중점=N,BR,0.07147352430555556,1743,[]
"frozenset({'조회수=L1(하)', '형식=CSV', '주기=수시'})",frozenset({'표준=N'}),0.07121779297832184,0.9968718392542465,0.07121779297832184,1.0,1.0031379768417308,1.0,0.00022278070439397946,inf,0.003368023980330623,0.071441272763407,1.0,0.5357206363817035,조회수=L1(하) AND 주기=수시 AND 형식=CSV,표준=N,BR,0.07144127276340699,1746,[]
"frozenset({'조회수=L1(하)', '형식=CSV', '주기=수시', '유형=FILE'})",frozenset({'표준=N'}),0.07121779297832184,0.9968718392542465,0.07121779297832184,1.0,1.0031379768417308,1.0,0.00022278070439397946,inf,0.003368023980330623,0.071441272763407,1.0,0.5357206363817035,유형=FILE AND 조회수=L1(하) AND 주기=수시 AND 형식=CSV,표준=N,BR,0.07144127276340699,1746,[]
"frozenset({'주기=수시', '형식=CSV', '다운로드=L1(하)'})",frozenset({'국가중점=N'}),0.0717391531026141,0.9609709810954818,0.07068600565154375,0.9853197674418605,1.0253376915904595,1.0,0.0017467613115656894,2.658610396664204,0.026621350931456858,0.07347633344533443,0.6238636540146258,0.5294383125403747,다운로드=L1(하) AND 주기=수시 AND 형식=CSV,국가중점=N,BR,0.07141304626772019,1749,[]
"frozenset({'다운로드=L1(하)', '표준=N', '주기=수시', '형식=CSV'})",frozenset({'국가중점=N'}),0.0717391531026141,0.9609709810954818,0.07068600565154375,0.9853197674418605,1.0253376915904595,1.0,0.0017467613115656894,2.658610396664204,0.026621350931456858,0.07347633344533443,0.6238636540146258,0.5294383125403747,다운로드=L1(하) AND 주기=수시 AND 표준=N AND 형식=CSV,국가중점=N,BR,0.07141304626772019,1749,[]
"frozenset({'다운로드=L1(하)', '주기=수시', '유형=FILE', '형식=CSV'})",frozenset({'국가중점=N'}),0.0717391531026141,0.9609709810954818,0.07068600565154375,0.9853197674418605,1.0253376915904595,1.0,0.0017467613115656894,2.658610396664204,0.026621350931456858,0.07347633344533443,0.6238636540146258,0.5294383125403747,다운로드=L1(하) AND 유형=FILE AND 주기=수시 AND 형식=CSV,국가중점=N,BR,0.07141304626772019,1749,[]
"frozenset({'다운로드=L1(하)', '형식=CSV', '주기=수시', '표준=N', '유형=FILE'})",frozenset({'국가중점=N'}),0.0717391531026141,0.9609709810954818,0.07068600565154375,0.9853197674418605,1.0253376915904595,1.0,0.0017467613115656894,2.658610396664204,0.026621350931456858,0.07347633344533443,0.6238636540146258,0.5294383125403747,다운로드=L1(하) AND 유형=FILE AND 주기=수시 AND 표준=N AND 형식=CSV,국가중점=N,BR,0.07141304626772019,1749,[]
"frozenset({'조회수=L3(상)', '주기=수시', '유형=FILE'})",frozenset({'표준=N'}),0.07116565696589262,0.9968718392542465,0.07116565696589262,1.0,1.0031379768417308,1.0,0.00022261761456646156,inf,0.0033678349311838398,0.07138897314937816,1.0,0.5356944865746891,유형=FILE AND 조회수=L3(상) AND 주기=수시,표준=N,BR,0.07138897314937816,1752,[]
"frozenset({'조회수=L3(상)', '주기=수시'})",frozenset({'표준=N'}),0.07116565696589262,0.9968718392542465,0.07116565696589262,1.0,1.0031379768417308,1.0,0.00022261761456646156,inf,0.0033678349311838398,0.07138897314937816,1.0,0.5356944865746891,조회수=L3(상) AND 주기=수시,표준=N,BR,0.07138897314937816,1752,[]
"frozenset({'조회수=L1(하)', '형식=CSV', '국가중점=N', '주기=수시'})",frozenset({'표준=N'}),0.07114480256092093,0.9968718392542465,0.07114480256092093,1.0,1.0031379768417308,1.0,0.00022255237863545718,inf,0.003367759317467441,0.07136805330376662,1.0,0.5356840266518833,국가중점=N AND 조회수=L1(하) AND 주기=수시 AND 형식=CSV,표준=N,BR,0.07136805330376661,1754,[]
"frozenset({'국가중점=N', '조회수=L1(하)', '형식=CSV', '주기=수시', '유형=FILE'})",frozenset({'표준=N'}),0.07114480256092093,0.9968718392542465,0.07114480256092093,1.0,1.0031379768417308,1.0,0.00022255237863545718,inf,0.003367759317467441,0.07136805330376662,1.0,0.5356840266518833,국가중점=N AND 유형=FILE AND 조회수=L1(하) AND 주기=수시 AND 형식=CSV,표준=N,BR,0.07136805330376661,1754,[]
"frozenset({'도메인=공공행정', '주기=연간'})","frozenset({'형식=CSV', '표준=N', '유형=FILE'})",0.06247979729518367,0.6992794803082281,0.05795439141632691,0.927570093457944,1.3264654827982225,1.0,0.01426355123398744,4.151883304131562,0.26251896396736246,0.0823444004918737,0.7591454463556587,0.5052236939711174,도메인=공공행정 AND 주기=연간,유형=FILE AND 표준=N AND 형식=CSV,BI,0.07130648695505394,1760,['공공행정']
"frozenset({'도메인=공공행정', '주기=연간', '유형=FILE'})","frozenset({'형식=CSV', '표준=N'})",0.06247979729518367,0.6992794803082281,0.05795439141632691,0.927570093457944,1.3264654827982225,1.0,0.01426355123398744,4.151883304131562,0.26251896396736246,0.0823444004918737,0.7591454463556587,0.5052236939711174,도메인=공공행정 AND 유형=FILE AND 주기=연간,표준=N AND 형식=CSV,BI,0.07130648695505394,1760,['공공행정']
"frozenset({'도메인=공공행정', '주기=연간'})",frozenset({'형식=CSV'}),0.06247979729518367,0.6992794803082281,0.05795439141632691,0.927570093457944,1.3264654827982225,1.0,0.01426355123398744,4.151883304131562,0.26251896396736246,0.0823444004918737,0.7591454463556587,0.5052236939711174,도메인=공공행정 AND 주기=연간,형식=CSV,BI,0.07130648695505394,1760,['공공행정']
"frozenset({'도메인=공공행정', '표준=N', '주기=연간'})","frozenset({'형식=CSV', '유형=FILE'})",0.06247979729518367,0.6992794803082281,0.05795439141632691,0.927570093457944,1.3264654827982225,1.0,0.01426355123398744,4.151883304131562,0.26251896396736246,0.0823444004918737,0.7591454463556587,0.5052236939711174,도메인=공공행정 AND 주기=연간 AND 표준=N,유형=FILE AND 형식=CSV,BI,0.07130648695505394,1760,['공공행정']
"frozenset({'도메인=공공행정', '주기=연간'})","frozenset({'형식=CSV', '표준=N'})",0.06247979729518367,0.6992794803082281,0.05795439141632691,0.927570093457944,1.3264654827982225,1.0,0.01426355123398744,4.151883304131562,0.26251896396736246,0.0823444004918737,0.7591454463556587,0.5052236939711174,도메인=공공행정 AND 주기=연간,표준=N AND 형식=CSV,BI,0.07130648695505394,1760,['공공행정']
"frozenset({'도메인=공공행정', '주기=연간', '유형=FILE'})",frozenset({'형식=CSV'}),0.06247979729518367,0.6992794803082281,0.05795439141632691,0.927570093457944,1.3264654827982225,1.0,0.01426355123398744,4.151883304131562,0.26251896396736246,0.0823444004918737,0.7591454463556587,0.5052236939711174,도메인=공공행정 AND 유형=FILE AND 주기=연간,형식=CSV,BI,0.07130648695505394,1760,['공공행정']
"frozenset({'도메인=공공행정', '표준=N', '주기=연간'})",frozenset({'형식=CSV'}),0.06247979729518367,0.6992794803082281,0.05795439141632691,0.927570093457944,1.3264654827982225,1.0,0.01426355123398744,4.151883304131562,0.26251896396736246,0.0823444004918737,0.7591454463556587,0.5052236939711174,도메인=공공행정 AND 주기=연간 AND 표준=N,형식=CSV,BI,0.07130648695505394,1760,['공공행정']
"frozenset({'도메인=공공행정', '주기=연간'})","frozenset({'형식=CSV', '유형=FILE'})",0.06247979729518367,0.6992794803082281,0.05795439141632691,0.927570093457944,1.3264654827982225,1.0,0.01426355123398744,4.151883304131562,0.26251896396736246,0.0823444004918737,0.7591454463556587,0.5052236939711174,도메인=공공행정 AND 주기=연간,유형=FILE AND 형식=CSV,BI,0.07130648695505394,1760,['공공행정']
"frozenset({'도메인=공공행정', '표준=N', '주기=연간', '유형=FILE'})",frozenset({'형식=CSV'}),0.06247979729518367,0.6992794803082281,0.05795439141632691,0.927570093457944,1.3264654827982225,1.0,0.01426355123398744,4.151883304131562,0.26251896396736246,0.0823444004918737,0.7591454463556587,0.5052236939711174,도메인=공공행정 AND 유형=FILE AND 주기=연간 AND 표준=N,형식=CSV,BI,0.07130648695505394,1760,['공공행정']
"frozenset({'형식=CSV', '주기=연간', '유형=FILE', '조회수=L2(중)'})",frozenset({'표준=N'}),0.07104053053606248,0.9968718392542465,0.07104053053606248,1.0,1.0031379768417308,1.0,0.00022222619898040752,inf,0.0033673812998090678,0.07126345407570892,1.0,0.5356317270378544,유형=FILE AND 조회수=L2(중) AND 주기=연간 AND 형식=CSV,표준=N,BR,0.07126345407570892,1765,[]
"frozenset({'형식=CSV', '주기=연간', '조회수=L2(중)'})",frozenset({'표준=N'}),0.07104053053606248,0.9968718392542465,0.07104053053606248,1.0,1.0031379768417308,1.0,0.00022222619898040752,inf,0.0033673812998090678,0.07126345407570892,1.0,0.5356317270378544,조회수=L2(중) AND 주기=연간 AND 형식=CSV,표준=N,BR,0.07126345407570892,1765,[]
"frozenset({'형식=CSV', '국가중점=N', '주기=연간', '조회수=L2(중)'})",frozenset({'표준=N'}),0.07100924892860494,0.9968718392542465,0.07100924892860494,1.0,1.0031379768417308,1.0,0.00022212834508390789,inf,0.003367267911059315,0.0712320743072916,1.0,0.5356160371536458,국가중점=N AND 조회수=L2(중) AND 주기=연간 AND 형식=CSV,표준=N,BR,0.0712320743072916,1767,[]
"frozenset({'국가중점=N', '형식=CSV', '주기=연간', '조회수=L2(중)', '유형=FILE'})",frozenset({'표준=N'}),0.07100924892860494,0.9968718392542465,0.07100924892860494,1.0,1.0031379768417308,1.0,0.00022212834508390789,inf,0.003367267911059315,0.0712320743072916,1.0,0.5356160371536458,국가중점=N AND 유형=FILE AND 조회수=L2(중) AND 주기=연간 AND 형식=CSV,표준=N,BR,0.0712320743072916,1767,[]
"frozenset({'다운로드=L2(중)', '유형=FILE', '조회수=L2(중)'})","frozenset({'형식=CSV', '국가중점=N'})",0.06747442728590347,0.6867564101227281,0.06059247364524572,0.8980064904960593,1.307605545808563,1.0,0.0142539781872916,3.071211015296705,0.2522648010690818,0.08735455939388473,0.6743955413615916,0.49311821290768165,다운로드=L2(중) AND 유형=FILE AND 조회수=L2(중),국가중점=N AND 형식=CSV,BI,0.07115000125520615,1770,[]
"frozenset({'조회수=L2(중)', '표준=N', '유형=FILE', '다운로드=L2(중)'})","frozenset({'형식=CSV', '국가중점=N'})",0.06747442728590347,0.6867564101227281,0.06059247364524572,0.8980064904960593,1.307605545808563,1.0,0.0142539781872916,3.071211015296705,0.2522648010690818,0.08735455939388473,0.6743955413615916,0.49311821290768165,다운로드=L2(중) AND 유형=FILE AND 조회수=L2(중) AND 표준=N,국가중점=N AND 형식=CSV,BI,0.07115000125520615,1770,[]
"frozenset({'조회수=L2(중)', '유형=FILE', '다운로드=L2(중)'})","frozenset({'형식=CSV', '국가중점=N', '표준=N'})",0.06747442728590347,0.6867564101227281,0.06059247364524572,0.8980064904960593,1.307605545808563,1.0,0.0142539781872916,3.071211015296705,0.2522648010690818,0.08735455939388473,0.6743955413615916,0.49311821290768165,다운로드=L2(중) AND 유형=FILE AND 조회수=L2(중),국가중점=N AND 표준=N AND 형식=CSV,BI,0.07115000125520615,1770,[]
"frozenset({'도메인=공공행정', '국가중점=N', '주기=연간'})","frozenset({'형식=CSV', '유형=FILE'})",0.062292107650438466,0.6992794803082281,0.057777128974067546,0.927519250083696,1.3263927745668505,1.0,0.014217536308964739,4.148970865216268,0.26242234822923904,0.08209375370392319,0.7589763745068202,0.505071525791889,국가중점=N AND 도메인=공공행정 AND 주기=연간,유형=FILE AND 형식=CSV,BI,0.07108059207532212,1776,['공공행정']
"frozenset({'도메인=공공행정', '국가중점=N', '표준=N', '주기=연간'})",frozenset({'형식=CSV'}),0.062292107650438466,0.6992794803082281,0.057777128974067546,0.927519250083696,1.3263927745668505,1.0,0.014217536308964739,4.148970865216268,0.26242234822923904,0.08209375370392319,0.7589763745068202,0.505071525791889,국가중점=N AND 도메인=공공행정 AND 주기=연간 AND 표준=N,형식=CSV,BI,0.07108059207532212,1776,['공공행정']
"frozenset({'도메인=공공행정', '국가중점=N', '주기=연간'})","frozenset({'형식=CSV', '표준=N'})",0.062292107650438466,0.6992794803082281,0.057777128974067546,0.927519250083696,1.3263927745668505,1.0,0.014217536308964739,4.148970865216268,0.26242234822923904,0.08209375370392319,0.7589763745068202,0.505071525791889,국가중점=N AND 도메인=공공행정 AND 주기=연간,표준=N AND 형식=CSV,BI,0.07108059207532212,1776,['공공행정']
"frozenset({'도메인=공공행정', '국가중점=N', '주기=연간', '유형=FILE'})",frozenset({'형식=CSV'}),0.062292107650438466,0.6992794803082281,0.057777128974067546,0.927519250083696,1.3263927745668505,1.0,0.014217536308964739,4.148970865216268,0.26242234822923904,0.08209375370392319,0.7589763745068202,0.505071525791889,국가중점=N AND 도메인=공공행정 AND 유형=FILE AND 주기=연간,형식=CSV,BI,0.07108059207532212,1776,['공공행정']
"frozenset({'도메인=공공행정', '국가중점=N', '표준=N', '주기=연간'})","frozenset({'형식=CSV', '유형=FILE'})",0.062292107650438466,0.6992794803082281,0.057777128974067546,0.927519250083696,1.3263927745668505,1.0,0.014217536308964739,4.148970865216268,0.26242234822923904,0.08209375370392319,0.7589763745068202,0.505071525791889,국가중점=N AND 도메인=공공행정 AND 주기=연간 AND 표준=N,유형=FILE AND 형식=CSV,BI,0.07108059207532212,1776,['공공행정']
"frozenset({'도메인=공공행정', '국가중점=N', '주기=연간'})",frozenset({'형식=CSV'}),0.062292107650438466,0.6992794803082281,0.057777128974067546,0.927519250083696,1.3263927745668505,1.0,0.014217536308964739,4.148970865216268,0.26242234822923904,0.08209375370392319,0.7589763745068202,0.505071525791889,국가중점=N AND 도메인=공공행정 AND 주기=연간,형식=CSV,BI,0.07108059207532212,1776,['공공행정']
"frozenset({'도메인=공공행정', '국가중점=N', '주기=연간'})","frozenset({'형식=CSV', '표준=N', '유형=FILE'})",0.062292107650438466,0.6992794803082281,0.057777128974067546,0.927519250083696,1.3263927745668505,1.0,0.014217536308964739,4.148970865216268,0.26242234822923904,0.08209375370392319,0.7589763745068202,0.505071525791889,국가중점=N AND 도메인=공공행정 AND 주기=연간,유형=FILE AND 표준=N AND 형식=CSV,BI,0.07108059207532212,1776,['공공행정']
"frozenset({'도메인=공공행정', '국가중점=N', '주기=연간', '유형=FILE'})","frozenset({'형식=CSV', '표준=N'})",0.062292107650438466,0.6992794803082281,0.057777128974067546,0.927519250083696,1.3263927745668505,1.0,0.014217536308964739,4.148970865216268,0.26242234822923904,0.08209375370392319,0.7589763745068202,0.505071525791889,국가중점=N AND 도메인=공공행정 AND 유형=FILE AND 주기=연간,표준=N AND 형식=CSV,BI,0.07108059207532212,1776,['공공행정']
"frozenset({'국가중점=N', '주기=연간', '도메인=공공행정', '표준=N', '유형=FILE'})",frozenset({'형식=CSV'}),0.062292107650438466,0.6992794803082281,0.057777128974067546,0.927519250083696,1.3263927745668505,1.0,0.014217536308964739,4.148970865216268,0.26242234822923904,0.08209375370392319,0.7589763745068202,0.505071525791889,국가중점=N AND 도메인=공공행정 AND 유형=FILE AND 주기=연간 AND 표준=N,형식=CSV,BI,0.07108059207532212,1776,['공공행정']
"frozenset({'조회수=L1(하)', '다운로드=L1(하)', '표준=N'})","frozenset({'국가중점=N', '유형=FILE'})",0.06870483717923319,0.8547803509796357,0.06594162852048424,0.9597814539383821,1.1228398650465095,1.0,0.0072140836824205745,3.610763273189356,0.11747194516607622,0.07689595214065978,0.7230502460725683,0.5184629920223773,다운로드=L1(하) AND 조회수=L1(하) AND 표준=N,국가중점=N AND 유형=FILE,BR,0.07106403213483761,1781,[]
"frozenset({'도메인=환경기상', '유형=FILE'})","frozenset({'국가중점=N', '표준=N'})",0.06947645016318572,0.9578428203497283,0.068986371646351,0.9929461203662014,1.0366482884985828,1.0,0.002438852674157846,5.976452936377903,0.03799223945102456,0.07198581174448083,0.8326766711550377,0.5324843817594125,도메인=환경기상 AND 유형=FILE,국가중점=N AND 표준=N,BR,0.07101014868755852,1782,['환경기상']
"frozenset({'조회수=L4(최대)', '주기=연간', '유형=FILE'})","frozenset({'형식=CSV', '국가중점=N'})",0.08348018310167565,0.6867564101227281,0.06976841183278938,0.8357481888583562,1.2169499644116932,1.0,0.012437860969494577,1.9070936734277097,0.1945113738043962,0.0996025425368802,0.4756419079285955,0.46866969735651104,유형=FILE AND 조회수=L4(최대) AND 주기=연간,국가중점=N AND 형식=CSV,BI,0.07095892108331862,1787,[]
"frozenset({'조회수=L4(최대)', '주기=연간', '유형=FILE'})","frozenset({'형식=CSV', '국가중점=N', '표준=N'})",0.08348018310167565,0.6867564101227281,0.06976841183278938,0.8357481888583562,1.2169499644116932,1.0,0.012437860969494577,1.9070936734277097,0.1945113738043962,0.0996025425368802,0.4756419079285955,0.46866969735651104,유형=FILE AND 조회수=L4(최대) AND 주기=연간,국가중점=N AND 표준=N AND 형식=CSV,BI,0.07095892108331862,1787,[]
"frozenset({'조회수=L4(최대)', '주기=연간'})","frozenset({'형식=CSV', '국가중점=N', '표준=N', '유형=FILE'})",0.08348018310167565,0.6867564101227281,0.06976841183278938,0.8357481888583562,1.2169499644116932,1.0,0.012437860969494577,1.9070936734277097,0.1945113738043962,0.0996025425368802,0.4756419079285955,0.46866969735651104,조회수=L4(최대) AND 주기=연간,국가중점=N AND 유형=FILE AND 표준=N AND 형식=CSV,BI,0.07095892108331862,1787,[]
"frozenset({'조회수=L4(최대)', '표준=N', '주기=연간'})","frozenset({'형식=CSV', '국가중점=N', '유형=FILE'})",0.08348018310167565,0.6867564101227281,0.06976841183278938,0.8357481888583562,1.2169499644116932,1.0,0.012437860969494577,1.9070936734277097,0.1945113738043962,0.0996025425368802,0.4756419079285955,0.46866969735651104,조회수=L4(최대) AND 주기=연간 AND 표준=N,국가중점=N AND 유형=FILE AND 형식=CSV,BI,0.07095892108331862,1787,[]
"frozenset({'조회수=L4(최대)', '표준=N', '주기=연간'})","frozenset({'형식=CSV', '국가중점=N'})",0.08348018310167565,0.6867564101227281,0.06976841183278938,0.8357481888583562,1.2169499644116932,1.0,0.012437860969494577,1.9070936734277097,0.1945113738043962,0.0996025425368802,0.4756419079285955,0.46866969735651104,조회수=L4(최대) AND 주기=연간 AND 표준=N,국가중점=N AND 형식=CSV,BI,0.07095892108331862,1787,[]
"frozenset({'조회수=L4(최대)', '표준=N', '주기=연간', '유형=FILE'})","frozenset({'형식=CSV', '국가중점=N'})",0.08348018310167565,0.6867564101227281,0.06976841183278938,0.8357481888583562,1.2169499644116932,1.0,0.012437860969494577,1.9070936734277097,0.1945113738043962,0.0996025425368802,0.4756419079285955,0.46866969735651104,유형=FILE AND 조회수=L4(최대) AND 주기=연간 AND 표준=N,국가중점=N AND 형식=CSV,BI,0.07095892108331862,1787,[]
"frozenset({'조회수=L4(최대)', '주기=연간'})","frozenset({'형식=CSV', '국가중점=N'})",0.08348018310167565,0.6867564101227281,0.06976841183278938,0.8357481888583562,1.2169499644116932,1.0,0.012437860969494577,1.9070936734277097,0.1945113738043962,0.0996025425368802,0.4756419079285955,0.46866969735651104,조회수=L4(최대) AND 주기=연간,국가중점=N AND 형식=CSV,BI,0.07095892108331862,1787,[]
"frozenset({'조회수=L4(최대)', '주기=연간'})","frozenset({'형식=CSV', '국가중점=N', '유형=FILE'})",0.08348018310167565,0.6867564101227281,0.06976841183278938,0.8357481888583562,1.2169499644116932,1.0,0.012437860969494577,1.9070936734277097,0.1945113738043962,0.0996025425368802,0.4756419079285955,0.46866969735651104,조회수=L4(최대) AND 주기=연간,국가중점=N AND 유형=FILE AND 형식=CSV,BI,0.07095892108331862,1787,[]
"frozenset({'조회수=L4(최대)', '주기=연간'})","frozenset({'형식=CSV', '국가중점=N', '표준=N'})",0.08348018310167565,0.6867564101227281,0.06976841183278938,0.8357481888583562,1.2169499644116932,1.0,0.012437860969494577,1.9070936734277097,0.1945113738043962,0.0996025425368802,0.4756419079285955,0.46866969735651104,조회수=L4(최대) AND 주기=연간,국가중점=N AND 표준=N AND 형식=CSV,BI,0.07095892108331862,1787,[]
"frozenset({'조회수=L1(하)', '다운로드=L1(하)'})","frozenset({'국가중점=N', '유형=FILE'})",0.0687778275966341,0.8547803509796357,0.06594162852048424,0.9587628865979381,1.1216482520908808,1.0,0.007151692907816469,3.5215764887438286,0.11646512073672169,0.0768894076451707,0.7160362686437893,0.5179537083521554,다운로드=L1(하) AND 조회수=L1(하),국가중점=N AND 유형=FILE,BR,0.07091327887023238,1792,[]
"frozenset({'조회수=L1(하)', '다운로드=L1(하)'})","frozenset({'국가중점=N', '표준=N', '유형=FILE'})",0.0687778275966341,0.8547803509796357,0.06594162852048424,0.9587628865979381,1.1216482520908808,1.0,0.007151692907816469,3.5215764887438286,0.11646512073672169,0.0768894076451707,0.7160362686437893,0.5179537083521554,다운로드=L1(하) AND 조회수=L1(하),국가중점=N AND 유형=FILE AND 표준=N,BR,0.07091327887023238,1792,[]
"frozenset({'다운로드=L1(하)', '국가중점=N', '주기=수시', '형식=CSV'})",frozenset({'표준=N'}),0.07068600565154375,0.9968718392542465,0.07068600565154375,1.0,1.0031379768417308,1.0,0.00022111718815326364,inf,0.0033660966742963773,0.07090781670031274,1.0,0.5354539083501564,국가중점=N AND 다운로드=L1(하) AND 주기=수시 AND 형식=CSV,표준=N,BR,0.07090781670031274,1794,[]
"frozenset({'다운로드=L1(하)', '국가중점=N', '형식=CSV', '주기=수시', '유형=FILE'})",frozenset({'표준=N'}),0.07068600565154375,0.9968718392542465,0.07068600565154375,1.0,1.0031379768417308,1.0,0.00022111718815326364,inf,0.0033660966742963773,0.07090781670031274,1.0,0.5354539083501564,국가중점=N AND 다운로드=L1(하) AND 유형=FILE AND 주기=수시 AND 형식=CSV,표준=N,BR,0.07090781670031274,1794,[]
"frozenset({'도메인=환경기상', '유형=FILE'})",frozenset({'국가중점=N'}),0.06947645016318572,0.9609709810954818,0.068986371646351,0.9929461203662014,1.0332737823511264,1.0,0.0022215191700030723,5.532986233208633,0.034606636614875556,0.0717516023729218,0.8192657711674641,0.5323671574053229,도메인=환경기상 AND 유형=FILE,국가중점=N,BR,0.07077899585979953,1796,['환경기상']
"frozenset({'도메인=환경기상', '표준=N', '유형=FILE'})",frozenset({'국가중점=N'}),0.06947645016318572,0.9609709810954818,0.068986371646351,0.9929461203662014,1.0332737823511264,1.0,0.0022215191700030723,5.532986233208633,0.034606636614875556,0.0717516023729218,0.8192657711674641,0.5323671574053229,도메인=환경기상 AND 유형=FILE AND 표준=N,국가중점=N,BR,0.07077899585979953,1796,['환경기상']
"frozenset({'형식=CSV', '도메인=산업고용'})",frozenset({'표준=N'}),0.07055045201922776,0.9968718392542465,0.07055045201922776,1.0,1.0031379768417308,1.0,0.00022069315460171435,inf,0.0033656057529420818,0.07077183770383773,1.0,0.5353859188519189,도메인=산업고용 AND 형식=CSV,표준=N,BR,0.07077183770383773,1798,['산업고용']
"frozenset({'형식=CSV', '도메인=산업고용', '유형=FILE'})",frozenset({'표준=N'}),0.07055045201922776,0.9968718392542465,0.07055045201922776,1.0,1.0031379768417308,1.0,0.00022069315460171435,inf,0.0033656057529420818,0.07077183770383773,1.0,0.5353859188519189,도메인=산업고용 AND 유형=FILE AND 형식=CSV,표준=N,BR,0.07077183770383773,1798,['산업고용']
"frozenset({'다운로드=L2(중)', '유형=FILE', '조회수=L2(중)'})",frozenset({'형식=CSV'}),0.06747442728590347,0.6992794803082281,0.06083229930242015,0.9015608097666511,1.2892710785239423,1.0,0.013648816855838249,3.0548861584387033,0.24060243817201815,0.08617429837518464,0.6726555596064889,0.4942768187031666,다운로드=L2(중) AND 유형=FILE AND 조회수=L2(중),형식=CSV,BI,0.07070880497274531,1801,[]
"frozenset({'다운로드=L2(중)', '표준=N', '유형=FILE', '조회수=L2(중)'})",frozenset({'형식=CSV'}),0.06747442728590347,0.6992794803082281,0.06083229930242015,0.9015608097666511,1.2892710785239423,1.0,0.013648816855838249,3.0548861584387033,0.24060243817201815,0.08617429837518464,0.6726555596064889,0.4942768187031666,다운로드=L2(중) AND 유형=FILE AND 조회수=L2(중) AND 표준=N,형식=CSV,BI,0.07070880497274531,1801,[]
"frozenset({'다운로드=L2(중)', '유형=FILE', '조회수=L2(중)'})","frozenset({'형식=CSV', '표준=N'})",0.06747442728590347,0.6992794803082281,0.06083229930242015,0.9015608097666511,1.2892710785239423,1.0,0.013648816855838249,3.0548861584387033,0.24060243817201815,0.08617429837518464,0.6726555596064889,0.4942768187031666,다운로드=L2(중) AND 유형=FILE AND 조회수=L2(중),표준=N AND 형식=CSV,BI,0.07070880497274531,1801,[]
"frozenset({'다운로드=L2(중)', '조회수=L2(중)'})","frozenset({'국가중점=N', '표준=N'})",0.06954944058058664,0.9578428203497283,0.06893423563392177,0.9911544227886057,1.0347777336021735,1.0,0.00231680331446682,4.7659048858866235,0.036121094401168126,0.07192201829871953,0.7901762574067893,0.5315613176429421,다운로드=L2(중) AND 조회수=L2(중),국가중점=N AND 표준=N,BR,0.07070064283427477,1803,[]
"frozenset({'조회수=L2(중)', '국가중점=N', '유형=FILE', '다운로드=L2(중)'})","frozenset({'형식=CSV', '표준=N'})",0.06716161121132812,0.6992794803082281,0.06059247364524572,0.9021891010712622,1.2901695623523741,1.0,0.013627737060724926,3.0745093132296852,0.24110080072875717,0.08584344023754302,0.6747448460484485,0.4944194838073308,국가중점=N AND 다운로드=L2(중) AND 유형=FILE AND 조회수=L2(중),표준=N AND 형식=CSV,BI,0.07052824070869612,1805,[]
"frozenset({'국가중점=N', '조회수=L2(중)', '다운로드=L2(중)', '표준=N', '유형=FILE'})",frozenset({'형식=CSV'}),0.06716161121132812,0.6992794803082281,0.06059247364524572,0.9021891010712622,1.2901695623523741,1.0,0.013627737060724926,3.0745093132296852,0.24110080072875717,0.08584344023754302,0.6747448460484485,0.4944194838073308,국가중점=N AND 다운로드=L2(중) AND 유형=FILE AND 조회수=L2(중) AND 표준=N,형식=CSV,BI,0.07052824070869612,1805,[]
"frozenset({'다운로드=L2(중)', '국가중점=N', '유형=FILE', '조회수=L2(중)'})",frozenset({'형식=CSV'}),0.06716161121132812,0.6992794803082281,0.06059247364524572,0.9021891010712622,1.2901695623523741,1.0,0.013627737060724926,3.0745093132296852,0.24110080072875717,0.08584344023754302,0.6747448460484485,0.4944194838073308,국가중점=N AND 다운로드=L2(중) AND 유형=FILE AND 조회수=L2(중),형식=CSV,BI,0.07052824070869612,1805,[]
"frozenset({'다운로드=L2(중)', '표준=N', '조회수=L2(중)'})",frozenset({'국가중점=N'}),0.06954944058058664,0.9609709810954818,0.06893423563392177,0.9911544227886057,1.031409316500604,1.0,0.00209924148455351,4.4122636625955085,0.032729105384526856,0.07168804693176027,0.7733589657215201,0.531444181880414,다운로드=L2(중) AND 조회수=L2(중) AND 표준=N,국가중점=N,BR,0.07047049751254862,1807,[]
"frozenset({'다운로드=L2(중)', '조회수=L2(중)'})",frozenset({'국가중점=N'}),0.06954944058058664,0.9609709810954818,0.06893423563392177,0.9911544227886057,1.031409316500604,1.0,0.00209924148455351,4.4122636625955085,0.032729105384526856,0.07168804693176027,0.7733589657215201,0.531444181880414,다운로드=L2(중) AND 조회수=L2(중),국가중점=N,BR,0.07047049751254862,1807,[]
"frozenset({'형식=CSV', '도메인=교통물류'})","frozenset({'표준=N', '유형=FILE'})",0.061374513831684095,0.8711614860848983,0.061374513831684095,1.0,1.1478928028534836,1.0,0.007907401154336031,inf,0.13726296144061673,0.07045136270602176,1.0,0.5352256813530109,도메인=교통물류 AND 형식=CSV,유형=FILE AND 표준=N,BR,0.07045136270602176,1810,['교통물류']
"frozenset({'형식=CSV', '도메인=교통물류'})",frozenset({'유형=FILE'}),0.061374513831684095,0.8711614860848983,0.061374513831684095,1.0,1.1478928028534836,1.0,0.007907401154336031,inf,0.13726296144061673,0.07045136270602176,1.0,0.5352256813530109,도메인=교통물류 AND 형식=CSV,유형=FILE,BR,0.07045136270602176,1810,['교통물류']
"frozenset({'형식=CSV', '표준=N', '도메인=교통물류'})",frozenset({'유형=FILE'}),0.061374513831684095,0.8711614860848983,0.061374513831684095,1.0,1.1478928028534836,1.0,0.007907401154336031,inf,0.13726296144061673,0.07045136270602176,1.0,0.5352256813530109,도메인=교통물류 AND 표준=N AND 형식=CSV,유형=FILE,BR,0.07045136270602176,1810,['교통물류']
"frozenset({'형식=CSV', '국가중점=N', '주기=수시', '다운로드=L2(중)'})",frozenset({'표준=N'}),0.07022720874216656,0.9968718392542465,0.07022720874216656,1.0,1.0031379768417308,1.0,0.00021968199767108398,inf,0.0033644356719899514,0.07044758009685888,1.0,0.5352237900484295,국가중점=N AND 다운로드=L2(중) AND 주기=수시 AND 형식=CSV,표준=N,BR,0.07044758009685888,1812,[]
"frozenset({'국가중점=N', '형식=CSV', '주기=수시', '다운로드=L2(중)', '유형=FILE'})",frozenset({'표준=N'}),0.07022720874216656,0.9968718392542465,0.07022720874216656,1.0,1.0031379768417308,1.0,0.00021968199767108398,inf,0.0033644356719899514,0.07044758009685888,1.0,0.5352237900484295,국가중점=N AND 다운로드=L2(중) AND 유형=FILE AND 주기=수시 AND 형식=CSV,표준=N,BR,0.07044758009685888,1812,[]
"frozenset({'형식=CSV', '표준=N', '조회수=L2(중)', '다운로드=L2(중)'})","frozenset({'국가중점=N', '유형=FILE'})",0.06083229930242015,0.8547803509796357,0.06059247364524572,0.9960575934178951,1.1652790009460867,1.0,0.008594219496624776,36.83527966890485,0.1510235277105733,0.07086671788680349,0.9728521132732387,0.5334720971871363,다운로드=L2(중) AND 조회수=L2(중) AND 표준=N AND 형식=CSV,국가중점=N AND 유형=FILE,BR,0.07032877511192379,1815,[]
"frozenset({'형식=CSV', '조회수=L2(중)', '다운로드=L2(중)'})","frozenset({'국가중점=N', '표준=N', '유형=FILE'})",0.06083229930242015,0.8547803509796357,0.06059247364524572,0.9960575934178951,1.1652790009460867,1.0,0.008594219496624776,36.83527966890485,0.1510235277105733,0.07086671788680349,0.9728521132732387,0.5334720971871363,다운로드=L2(중) AND 조회수=L2(중) AND 형식=CSV,국가중점=N AND 유형=FILE AND 표준=N,BR,0.07032877511192379,1815,[]
"frozenset({'다운로드=L2(중)', '형식=CSV', '조회수=L2(중)'})","frozenset({'국가중점=N', '유형=FILE'})",0.06083229930242015,0.8547803509796357,0.06059247364524572,0.9960575934178951,1.1652790009460867,1.0,0.008594219496624776,36.83527966890485,0.1510235277105733,0.07086671788680349,0.9728521132732387,0.5334720971871363,다운로드=L2(중) AND 조회수=L2(중) AND 형식=CSV,국가중점=N AND 유형=FILE,BR,0.07032877511192379,1815,[]
"frozenset({'형식=CSV', '주기=수시', '유형=FILE', '다운로드=L2(중)'})","frozenset({'국가중점=N', '표준=N'})",0.07172872590012826,0.9578428203497283,0.07022720874216656,0.9790667248146533,1.0221580242749804,1.0,0.0015223636258951123,2.013883602876519,0.023352752702306814,0.0732033389852615,0.5034469725203304,0.526192408782245,다운로드=L2(중) AND 유형=FILE AND 주기=수시 AND 형식=CSV,국가중점=N AND 표준=N,BR,0.07028064526225378,1817,[]
"frozenset({'형식=CSV', '주기=수시', '다운로드=L2(중)'})","frozenset({'국가중점=N', '표준=N'})",0.07172872590012826,0.9578428203497283,0.07022720874216656,0.9790667248146533,1.0221580242749804,1.0,0.0015223636258951123,2.013883602876519,0.023352752702306814,0.0732033389852615,0.5034469725203304,0.526192408782245,다운로드=L2(중) AND 주기=수시 AND 형식=CSV,국가중점=N AND 표준=N,BR,0.07028064526225378,1817,[]
"frozenset({'형식=CSV', '도메인=산업고용', '국가중점=N'})",frozenset({'표준=N'}),0.0700290918949355,0.9968718392542465,0.0700290918949355,1.0,1.0031379768417308,1.0,0.00021906225632650766,inf,0.003363718927646472,0.07024884156354927,1.0,0.5351244207817746,국가중점=N AND 도메인=산업고용 AND 형식=CSV,표준=N,BR,0.07024884156354924,1819,['산업고용']
"frozenset({'형식=CSV', '국가중점=N', '도메인=산업고용', '유형=FILE'})",frozenset({'표준=N'}),0.0700290918949355,0.9968718392542465,0.0700290918949355,1.0,1.0031379768417308,1.0,0.00021906225632650766,inf,0.003363718927646472,0.07024884156354927,1.0,0.5351244207817746,국가중점=N AND 도메인=산업고용 AND 유형=FILE AND 형식=CSV,표준=N,BR,0.07024884156354924,1819,['산업고용']
"frozenset({'형식=CSV', '조회수=L4(최대)', '표준=N', '주기=연간'})","frozenset({'국가중점=N', '유형=FILE'})",0.07528440194780142,0.8547803509796357,0.06976841183278938,0.9267313019390582,1.084174783471522,1.0,0.005416784312555711,1.9820148694272788,0.08396040457539546,0.08109811526574147,0.4954629173448335,0.5041763760597994,조회수=L4(최대) AND 주기=연간 AND 표준=N AND 형식=CSV,국가중점=N AND 유형=FILE,BI,0.07009902400707024,1822,[]
"frozenset({'형식=CSV', '조회수=L4(최대)', '주기=연간'})","frozenset({'국가중점=N', '유형=FILE'})",0.07528440194780142,0.8547803509796357,0.06976841183278938,0.9267313019390582,1.084174783471522,1.0,0.005416784312555711,1.9820148694272788,0.08396040457539546,0.08109811526574147,0.4954629173448335,0.5041763760597994,조회수=L4(최대) AND 주기=연간 AND 형식=CSV,국가중점=N AND 유형=FILE,BI,0.07009902400707024,1822,[]
"frozenset({'형식=CSV', '조회수=L4(최대)', '주기=연간'})","frozenset({'국가중점=N', '표준=N', '유형=FILE'})",0.07528440194780142,0.8547803509796357,0.06976841183278938,0.9267313019390582,1.084174783471522,1.0,0.005416784312555711,1.9820148694272788,0.08396040457539546,0.08109811526574147,0.4954629173448335,0.5041763760597994,조회수=L4(최대) AND 주기=연간 AND 형식=CSV,국가중점=N AND 유형=FILE AND 표준=N,BI,0.07009902400707024,1822,[]
"frozenset({'다운로드=L3(상)', '주기=수시', '유형=FILE'})","frozenset({'국가중점=N', '표준=N'})",0.07362647675255206,0.9578428203497283,0.07138462821809537,0.9695510550913469,1.0122235449208081,1.0,0.0008620360730172,1.384520211677063,0.01303570740489368,0.07435243008417051,0.2777281316906854,0.5220387541949223,다운로드=L3(상) AND 유형=FILE AND 주기=수시,국가중점=N AND 표준=N,BR,0.07005704588224668,1824,[]
"frozenset({'다운로드=L3(상)', '주기=수시'})","frozenset({'국가중점=N', '표준=N'})",0.07362647675255206,0.9578428203497283,0.07138462821809537,0.9695510550913469,1.0122235449208081,1.0,0.0008620360730172,1.384520211677063,0.01303570740489368,0.07435243008417051,0.2777281316906854,0.5220387541949223,다운로드=L3(상) AND 주기=수시,국가중점=N AND 표준=N,BR,0.07005704588224668,1824,[]
"frozenset({'형식=CSV', '주기=수시', '다운로드=L2(중)', '표준=N', '유형=FILE'})",frozenset({'국가중점=N'}),0.07172872590012826,0.9609709810954818,0.07022720874216656,0.9790667248146533,1.018830686956377,1.0,0.0012979846411914076,1.8644487572512523,0.01991082407746898,0.07296541861674467,0.4636484397274103,0.5260730759489933,다운로드=L2(중) AND 유형=FILE AND 주기=수시 AND 표준=N AND 형식=CSV,국가중점=N,BR,0.07005186712012405,1827,[]
"frozenset({'형식=CSV', '주기=수시', '다운로드=L2(중)'})",frozenset({'국가중점=N'}),0.07172872590012826,0.9609709810954818,0.07022720874216656,0.9790667248146533,1.018830686956377,1.0,0.0012979846411914076,1.8644487572512523,0.01991082407746898,0.07296541861674467,0.4636484397274103,0.5260730759489933,다운로드=L2(중) AND 주기=수시 AND 형식=CSV,국가중점=N,BR,0.07005186712012405,1827,[]
"frozenset({'형식=CSV', '표준=N', '주기=수시', '다운로드=L2(중)'})",frozenset({'국가중점=N'}),0.07172872590012826,0.9609709810954818,0.07022720874216656,0.9790667248146533,1.018830686956377,1.0,0.0012979846411914076,1.8644487572512523,0.01991082407746898,0.07296541861674467,0.4636484397274103,0.5260730759489933,다운로드=L2(중) AND 주기=수시 AND 표준=N AND 형식=CSV,국가중점=N,BR,0.07005186712012405,1827,[]
"frozenset({'형식=CSV', '주기=수시', '유형=FILE', '다운로드=L2(중)'})",frozenset({'국가중점=N'}),0.07172872590012826,0.9609709810954818,0.07022720874216656,0.9790667248146533,1.018830686956377,1.0,0.0012979846411914076,1.8644487572512523,0.01991082407746898,0.07296541861674467,0.4636484397274103,0.5260730759489933,다운로드=L2(중) AND 유형=FILE AND 주기=수시 AND 형식=CSV,국가중점=N,BR,0.07005186712012405,1827,[]
"frozenset({'다운로드=L1(하)', '표준=N', '주기=연간'})","frozenset({'형식=CSV', '국가중점=N'})",0.0582046442759872,0.6867564101227281,0.05461768662085649,0.9383733428878538,1.366384541966139,1.0,0.014645274065409122,5.082923600857357,0.28471323604078624,0.07911669637193004,0.8032628308969023,0.5089516345486003,다운로드=L1(하) AND 주기=연간 AND 표준=N,국가중점=N AND 형식=CSV,BI,0.07002964154604399,1834,[]
"frozenset({'다운로드=L1(하)', '표준=N', '주기=연간'})","frozenset({'형식=CSV', '국가중점=N', '유형=FILE'})",0.0582046442759872,0.6867564101227281,0.05461768662085649,0.9383733428878538,1.366384541966139,1.0,0.014645274065409122,5.082923600857357,0.28471323604078624,0.07911669637193004,0.8032628308969023,0.5089516345486003,다운로드=L1(하) AND 주기=연간 AND 표준=N,국가중점=N AND 유형=FILE AND 형식=CSV,BI,0.07002964154604399,1834,[]
"frozenset({'다운로드=L1(하)', '주기=연간'})","frozenset({'형식=CSV', '국가중점=N'})",0.0582046442759872,0.6867564101227281,0.05461768662085649,0.9383733428878538,1.366384541966139,1.0,0.014645274065409122,5.082923600857357,0.28471323604078624,0.07911669637193004,0.8032628308969023,0.5089516345486003,다운로드=L1(하) AND 주기=연간,국가중점=N AND 형식=CSV,BI,0.07002964154604399,1834,[]
"frozenset({'다운로드=L1(하)', '표준=N', '주기=연간', '유형=FILE'})","frozenset({'형식=CSV', '국가중점=N'})",0.0582046442759872,0.6867564101227281,0.05461768662085649,0.9383733428878538,1.366384541966139,1.0,0.014645274065409122,5.082923600857357,0.28471323604078624,0.07911669637193004,0.8032628308969023,0.5089516345486003,다운로드=L1(하) AND 유형=FILE AND 주기=연간 AND 표준=N,국가중점=N AND 형식=CSV,BI,0.07002964154604399,1834,[]
"frozenset({'다운로드=L1(하)', '주기=연간', '유형=FILE'})","frozenset({'형식=CSV', '국가중점=N'})",0.0582046442759872,0.6867564101227281,0.05461768662085649,0.9383733428878538,1.366384541966139,1.0,0.014645274065409122,5.082923600857357,0.28471323604078624,0.07911669637193004,0.8032628308969023,0.5089516345486003,다운로드=L1(하) AND 유형=FILE AND 주기=연간,국가중점=N AND 형식=CSV,BI,0.07002964154604399,1834,[]
"frozenset({'다운로드=L1(하)', '주기=연간'})","frozenset({'형식=CSV', '국가중점=N', '유형=FILE'})",0.0582046442759872,0.6867564101227281,0.05461768662085649,0.9383733428878538,1.366384541966139,1.0,0.014645274065409122,5.082923600857357,0.28471323604078624,0.07911669637193004,0.8032628308969023,0.5089516345486003,다운로드=L1(하) AND 주기=연간,국가중점=N AND 유형=FILE AND 형식=CSV,BI,0.07002964154604399,1834,[]
"frozenset({'다운로드=L1(하)', '주기=연간'})","frozenset({'형식=CSV', '국가중점=N', '표준=N'})",0.0582046442759872,0.6867564101227281,0.05461768662085649,0.9383733428878538,1.366384541966139,1.0,0.014645274065409122,5.082923600857357,0.28471323604078624,0.07911669637193004,0.8032628308969023,0.5089516345486003,다운로드=L1(하) AND 주기=연간,국가중점=N AND 표준=N AND 형식=CSV,BI,0.07002964154604399,1834,[]
"frozenset({'다운로드=L1(하)', '주기=연간'})","frozenset({'형식=CSV', '국가중점=N', '표준=N', '유형=FILE'})",0.0582046442759872,0.6867564101227281,0.05461768662085649,0.9383733428878538,1.366384541966139,1.0,0.014645274065409122,5.082923600857357,0.28471323604078624,0.07911669637193004,0.8032628308969023,0.5089516345486003,다운로드=L1(하) AND 주기=연간,국가중점=N AND 유형=FILE AND 표준=N AND 형식=CSV,BI,0.07002964154604399,1834,[]
"frozenset({'다운로드=L1(하)', '주기=연간', '유형=FILE'})","frozenset({'형식=CSV', '국가중점=N', '표준=N'})",0.0582046442759872,0.6867564101227281,0.05461768662085649,0.9383733428878538,1.366384541966139,1.0,0.014645274065409122,5.082923600857357,0.28471323604078624,0.07911669637193004,0.8032628308969023,0.5089516345486003,다운로드=L1(하) AND 유형=FILE AND 주기=연간,국가중점=N AND 표준=N AND 형식=CSV,BI,0.07002964154604399,1834,[]
"frozenset({'국가중점=N', '형식=CSV', '주기=연간', '조회수=L4(최대)', '유형=FILE'})",frozenset({'표준=N'}),0.06976841183278938,0.9968718392542465,0.06976841183278938,1.0,1.0031379768417308,1.0,0.00021824680718889045,inf,0.0033627763081198786,0.06998734349340502,1.0,0.5349936717467025,국가중점=N AND 유형=FILE AND 조회수=L4(최대) AND 주기=연간 AND 형식=CSV,표준=N,BR,0.069987343493405,1839,[]
"frozenset({'형식=CSV', '국가중점=N', '주기=연간', '조회수=L4(최대)'})",frozenset({'표준=N'}),0.06976841183278938,0.9968718392542465,0.06976841183278938,1.0,1.0031379768417308,1.0,0.00021824680718889045,inf,0.0033627763081198786,0.06998734349340502,1.0,0.5349936717467025,국가중점=N AND 조회수=L4(최대) AND 주기=연간 AND 형식=CSV,표준=N,BR,0.069987343493405,1839,[]
"frozenset({'도메인=공공행정', '주기=수시', '유형=FILE'})",frozenset({'표준=N'}),0.06970584861787431,0.9968718392542465,0.06970584861787431,1.0,1.0031379768417308,1.0,0.0002180510993958773,inf,0.003362550158039943,0.0699245839565704,1.0,0.5349622919782852,도메인=공공행정 AND 유형=FILE AND 주기=수시,표준=N,BR,0.06992458395657039,1841,['공공행정']
"frozenset({'도메인=공공행정', '주기=수시'})",frozenset({'표준=N'}),0.06970584861787431,0.9968718392542465,0.06970584861787431,1.0,1.0031379768417308,1.0,0.0002180510993958773,inf,0.003362550158039943,0.0699245839565704,1.0,0.5349622919782852,도메인=공공행정 AND 주기=수시,표준=N,BR,0.06992458395657039,1841,['공공행정']
"frozenset({'조회수=L1(하)', '다운로드=L1(하)', '표준=N'})",frozenset({'유형=FILE'}),0.06870483717923319,0.8711614860848983,0.06599376453291346,0.9605402944301107,1.1025972908270902,1.0,0.006140756474631706,3.265065262256165,0.09991521442208708,0.07551875141694608,0.6937274082818796,0.5181470308853248,다운로드=L1(하) AND 조회수=L1(하) AND 표준=N,유형=FILE,BR,0.06989327842495793,1843,[]
"frozenset({'다운로드=L3(상)', '표준=N', '주기=수시', '유형=FILE'})",frozenset({'국가중점=N'}),0.07362647675255206,0.9609709810954818,0.07138462821809537,0.9695510550913469,1.0089285464021858,1.0,0.0006317206185917357,1.281785592952572,0.009552877661809862,0.07411096075778079,0.21983832124644465,0.5219174546290067,다운로드=L3(상) AND 유형=FILE AND 주기=수시 AND 표준=N,국가중점=N,BR,0.06982899560268208,1845,[]
"frozenset({'다운로드=L3(상)', '주기=수시'})",frozenset({'국가중점=N'}),0.07362647675255206,0.9609709810954818,0.07138462821809537,0.9695510550913469,1.0089285464021858,1.0,0.0006317206185917357,1.281785592952572,0.009552877661809862,0.07411096075778079,0.21983832124644465,0.5219174546290067,다운로드=L3(상) AND 주기=수시,국가중점=N,BR,0.06982899560268208,1845,[]
"frozenset({'다운로드=L3(상)', '주기=수시', '유형=FILE'})",frozenset({'국가중점=N'}),0.07362647675255206,0.9609709810954818,0.07138462821809537,0.9695510550913469,1.0089285464021858,1.0,0.0006317206185917357,1.281785592952572,0.009552877661809862,0.07411096075778079,0.21983832124644465,0.5219174546290067,다운로드=L3(상) AND 유형=FILE AND 주기=수시,국가중점=N,BR,0.06982899560268208,1845,[]
"frozenset({'다운로드=L3(상)', '표준=N', '주기=수시'})",frozenset({'국가중점=N'}),0.07362647675255206,0.9609709810954818,0.07138462821809537,0.9695510550913469,1.0089285464021858,1.0,0.0006317206185917357,1.281785592952572,0.009552877661809862,0.07411096075778079,0.21983832124644465,0.5219174546290067,다운로드=L3(상) AND 주기=수시 AND 표준=N,국가중점=N,BR,0.06982899560268208,1845,[]
"frozenset({'다운로드=L2(중)', '형식=CSV', '조회수=L2(중)'})",frozenset({'유형=FILE'}),0.06083229930242015,0.8711614860848983,0.06083229930242015,1.0,1.1478928028534836,1.0,0.007837543040162494,inf,0.1371837147076131,0.06982895855027708,1.0,0.5349144792751386,다운로드=L2(중) AND 조회수=L2(중) AND 형식=CSV,유형=FILE,BR,0.06982895855027708,1849,[]
"frozenset({'다운로드=L2(중)', '형식=CSV', '조회수=L2(중)'})","frozenset({'표준=N', '유형=FILE'})",0.06083229930242015,0.8711614860848983,0.06083229930242015,1.0,1.1478928028534836,1.0,0.007837543040162494,inf,0.1371837147076131,0.06982895855027708,1.0,0.5349144792751386,다운로드=L2(중) AND 조회수=L2(중) AND 형식=CSV,유형=FILE AND 표준=N,BR,0.06982895855027708,1849,[]
"frozenset({'다운로드=L2(중)', '형식=CSV', '표준=N', '조회수=L2(중)'})",frozenset({'유형=FILE'}),0.06083229930242015,0.8711614860848983,0.06083229930242015,1.0,1.1478928028534836,1.0,0.007837543040162494,inf,0.1371837147076131,0.06982895855027708,1.0,0.5349144792751386,다운로드=L2(중) AND 조회수=L2(중) AND 표준=N AND 형식=CSV,유형=FILE,BR,0.06982895855027708,1849,[]
"frozenset({'조회수=L4(최대)', '표준=N', '다운로드=L4(최대)'})","frozenset({'형식=CSV', '유형=FILE'})",0.10297905175020594,0.6992794803082281,0.08027903193852122,0.7795666261644391,1.114814102396973,1.0,0.00826789414800308,1.364224093925558,0.11481277019519481,0.11119295205083769,0.2669825987880791,0.44718456265351814,다운로드=L4(최대) AND 조회수=L4(최대) AND 표준=N,유형=FILE AND 형식=CSV,BI,0.06976824829670308,1851,[]
"frozenset({'조회수=L4(최대)', '표준=N', '다운로드=L4(최대)'})",frozenset({'형식=CSV'}),0.10297905175020594,0.6992794803082281,0.08027903193852122,0.7795666261644391,1.114814102396973,1.0,0.00826789414800308,1.364224093925558,0.11481277019519481,0.11119295205083769,0.2669825987880791,0.44718456265351814,다운로드=L4(최대) AND 조회수=L4(최대) AND 표준=N,형식=CSV,BI,0.06976824829670308,1851,[]
"frozenset({'다운로드=L2(중)', '조회수=L2(중)'})",frozenset({'표준=N'}),0.06954944058058664,0.9968718392542465,0.06954944058058664,1.0,1.0031379768417308,1.0,0.00021756182991330975,inf,0.0033619849158943687,0.06976768511448386,1.0,0.534883842557242,다운로드=L2(중) AND 조회수=L2(중),표준=N,BR,0.06976768511448385,1853,[]
"frozenset({'조회수=L1(하)', '다운로드=L1(하)'})","frozenset({'표준=N', '유형=FILE'})",0.0687778275966341,0.8711614860848983,0.06599376453291346,0.9595209217707701,1.1014271602880075,1.0,0.006077170034138768,3.182842089078686,0.09888836054968447,0.07551244422172906,0.6858153901409973,0.5176373445556545,다운로드=L1(하) AND 조회수=L1(하),유형=FILE AND 표준=N,BR,0.06974500876476566,1854,[]
"frozenset({'조회수=L1(하)', '다운로드=L1(하)'})",frozenset({'유형=FILE'}),0.0687778275966341,0.8711614860848983,0.06599376453291346,0.9595209217707701,1.1014271602880075,1.0,0.006077170034138768,3.182842089078686,0.09888836054968447,0.07551244422172906,0.6858153901409973,0.5176373445556545,다운로드=L1(하) AND 조회수=L1(하),유형=FILE,BR,0.06974500876476566,1854,[]
"frozenset({'도메인=환경기상', '유형=FILE'})",frozenset({'표준=N'}),0.06947645016318572,0.9968718392542465,0.06947645016318572,1.0,1.0031379768417308,1.0,0.0002173335041547736,inf,0.0033617212012549674,0.06969446565484347,1.0,0.5348472328274217,도메인=환경기상 AND 유형=FILE,표준=N,BR,0.06969446565484347,1856,['환경기상']
"frozenset({'주기=연간', '조회수=L0(최소)'})","frozenset({'국가중점=N', '표준=N'})",0.06675495031438015,0.9578428203497283,0.06674452311189431,0.999843798812871,1.0438495519001825,1.0,0.0028037732304624363,269.890264121075,0.04501233636859274,0.06968136641229684,0.9962947903909887,0.5347629618928278,조회수=L0(최소) AND 주기=연간,국가중점=N AND 표준=N,BR,0.06966035781166081,1857,[]
"frozenset({'주기=연간', '유형=FILE', '조회수=L0(최소)'})","frozenset({'국가중점=N', '표준=N'})",0.06675495031438015,0.9578428203497283,0.06674452311189431,0.999843798812871,1.0438495519001825,1.0,0.0028037732304624363,269.890264121075,0.04501233636859274,0.06968136641229684,0.9962947903909887,0.5347629618928278,유형=FILE AND 조회수=L0(최소) AND 주기=연간,국가중점=N AND 표준=N,BR,0.06966035781166081,1857,[]
"frozenset({'국가중점=N', '형식=CSV', '조회수=L2(중)', '다운로드=L2(중)', '표준=N'})",frozenset({'유형=FILE'}),0.06059247364524572,0.8711614860848983,0.06059247364524572,1.0,1.1478928028534836,1.0,0.007806644258893422,inf,0.13714869244772004,0.06955366440446695,1.0,0.5347768322022335,국가중점=N AND 다운로드=L2(중) AND 조회수=L2(중) AND 표준=N AND 형식=CSV,유형=FILE,BR,0.06955366440446695,1860,[]
"frozenset({'다운로드=L2(중)', '형식=CSV', '국가중점=N', '조회수=L2(중)'})",frozenset({'유형=FILE'}),0.06059247364524572,0.8711614860848983,0.06059247364524572,1.0,1.1478928028534836,1.0,0.007806644258893422,inf,0.13714869244772004,0.06955366440446695,1.0,0.5347768322022335,국가중점=N AND 다운로드=L2(중) AND 조회수=L2(중) AND 형식=CSV,유형=FILE,BR,0.06955366440446695,1860,[]
"frozenset({'형식=CSV', '국가중점=N', '조회수=L2(중)', '다운로드=L2(중)'})","frozenset({'표준=N', '유형=FILE'})",0.06059247364524572,0.8711614860848983,0.06059247364524572,1.0,1.1478928028534836,1.0,0.007806644258893422,inf,0.13714869244772004,0.06955366440446695,1.0,0.5347768322022335,국가중점=N AND 다운로드=L2(중) AND 조회수=L2(중) AND 형식=CSV,유형=FILE AND 표준=N,BR,0.06955366440446695,1860,[]
"frozenset({'다운로드=L2(중)', '유형=FILE', '조회수=L2(중)'})","frozenset({'국가중점=N', '표준=N'})",0.06747442728590347,0.9578428203497283,0.06716161121132812,0.9953639313861845,1.03917251373535,1.0,0.0025317154783156687,9.093303650563582,0.04042341871046802,0.07009467841984983,0.8900289665419869,0.5327407508008649,다운로드=L2(중) AND 유형=FILE AND 조회수=L2(중),국가중점=N AND 표준=N,BR,0.06946893752864443,1862,[]
"frozenset({'주기=연간', '조회수=L0(최소)'})",frozenset({'국가중점=N'}),0.06675495031438015,0.9609709810954818,0.06674452311189431,0.999843798812871,1.0404516041400909,1.0,0.002594953015304269,249.8637790267584,0.04165989485758257,0.06945454150888121,0.9959978192761868,0.53464954697588,조회수=L0(최소) AND 주기=연간,국가중점=N,BR,0.06943359883440933,1864,[]
"frozenset({'주기=연간', '유형=FILE', '조회수=L0(최소)'})",frozenset({'국가중점=N'}),0.06675495031438015,0.9609709810954818,0.06674452311189431,0.999843798812871,1.0404516041400909,1.0,0.002594953015304269,249.8637790267584,0.04165989485758257,0.06945454150888121,0.9959978192761868,0.53464954697588,유형=FILE AND 조회수=L0(최소) AND 주기=연간,국가중점=N,BR,0.06943359883440933,1864,[]
"frozenset({'표준=N', '주기=연간', '조회수=L0(최소)'})",frozenset({'국가중점=N'}),0.06675495031438015,0.9609709810954818,0.06674452311189431,0.999843798812871,1.0404516041400909,1.0,0.002594953015304269,249.8637790267584,0.04165989485758257,0.06945454150888121,0.9959978192761868,0.53464954697588,조회수=L0(최소) AND 주기=연간 AND 표준=N,국가중점=N,BR,0.06943359883440933,1864,[]
"frozenset({'표준=N', '주기=연간', '유형=FILE', '조회수=L0(최소)'})",frozenset({'국가중점=N'}),0.06675495031438015,0.9609709810954818,0.06674452311189431,0.999843798812871,1.0404516041400909,1.0,0.002594953015304269,249.8637790267584,0.04165989485758257,0.06945454150888121,0.9959978192761868,0.53464954697588,유형=FILE AND 조회수=L0(최소) AND 주기=연간 AND 표준=N,국가중점=N,BR,0.06943359883440933,1864,[]
"frozenset({'조회수=L1(하)', '형식=CSV', '다운로드=L2(중)'})","frozenset({'국가중점=N', '유형=FILE'})",0.05926821892954339,0.8547803509796357,0.05926821892954339,1.0,1.1698911876646823,1.0,0.008606909951010405,inf,0.15436881366452743,0.06933736703425393,1.0,0.5346686835171269,다운로드=L2(중) AND 조회수=L1(하) AND 형식=CSV,국가중점=N AND 유형=FILE,BR,0.06933736703425392,1868,[]
"frozenset({'조회수=L1(하)', '형식=CSV', '표준=N', '다운로드=L2(중)'})","frozenset({'국가중점=N', '유형=FILE'})",0.05926821892954339,0.8547803509796357,0.05926821892954339,1.0,1.1698911876646823,1.0,0.008606909951010405,inf,0.15436881366452743,0.06933736703425393,1.0,0.5346686835171269,다운로드=L2(중) AND 조회수=L1(하) AND 표준=N AND 형식=CSV,국가중점=N AND 유형=FILE,BR,0.06933736703425392,1868,[]
"frozenset({'조회수=L1(하)', '형식=CSV', '다운로드=L2(중)'})","frozenset({'국가중점=N', '표준=N', '유형=FILE'})",0.05926821892954339,0.8547803509796357,0.05926821892954339,1.0,1.1698911876646823,1.0,0.008606909951010405,inf,0.15436881366452743,0.06933736703425393,1.0,0.5346686835171269,다운로드=L2(중) AND 조회수=L1(하) AND 형식=CSV,국가중점=N AND 유형=FILE AND 표준=N,BR,0.06933736703425392,1868,[]
"frozenset({'다운로드=L2(중)', '표준=N', '유형=FILE', '조회수=L2(중)'})",frozenset({'국가중점=N'}),0.06747442728590347,0.9609709810954818,0.06716161121132812,0.9953639313861845,1.0357897907088678,1.0,0.0023206446235377043,8.418559377704552,0.037053290584560895,0.06986657988935895,0.8812148308119833,0.5326266271514256,다운로드=L2(중) AND 유형=FILE AND 조회수=L2(중) AND 표준=N,국가중점=N,BR,0.06924280166429338,1870,[]
"frozenset({'다운로드=L2(중)', '유형=FILE', '조회수=L2(중)'})",frozenset({'국가중점=N'}),0.06747442728590347,0.9609709810954818,0.06716161121132812,0.9953639313861845,1.0357897907088678,1.0,0.0023206446235377043,8.418559377704552,0.037053290584560895,0.06986657988935895,0.8812148308119833,0.5326266271514256,다운로드=L2(중) AND 유형=FILE AND 조회수=L2(중),국가중점=N,BR,0.06924280166429338,1870,[]
"frozenset({'도메인=공공행정', '주기=수시', '유형=FILE'})","frozenset({'국가중점=N', '표준=N'})",0.06970584861787431,0.9578428203497283,0.0685484291419455,0.9833956619296933,1.0266774892885193,1.0,0.00178118250692956,2.5389256392978856,0.02793126618757933,0.07147905317980668,0.6061326158900266,0.527480543788709,도메인=공공행정 AND 유형=FILE AND 주기=수시,국가중점=N AND 표준=N,BR,0.06920856348169678,1872,['공공행정']
"frozenset({'도메인=공공행정', '주기=수시'})","frozenset({'국가중점=N', '표준=N'})",0.06970584861787431,0.9578428203497283,0.0685484291419455,0.9833956619296933,1.0266774892885193,1.0,0.00178118250692956,2.5389256392978856,0.02793126618757933,0.07147905317980668,0.6061326158900266,0.527480543788709,도메인=공공행정 AND 주기=수시,국가중점=N AND 표준=N,BR,0.06920856348169678,1872,['공공행정']
"frozenset({'도메인=환경기상', '유형=FILE', '국가중점=N'})",frozenset({'표준=N'}),0.068986371646351,0.9968718392542465,0.068986371646351,1.0,1.0031379768417308,1.0,0.00021580045977608042,inf,0.0033599516166967426,0.06920284928297231,1.0,0.5346014246414862,국가중점=N AND 도메인=환경기상 AND 유형=FILE,표준=N,BR,0.06920284928297228,1874,['환경기상']
"frozenset({'조회수=L3(상)', '국가중점=N', '주기=수시', '유형=FILE'})",frozenset({'표준=N'}),0.06895509003889347,0.9968718392542465,0.06895509003889347,1.0,1.0031379768417308,1.0,0.0002157026058795669,inf,0.0033598387277410787,0.06917146951455498,1.0,0.5345857347572774,국가중점=N AND 유형=FILE AND 조회수=L3(상) AND 주기=수시,표준=N,BR,0.06917146951455498,1875,[]
"frozenset({'조회수=L3(상)', '국가중점=N', '주기=수시'})",frozenset({'표준=N'}),0.06895509003889347,0.9968718392542465,0.06895509003889347,1.0,1.0031379768417308,1.0,0.0002157026058795669,inf,0.0033598387277410787,0.06917146951455498,1.0,0.5345857347572774,국가중점=N AND 조회수=L3(상) AND 주기=수시,표준=N,BR,0.06917146951455498,1875,[]
"frozenset({'다운로드=L2(중)', '국가중점=N', '조회수=L2(중)'})",frozenset({'표준=N'}),0.06893423563392177,0.9968718392542465,0.06893423563392177,1.0,1.0031379768417308,1.0,0.00021563736994856253,inf,0.0033597634726515997,0.06915054966894343,1.0,0.5345752748344718,국가중점=N AND 다운로드=L2(중) AND 조회수=L2(중),표준=N,BR,0.06915054966894343,1877,[]
"frozenset({'조회수=L4(최대)', '국가중점=N', '주기=수시'})",frozenset({'유형=FILE'}),0.060175385545811914,0.8711614860848983,0.060175385545811914,1.0,1.1478928028534836,1.0,0.007752907247990701,inf,0.13708782674299919,0.06907489197697105,1.0,0.5345374459884855,국가중점=N AND 조회수=L4(최대) AND 주기=수시,유형=FILE,BR,0.06907489197697105,1879,[]
"frozenset({'조회수=L4(최대)', '국가중점=N', '표준=N', '주기=수시'})",frozenset({'유형=FILE'}),0.060175385545811914,0.8711614860848983,0.060175385545811914,1.0,1.1478928028534836,1.0,0.007752907247990701,inf,0.13708782674299919,0.06907489197697105,1.0,0.5345374459884855,국가중점=N AND 조회수=L4(최대) AND 주기=수시 AND 표준=N,유형=FILE,BR,0.06907489197697105,1879,[]
"frozenset({'조회수=L4(최대)', '국가중점=N', '주기=수시'})","frozenset({'표준=N', '유형=FILE'})",0.060175385545811914,0.8711614860848983,0.060175385545811914,1.0,1.1478928028534836,1.0,0.007752907247990701,inf,0.13708782674299919,0.06907489197697105,1.0,0.5345374459884855,국가중점=N AND 조회수=L4(최대) AND 주기=수시,유형=FILE AND 표준=N,BR,0.06907489197697105,1879,[]
"frozenset({'다운로드=L1(하)', '국가중점=N', '표준=N', '조회수=L0(최소)'})",frozenset({'유형=FILE'}),0.060999134542193675,0.8711614860848983,0.06071760007507586,0.9953846153846154,1.142594836071083,1.0,0.007577503377405766,27.91501134827227,0.13290629418282976,0.06967477923756192,0.9641769803521182,0.5325409557586656,국가중점=N AND 다운로드=L1(하) AND 조회수=L0(최소) AND 표준=N,유형=FILE,BR,0.06905542115223667,1882,[]
"frozenset({'다운로드=L1(하)', '국가중점=N', '조회수=L0(최소)'})","frozenset({'표준=N', '유형=FILE'})",0.060999134542193675,0.8711614860848983,0.06071760007507586,0.9953846153846154,1.142594836071083,1.0,0.007577503377405766,27.91501134827227,0.13290629418282976,0.06967477923756192,0.9641769803521182,0.5325409557586656,국가중점=N AND 다운로드=L1(하) AND 조회수=L0(최소),유형=FILE AND 표준=N,BR,0.06905542115223667,1882,[]
"frozenset({'다운로드=L1(하)', '국가중점=N', '조회수=L0(최소)'})",frozenset({'유형=FILE'}),0.060999134542193675,0.8711614860848983,0.06071760007507586,0.9953846153846154,1.142594836071083,1.0,0.007577503377405766,27.91501134827227,0.13290629418282976,0.06967477923756192,0.9641769803521182,0.5325409557586656,국가중점=N AND 다운로드=L1(하) AND 조회수=L0(최소),유형=FILE,BR,0.06905542115223667,1882,[]
"frozenset({'다운로드=L1(하)', '주기=연간'})","frozenset({'형식=CSV', '표준=N', '유형=FILE'})",0.0582046442759872,0.6992794803082281,0.05468024983577156,0.9394482264421354,1.343451728381971,1.0,0.013978936434933954,4.9663371033120445,0.27144828077424776,0.0778029999554903,0.7986443571595047,0.5088216781972841,다운로드=L1(하) AND 주기=연간,유형=FILE AND 표준=N AND 형식=CSV,BI,0.06901212614327865,1888,[]
"frozenset({'다운로드=L1(하)', '주기=연간', '유형=FILE'})","frozenset({'형식=CSV', '표준=N'})",0.0582046442759872,0.6992794803082281,0.05468024983577156,0.9394482264421354,1.343451728381971,1.0,0.013978936434933954,4.9663371033120445,0.27144828077424776,0.0778029999554903,0.7986443571595047,0.5088216781972841,다운로드=L1(하) AND 유형=FILE AND 주기=연간,표준=N AND 형식=CSV,BI,0.06901212614327865,1888,[]
"frozenset({'다운로드=L1(하)', '주기=연간', '유형=FILE'})",frozenset({'형식=CSV'}),0.0582046442759872,0.6992794803082281,0.05468024983577156,0.9394482264421354,1.343451728381971,1.0,0.013978936434933954,4.9663371033120445,0.27144828077424776,0.0778029999554903,0.7986443571595047,0.5088216781972841,다운로드=L1(하) AND 유형=FILE AND 주기=연간,형식=CSV,BI,0.06901212614327865,1888,[]
"frozenset({'다운로드=L1(하)', '주기=연간'})","frozenset({'형식=CSV', '표준=N'})",0.0582046442759872,0.6992794803082281,0.05468024983577156,0.9394482264421354,1.343451728381971,1.0,0.013978936434933954,4.9663371033120445,0.27144828077424776,0.0778029999554903,0.7986443571595047,0.5088216781972841,다운로드=L1(하) AND 주기=연간,표준=N AND 형식=CSV,BI,0.06901212614327865,1888,[]
"frozenset({'다운로드=L1(하)', '표준=N', '주기=연간'})",frozenset({'형식=CSV'}),0.0582046442759872,0.6992794803082281,0.05468024983577156,0.9394482264421354,1.343451728381971,1.0,0.013978936434933954,4.9663371033120445,0.27144828077424776,0.0778029999554903,0.7986443571595047,0.5088216781972841,다운로드=L1(하) AND 주기=연간 AND 표준=N,형식=CSV,BI,0.06901212614327865,1888,[]
"frozenset({'다운로드=L1(하)', '주기=연간'})","frozenset({'형식=CSV', '유형=FILE'})",0.0582046442759872,0.6992794803082281,0.05468024983577156,0.9394482264421354,1.343451728381971,1.0,0.013978936434933954,4.9663371033120445,0.27144828077424776,0.0778029999554903,0.7986443571595047,0.5088216781972841,다운로드=L1(하) AND 주기=연간,유형=FILE AND 형식=CSV,BI,0.06901212614327865,1888,[]
"frozenset({'다운로드=L1(하)', '표준=N', '주기=연간', '유형=FILE'})",frozenset({'형식=CSV'}),0.0582046442759872,0.6992794803082281,0.05468024983577156,0.9394482264421354,1.343451728381971,1.0,0.013978936434933954,4.9663371033120445,0.27144828077424776,0.0778029999554903,0.7986443571595047,0.5088216781972841,다운로드=L1(하) AND 유형=FILE AND 주기=연간 AND 표준=N,형식=CSV,BI,0.06901212614327865,1888,[]
"frozenset({'다운로드=L1(하)', '표준=N', '주기=연간'})","frozenset({'형식=CSV', '유형=FILE'})",0.0582046442759872,0.6992794803082281,0.05468024983577156,0.9394482264421354,1.343451728381971,1.0,0.013978936434933954,4.9663371033120445,0.27144828077424776,0.0778029999554903,0.7986443571595047,0.5088216781972841,다운로드=L1(하) AND 주기=연간 AND 표준=N,유형=FILE AND 형식=CSV,BI,0.06901212614327865,1888,[]
"frozenset({'다운로드=L1(하)', '주기=연간'})",frozenset({'형식=CSV'}),0.0582046442759872,0.6992794803082281,0.05468024983577156,0.9394482264421354,1.343451728381971,1.0,0.013978936434933954,4.9663371033120445,0.27144828077424776,0.0778029999554903,0.7986443571595047,0.5088216781972841,다운로드=L1(하) AND 주기=연간,형식=CSV,BI,0.06901212614327865,1888,[]
frozenset({'심의=자동승인'}),frozenset({'표준=N'}),0.06878825479911994,0.9968718392542465,0.06878825479911994,1.0,1.0031379768417308,1.0,0.0002151807184315041,inf,0.003359236781403356,0.06900411074966267,1.0,0.5345020553748313,심의=자동승인,표준=N,BR,0.06900411074966266,1893,[]
"frozenset({'유형=API', '심의=자동승인'})",frozenset({'표준=N'}),0.06878825479911994,0.9968718392542465,0.06878825479911994,1.0,1.0031379768417308,1.0,0.0002151807184315041,inf,0.003359236781403356,0.06900411074966267,1.0,0.5345020553748313,심의=자동승인 AND 유형=API,표준=N,BR,0.06900411074966266,1893,[]
"frozenset({'도메인=공공행정', '표준=N', '주기=수시', '유형=FILE'})",frozenset({'국가중점=N'}),0.06970584861787431,0.9609709810954818,0.0685484291419455,0.9833956619296933,1.0233354401697417,1.0,0.0015631314075336966,2.3505314538441726,0.024511940387990712,0.07124665387824994,0.5745642976338173,0.5273640636037356,도메인=공공행정 AND 유형=FILE AND 주기=수시 AND 표준=N,국가중점=N,BR,0.06898327518911314,1896,['공공행정']
"frozenset({'도메인=공공행정', '주기=수시', '유형=FILE'})",frozenset({'국가중점=N'}),0.06970584861787431,0.9609709810954818,0.0685484291419455,0.9833956619296933,1.0233354401697417,1.0,0.0015631314075336966,2.3505314538441726,0.024511940387990712,0.07124665387824994,0.5745642976338173,0.5273640636037356,도메인=공공행정 AND 유형=FILE AND 주기=수시,국가중점=N,BR,0.06898327518911314,1896,['공공행정']
"frozenset({'도메인=공공행정', '표준=N', '주기=수시'})",frozenset({'국가중점=N'}),0.06970584861787431,0.9609709810954818,0.0685484291419455,0.9833956619296933,1.0233354401697417,1.0,0.0015631314075336966,2.3505314538441726,0.024511940387990712,0.07124665387824994,0.5745642976338173,0.5273640636037356,도메인=공공행정 AND 주기=수시 AND 표준=N,국가중점=N,BR,0.06898327518911314,1896,['공공행정']
"frozenset({'도메인=공공행정', '주기=수시'})",frozenset({'국가중점=N'}),0.06970584861787431,0.9609709810954818,0.0685484291419455,0.9833956619296933,1.0233354401697417,1.0,0.0015631314075336966,2.3505314538441726,0.024511940387990712,0.07124665387824994,0.5745642976338173,0.5273640636037356,도메인=공공행정 AND 주기=수시,국가중점=N,BR,0.06898327518911314,1896,['공공행정']
"frozenset({'다운로드=L1(하)', '국가중점=N', '표준=N', '주기=연간'})",frozenset({'형식=CSV'}),0.058142081061072125,0.6992794803082281,0.05461768662085649,0.9393830703012912,1.3433585522733063,1.0,0.013960122392431107,4.960998869234672,0.2713754340097299,0.0777139805047403,0.7984276903989158,0.5087443660708252,국가중점=N AND 다운로드=L1(하) AND 주기=연간 AND 표준=N,형식=CSV,BI,0.0689236034087701,1903,[]
"frozenset({'다운로드=L1(하)', '국가중점=N', '주기=연간'})","frozenset({'형식=CSV', '표준=N', '유형=FILE'})",0.058142081061072125,0.6992794803082281,0.05461768662085649,0.9393830703012912,1.3433585522733063,1.0,0.013960122392431107,4.960998869234672,0.2713754340097299,0.0777139805047403,0.7984276903989158,0.5087443660708252,국가중점=N AND 다운로드=L1(하) AND 주기=연간,유형=FILE AND 표준=N AND 형식=CSV,BI,0.0689236034087701,1903,[]
"frozenset({'다운로드=L1(하)', '국가중점=N', '주기=연간', '표준=N', '유형=FILE'})",frozenset({'형식=CSV'}),0.058142081061072125,0.6992794803082281,0.05461768662085649,0.9393830703012912,1.3433585522733063,1.0,0.013960122392431107,4.960998869234672,0.2713754340097299,0.0777139805047403,0.7984276903989158,0.5087443660708252,국가중점=N AND 다운로드=L1(하) AND 유형=FILE AND 주기=연간 AND 표준=N,형식=CSV,BI,0.0689236034087701,1903,[]
"frozenset({'다운로드=L1(하)', '국가중점=N', '주기=연간'})",frozenset({'형식=CSV'}),0.058142081061072125,0.6992794803082281,0.05461768662085649,0.9393830703012912,1.3433585522733063,1.0,0.013960122392431107,4.960998869234672,0.2713754340097299,0.0777139805047403,0.7984276903989158,0.5087443660708252,국가중점=N AND 다운로드=L1(하) AND 주기=연간,형식=CSV,BI,0.0689236034087701,1903,[]
"frozenset({'다운로드=L1(하)', '국가중점=N', '주기=연간'})","frozenset({'형식=CSV', '표준=N'})",0.058142081061072125,0.6992794803082281,0.05461768662085649,0.9393830703012912,1.3433585522733063,1.0,0.013960122392431107,4.960998869234672,0.2713754340097299,0.0777139805047403,0.7984276903989158,0.5087443660708252,국가중점=N AND 다운로드=L1(하) AND 주기=연간,표준=N AND 형식=CSV,BI,0.0689236034087701,1903,[]
"frozenset({'다운로드=L1(하)', '국가중점=N', '주기=연간', '유형=FILE'})",frozenset({'형식=CSV'}),0.058142081061072125,0.6992794803082281,0.05461768662085649,0.9393830703012912,1.3433585522733063,1.0,0.013960122392431107,4.960998869234672,0.2713754340097299,0.0777139805047403,0.7984276903989158,0.5087443660708252,국가중점=N AND 다운로드=L1(하) AND 유형=FILE AND 주기=연간,형식=CSV,BI,0.0689236034087701,1903,[]
"frozenset({'다운로드=L1(하)', '국가중점=N', '주기=연간'})","frozenset({'형식=CSV', '유형=FILE'})",0.058142081061072125,0.6992794803082281,0.05461768662085649,0.9393830703012912,1.3433585522733063,1.0,0.013960122392431107,4.960998869234672,0.2713754340097299,0.0777139805047403,0.7984276903989158,0.5087443660708252,국가중점=N AND 다운로드=L1(하) AND 주기=연간,유형=FILE AND 형식=CSV,BI,0.0689236034087701,1903,[]
"frozenset({'다운로드=L1(하)', '국가중점=N', '주기=연간', '유형=FILE'})","frozenset({'형식=CSV', '표준=N'})",0.058142081061072125,0.6992794803082281,0.05461768662085649,0.9393830703012912,1.3433585522733063,1.0,0.013960122392431107,4.960998869234672,0.2713754340097299,0.0777139805047403,0.7984276903989158,0.5087443660708252,국가중점=N AND 다운로드=L1(하) AND 유형=FILE AND 주기=연간,표준=N AND 형식=CSV,BI,0.0689236034087701,1903,[]
"frozenset({'다운로드=L1(하)', '국가중점=N', '표준=N', '주기=연간'})","frozenset({'형식=CSV', '유형=FILE'})",0.058142081061072125,0.6992794803082281,0.05461768662085649,0.9393830703012912,1.3433585522733063,1.0,0.013960122392431107,4.960998869234672,0.2713754340097299,0.0777139805047403,0.7984276903989158,0.5087443660708252,국가중점=N AND 다운로드=L1(하) AND 주기=연간 AND 표준=N,유형=FILE AND 형식=CSV,BI,0.0689236034087701,1903,[]
"frozenset({'조회수=L1(하)', '주기=연간', '유형=FILE'})",frozenset({'표준=N'}),0.06868398277426149,0.9968718392542465,0.06868398277426149,1.0,1.0031379768417308,1.0,0.00021485453877645444,inf,0.003358860674459201,0.06889951152160496,1.0,0.5344497557608024,유형=FILE AND 조회수=L1(하) AND 주기=연간,표준=N,BR,0.06889951152160496,1909,[]
"frozenset({'조회수=L1(하)', '주기=연간'})",frozenset({'표준=N'}),0.06868398277426149,0.9968718392542465,0.06868398277426149,1.0,1.0031379768417308,1.0,0.00021485453877645444,inf,0.003358860674459201,0.06889951152160496,1.0,0.5344497557608024,조회수=L1(하) AND 주기=연간,표준=N,BR,0.06889951152160496,1909,[]
"frozenset({'조회수=L1(하)', '국가중점=N', '주기=연간', '유형=FILE'})",frozenset({'표준=N'}),0.06868398277426149,0.9968718392542465,0.06868398277426149,1.0,1.0031379768417308,1.0,0.00021485453877645444,inf,0.003358860674459201,0.06889951152160496,1.0,0.5344497557608024,국가중점=N AND 유형=FILE AND 조회수=L1(하) AND 주기=연간,표준=N,BR,0.06889951152160496,1909,[]
"frozenset({'조회수=L1(하)', '국가중점=N', '주기=연간'})",frozenset({'표준=N'}),0.06868398277426149,0.9968718392542465,0.06868398277426149,1.0,1.0031379768417308,1.0,0.00021485453877645444,inf,0.003358860674459201,0.06889951152160496,1.0,0.5344497557608024,국가중점=N AND 조회수=L1(하) AND 주기=연간,표준=N,BR,0.06889951152160496,1909,[]
"frozenset({'조회수=L1(하)', '다운로드=L1(하)'})",frozenset({'표준=N'}),0.0687778275966341,0.9968718392542465,0.06870483717923319,0.9989387507580352,1.0020733974242215,1.0,0.0001421576830650806,2.947621182712885,0.0022219266290097817,0.06891538541993515,0.6607433798261567,0.5339295910626258,다운로드=L1(하) AND 조회수=L1(하),표준=N,BR,0.06877422547776045,1912,[]
"frozenset({'도메인=공공행정', '국가중점=N', '주기=수시', '유형=FILE'})",frozenset({'표준=N'}),0.0685484291419455,0.9968718392542465,0.0685484291419455,1.0,1.0031379768417308,1.0,0.00021443050522490514,inf,0.0033583718613217003,0.06876353252512996,1.0,0.534381766262565,국가중점=N AND 도메인=공공행정 AND 유형=FILE AND 주기=수시,표준=N,BR,0.06876353252512996,1913,['공공행정']
"frozenset({'도메인=공공행정', '국가중점=N', '주기=수시'})",frozenset({'표준=N'}),0.0685484291419455,0.9968718392542465,0.0685484291419455,1.0,1.0031379768417308,1.0,0.00021443050522490514,inf,0.0033583718613217003,0.06876353252512996,1.0,0.534381766262565,국가중점=N AND 도메인=공공행정 AND 주기=수시,표준=N,BR,0.06876353252512996,1913,['공공행정']
"frozenset({'조회수=L1(하)', '다운로드=L1(하)', '유형=FILE'})","frozenset({'국가중점=N', '표준=N'})",0.06599376453291346,0.9578428203497283,0.06594162852048424,0.9992099857797442,1.043187843089863,1.0,0.0027299749747825425,53.36255800132369,0.04432504874749989,0.06884014586621673,0.9812602686704938,0.5340269393301073,다운로드=L1(하) AND 유형=FILE AND 조회수=L1(하),국가중점=N AND 표준=N,BR,0.06873516053878394,1915,[]
"frozenset({'조회수=L1(하)', '다운로드=L1(하)'})","frozenset({'국가중점=N', '표준=N'})",0.0687778275966341,0.9578428203497283,0.06774553455053543,0.9849909035779258,1.0283429417138452,1.0,0.0018671861878480495,2.8087753229615022,0.029597405606947173,0.07065105101186399,0.643972947275247,0.5278590485666681,다운로드=L1(하) AND 조회수=L1(하),국가중점=N AND 표준=N,BR,0.06862002394527311,1916,[]
"frozenset({'조회수=L1(하)', '다운로드=L1(하)'})",frozenset({'국가중점=N'}),0.0687778275966341,0.9609709810954818,0.06781852496793635,0.9860521528198907,1.0260998221775823,1.0,0.0017250285047829689,2.798210964067376,0.02731458635759384,0.07050253653037332,0.642628803602986,0.5283125347432787,다운로드=L1(하) AND 조회수=L1(하),국가중점=N,BR,0.06861796558069813,1917,[]
"frozenset({'조회수=L1(하)', '다운로드=L1(하)', '표준=N'})",frozenset({'국가중점=N'}),0.06870483717923319,0.9609709810954818,0.06774553455053543,0.9860373349521929,1.0260844024947935,1.0,0.0017221797604023842,2.795241364802911,0.027296719676411386,0.07042665741664138,0.6422491407748222,0.5282671483788742,다운로드=L1(하) AND 조회수=L1(하) AND 표준=N,국가중점=N,BR,0.06854205468315747,1918,[]
"frozenset({'조회수=L1(하)', '다운로드=L1(하)', '표준=N', '유형=FILE'})",frozenset({'국가중점=N'}),0.06599376453291346,0.9609709810954818,0.06594162852048424,0.9992099857797442,1.0397920493298047,1.0,0.0025235358711061806,49.40293212934817,0.040973214603095755,0.06861606900667283,0.9797582864640145,0.5339148887232055,다운로드=L1(하) AND 유형=FILE AND 조회수=L1(하) AND 표준=N,국가중점=N,BR,0.06851141327140509,1919,[]
"frozenset({'조회수=L1(하)', '다운로드=L1(하)', '유형=FILE'})",frozenset({'국가중점=N'}),0.06599376453291346,0.9609709810954818,0.06594162852048424,0.9992099857797442,1.0397920493298047,1.0,0.0025235358711061806,49.40293212934817,0.040973214603095755,0.06861606900667283,0.9797582864640145,0.5339148887232055,다운로드=L1(하) AND 유형=FILE AND 조회수=L1(하),국가중점=N,BR,0.06851141327140509,1919,[]
"frozenset({'형식=CSV', '다운로드=L0(최소)', '주기=수시'})","frozenset({'국가중점=N', '표준=N'})",0.06627529900003128,0.9578428203497283,0.0659312013179984,0.9948080553807428,1.0385921721661155,1.0,0.0024498820042869185,8.119728298701105,0.03979562508133891,0.06880828790005768,0.8768431697203504,0.531820531065072,다운로드=L0(최소) AND 주기=수시 AND 형식=CSV,국가중점=N AND 표준=N,BR,0.06812010791377938,1921,[]
"frozenset({'형식=CSV', '다운로드=L0(최소)', '주기=수시', '유형=FILE'})","frozenset({'국가중점=N', '표준=N'})",0.06627529900003128,0.9578428203497283,0.0659312013179984,0.9948080553807428,1.0385921721661155,1.0,0.0024498820042869185,8.119728298701105,0.03979562508133891,0.06880828790005768,0.8768431697203504,0.531820531065072,다운로드=L0(최소) AND 유형=FILE AND 주기=수시 AND 형식=CSV,국가중점=N AND 표준=N,BR,0.06812010791377938,1921,[]
"frozenset({'조회수=L1(하)', '형식=CSV', '국가중점=N', '다운로드=L2(중)'})",frozenset({'유형=FILE'}),0.05926821892954339,0.8711614860848983,0.05926821892954339,1.0,1.1478928028534836,1.0,0.007636029249277268,inf,0.13695563018876283,0.06803356194716746,1.0,0.5340167809735837,국가중점=N AND 다운로드=L2(중) AND 조회수=L1(하) AND 형식=CSV,유형=FILE,BR,0.06803356194716746,1925,[]
"frozenset({'조회수=L1(하)', '형식=CSV', '국가중점=N', '다운로드=L2(중)'})","frozenset({'표준=N', '유형=FILE'})",0.05926821892954339,0.8711614860848983,0.05926821892954339,1.0,1.1478928028534836,1.0,0.007636029249277268,inf,0.13695563018876283,0.06803356194716746,1.0,0.5340167809735837,국가중점=N AND 다운로드=L2(중) AND 조회수=L1(하) AND 형식=CSV,유형=FILE AND 표준=N,BR,0.06803356194716746,1925,[]
"frozenset({'조회수=L1(하)', '형식=CSV', '표준=N', '다운로드=L2(중)'})",frozenset({'유형=FILE'}),0.05926821892954339,0.8711614860848983,0.05926821892954339,1.0,1.1478928028534836,1.0,0.007636029249277268,inf,0.13695563018876283,0.06803356194716746,1.0,0.5340167809735837,다운로드=L2(중) AND 조회수=L1(하) AND 표준=N AND 형식=CSV,유형=FILE,BR,0.06803356194716746,1925,[]
"frozenset({'조회수=L1(하)', '형식=CSV', '다운로드=L2(중)'})","frozenset({'표준=N', '유형=FILE'})",0.05926821892954339,0.8711614860848983,0.05926821892954339,1.0,1.1478928028534836,1.0,0.007636029249277268,inf,0.13695563018876283,0.06803356194716746,1.0,0.5340167809735837,다운로드=L2(중) AND 조회수=L1(하) AND 형식=CSV,유형=FILE AND 표준=N,BR,0.06803356194716746,1925,[]
"frozenset({'국가중점=N', '조회수=L1(하)', '형식=CSV', '다운로드=L2(중)', '표준=N'})",frozenset({'유형=FILE'}),0.05926821892954339,0.8711614860848983,0.05926821892954339,1.0,1.1478928028534836,1.0,0.007636029249277268,inf,0.13695563018876283,0.06803356194716746,1.0,0.5340167809735837,국가중점=N AND 다운로드=L2(중) AND 조회수=L1(하) AND 표준=N AND 형식=CSV,유형=FILE,BR,0.06803356194716746,1925,[]
"frozenset({'조회수=L1(하)', '형식=CSV', '다운로드=L2(중)'})",frozenset({'유형=FILE'}),0.05926821892954339,0.8711614860848983,0.05926821892954339,1.0,1.1478928028534836,1.0,0.007636029249277268,inf,0.13695563018876283,0.06803356194716746,1.0,0.5340167809735837,다운로드=L2(중) AND 조회수=L1(하) AND 형식=CSV,유형=FILE,BR,0.06803356194716746,1925,[]
"frozenset({'형식=CSV', '주기=수시', '조회수=L2(중)'})","frozenset({'표준=N', '유형=FILE'})",0.05916394690468494,0.8711614860848983,0.05916394690468494,1.0,1.1478928028534836,1.0,0.007622594996551588,inf,0.13694045151780465,0.06791386884029349,1.0,0.5339569344201467,조회수=L2(중) AND 주기=수시 AND 형식=CSV,유형=FILE AND 표준=N,BR,0.06791386884029348,1930,[]
"frozenset({'형식=CSV', '표준=N', '주기=수시', '조회수=L2(중)'})",frozenset({'유형=FILE'}),0.05916394690468494,0.8711614860848983,0.05916394690468494,1.0,1.1478928028534836,1.0,0.007622594996551588,inf,0.13694045151780465,0.06791386884029349,1.0,0.5339569344201467,조회수=L2(중) AND 주기=수시 AND 표준=N AND 형식=CSV,유형=FILE,BR,0.06791386884029348,1930,[]
"frozenset({'형식=CSV', '주기=수시', '조회수=L2(중)'})",frozenset({'유형=FILE'}),0.05916394690468494,0.8711614860848983,0.05916394690468494,1.0,1.1478928028534836,1.0,0.007622594996551588,inf,0.13694045151780465,0.06791386884029349,1.0,0.5339569344201467,조회수=L2(중) AND 주기=수시 AND 형식=CSV,유형=FILE,BR,0.06791386884029348,1930,[]
"frozenset({'형식=CSV', '다운로드=L0(최소)', '주기=수시', '유형=FILE'})",frozenset({'국가중점=N'}),0.06627529900003128,0.9609709810954818,0.0659312013179984,0.9948080553807428,1.0352113382723458,1.0,0.002242562215541935,7.517225580518983,0.03642794428267156,0.06858438276224878,0.8669721974831357,0.5317084981764825,다운로드=L0(최소) AND 유형=FILE AND 주기=수시 AND 형식=CSV,국가중점=N,BR,0.0678983627708309,1933,[]
"frozenset({'형식=CSV', '다운로드=L0(최소)', '주기=수시'})",frozenset({'국가중점=N'}),0.06627529900003128,0.9609709810954818,0.0659312013179984,0.9948080553807428,1.0352113382723458,1.0,0.002242562215541935,7.517225580518983,0.03642794428267156,0.06858438276224878,0.8669721974831357,0.5317084981764825,다운로드=L0(최소) AND 주기=수시 AND 형식=CSV,국가중점=N,BR,0.0678983627708309,1933,[]
"frozenset({'다운로드=L0(최소)', '형식=CSV', '주기=수시', '표준=N', '유형=FILE'})",frozenset({'국가중점=N'}),0.06627529900003128,0.9609709810954818,0.0659312013179984,0.9948080553807428,1.0352113382723458,1.0,0.002242562215541935,7.517225580518983,0.03642794428267156,0.06858438276224878,0.8669721974831357,0.5317084981764825,다운로드=L0(최소) AND 유형=FILE AND 주기=수시 AND 표준=N AND 형식=CSV,국가중점=N,BR,0.0678983627708309,1933,[]
"frozenset({'형식=CSV', '다운로드=L0(최소)', '표준=N', '주기=수시'})",frozenset({'국가중점=N'}),0.06627529900003128,0.9609709810954818,0.0659312013179984,0.9948080553807428,1.0352113382723458,1.0,0.002242562215541935,7.517225580518983,0.03642794428267156,0.06858438276224878,0.8669721974831357,0.5317084981764825,다운로드=L0(최소) AND 주기=수시 AND 표준=N AND 형식=CSV,국가중점=N,BR,0.0678983627708309,1933,[]
"frozenset({'조회수=L4(최대)', '다운로드=L4(최대)', '주기=연간'})","frozenset({'표준=N', '유형=FILE'})",0.05913266529722741,0.8711614860848983,0.05913266529722741,1.0,1.1478928028534836,1.0,0.007618564720733884,inf,0.13693589857256844,0.0678779609082313,1.0,0.5339389804541157,다운로드=L4(최대) AND 조회수=L4(최대) AND 주기=연간,유형=FILE AND 표준=N,BR,0.0678779609082313,1937,[]
"frozenset({'조회수=L4(최대)', '표준=N', '다운로드=L4(최대)', '주기=연간'})",frozenset({'유형=FILE'}),0.05913266529722741,0.8711614860848983,0.05913266529722741,1.0,1.1478928028534836,1.0,0.007618564720733884,inf,0.13693589857256844,0.0678779609082313,1.0,0.5339389804541157,다운로드=L4(최대) AND 조회수=L4(최대) AND 주기=연간 AND 표준=N,유형=FILE,BR,0.0678779609082313,1937,[]
"frozenset({'조회수=L4(최대)', '다운로드=L4(최대)', '주기=연간'})",frozenset({'유형=FILE'}),0.05913266529722741,0.8711614860848983,0.05913266529722741,1.0,1.1478928028534836,1.0,0.007618564720733884,inf,0.13693589857256844,0.0678779609082313,1.0,0.5339389804541157,다운로드=L4(최대) AND 조회수=L4(최대) AND 주기=연간,유형=FILE,BR,0.0678779609082313,1937,[]
"frozenset({'다운로드=L1(하)', '표준=N', '주기=연간'})","frozenset({'국가중점=N', '유형=FILE'})",0.0582046442759872,0.8547803509796357,0.058142081061072125,0.9989251164457184,1.1686336908667625,1.0,0.008389894798198946,135.1026801386088,0.15321786218981723,0.06801493010660876,0.9925982223374544,0.5334725123557761,다운로드=L1(하) AND 주기=연간 AND 표준=N,국가중점=N AND 유형=FILE,BR,0.06787375989279458,1940,[]
"frozenset({'다운로드=L1(하)', '주기=연간'})","frozenset({'국가중점=N', '유형=FILE'})",0.0582046442759872,0.8547803509796357,0.058142081061072125,0.9989251164457184,1.1686336908667625,1.0,0.008389894798198946,135.1026801386088,0.15321786218981723,0.06801493010660876,0.9925982223374544,0.5334725123557761,다운로드=L1(하) AND 주기=연간,국가중점=N AND 유형=FILE,BR,0.06787375989279458,1940,[]
"frozenset({'다운로드=L1(하)', '주기=연간'})","frozenset({'국가중점=N', '표준=N', '유형=FILE'})",0.0582046442759872,0.8547803509796357,0.058142081061072125,0.9989251164457184,1.1686336908667625,1.0,0.008389894798198946,135.1026801386088,0.15321786218981723,0.06801493010660876,0.9925982223374544,0.5334725123557761,다운로드=L1(하) AND 주기=연간,국가중점=N AND 유형=FILE AND 표준=N,BR,0.06787375989279458,1940,[]
"frozenset({'조회수=L1(하)', '다운로드=L1(하)', '국가중점=N'})",frozenset({'표준=N'}),0.06781852496793635,0.9968718392542465,0.06774553455053543,0.9989237392373924,1.0020583387977746,1.0,0.00013915683023868475,2.9065082129116573,0.0022035524165171733,0.06795314297667608,0.6559445469454812,0.533440928853239,국가중점=N AND 다운로드=L1(하) AND 조회수=L1(하),표준=N,BR,0.0678119158746865,1942,[]
"frozenset({'형식=CSV', '표준=N', '주기=수시', '조회수=L2(중)'})","frozenset({'국가중점=N', '유형=FILE'})",0.05916394690468494,0.8547803509796357,0.05872600440027945,0.9925978145928798,1.1612314361874323,1.0,0.008153825099752321,19.618483060512936,0.14757642548908378,0.06866785339803456,0.9490276594313886,0.530650424813762,조회수=L2(중) AND 주기=수시 AND 표준=N AND 형식=CSV,국가중점=N AND 유형=FILE,BR,0.06768969422858699,1944,[]
"frozenset({'형식=CSV', '주기=수시', '조회수=L2(중)'})","frozenset({'국가중점=N', '유형=FILE'})",0.05916394690468494,0.8547803509796357,0.05872600440027945,0.9925978145928798,1.1612314361874323,1.0,0.008153825099752321,19.618483060512936,0.14757642548908378,0.06866785339803456,0.9490276594313886,0.530650424813762,조회수=L2(중) AND 주기=수시 AND 형식=CSV,국가중점=N AND 유형=FILE,BR,0.06768969422858699,1944,[]
"frozenset({'형식=CSV', '주기=수시', '조회수=L2(중)'})","frozenset({'국가중점=N', '표준=N', '유형=FILE'})",0.05916394690468494,0.8547803509796357,0.05872600440027945,0.9925978145928798,1.1612314361874323,1.0,0.008153825099752321,19.618483060512936,0.14757642548908378,0.06866785339803456,0.9490276594313886,0.530650424813762,조회수=L2(중) AND 주기=수시 AND 형식=CSV,국가중점=N AND 유형=FILE AND 표준=N,BR,0.06768969422858699,1944,[]
"frozenset({'다운로드=L2(중)', '유형=FILE', '조회수=L2(중)'})",frozenset({'표준=N'}),0.06747442728590347,0.9968718392542465,0.06747442728590347,1.0,1.0031379768417308,1.0,0.0002110708547779644,inf,0.0033545039806780696,0.0676861604761357,1.0,0.5338430802380678,다운로드=L2(중) AND 유형=FILE AND 조회수=L2(중),표준=N,BR,0.06768616047613568,1946,[]
frozenset({'도메인=농축수산'}),frozenset({'국가중점=N'}),0.07266717412385432,0.9609709810954818,0.07000823748996382,0.9634093844167025,1.002537436997776,1.0,0.00017719187872732023,1.0666401284140667,0.0027293487697084085,0.0726505437428989,0.062476674783603525,0.5181304734583513,도메인=농축수산,국가중점=N,BR,0.06761773446471667,1947,['농축수산']
"frozenset({'조회수=L3(상)', '주기=수시', '유형=FILE'})","frozenset({'국가중점=N', '표준=N'})",0.07116565696589262,0.9578428203497283,0.06895509003889347,0.9689377289377289,1.0115832246714023,1.0,0.0007895764586415832,1.3571827882693568,0.012327914015736584,0.07182422451994092,0.2631795741565709,0.5204638568485727,유형=FILE AND 조회수=L3(상) AND 주기=수시,국가중점=N AND 표준=N,BR,0.06758710051254835,1948,[]
"frozenset({'조회수=L3(상)', '주기=수시'})","frozenset({'국가중점=N', '표준=N'})",0.07116565696589262,0.9578428203497283,0.06895509003889347,0.9689377289377289,1.0115832246714023,1.0,0.0007895764586415832,1.3571827882693568,0.012327914015736584,0.07182422451994092,0.2631795741565709,0.5204638568485727,조회수=L3(상) AND 주기=수시,국가중점=N AND 표준=N,BR,0.06758710051254835,1948,[]
"frozenset({'형식=CSV', '국가중점=N', '주기=수시', '조회수=L2(중)'})",frozenset({'유형=FILE'}),0.05872600440027945,0.8711614860848983,0.05872600440027945,1.0,1.1478928028534836,1.0,0.00756617113510373,inf,0.1368767378227781,0.06741115779142279,1.0,0.5337055788957114,국가중점=N AND 조회수=L2(중) AND 주기=수시 AND 형식=CSV,유형=FILE,BR,0.06741115779142279,1951,[]
"frozenset({'국가중점=N', '형식=CSV', '주기=수시', '조회수=L2(중)', '표준=N'})",frozenset({'유형=FILE'}),0.05872600440027945,0.8711614860848983,0.05872600440027945,1.0,1.1478928028534836,1.0,0.00756617113510373,inf,0.1368767378227781,0.06741115779142279,1.0,0.5337055788957114,국가중점=N AND 조회수=L2(중) AND 주기=수시 AND 표준=N AND 형식=CSV,유형=FILE,BR,0.06741115779142279,1951,[]
"frozenset({'형식=CSV', '국가중점=N', '주기=수시', '조회수=L2(중)'})","frozenset({'표준=N', '유형=FILE'})",0.05872600440027945,0.8711614860848983,0.05872600440027945,1.0,1.1478928028534836,1.0,0.00756617113510373,inf,0.1368767378227781,0.06741115779142279,1.0,0.5337055788957114,국가중점=N AND 조회수=L2(중) AND 주기=수시 AND 형식=CSV,유형=FILE AND 표준=N,BR,0.06741115779142279,1951,[]
"frozenset({'표준=N', '도메인=농축수산'})",frozenset({'국가중점=N'}),0.07243777566916572,0.9609709810954818,0.06977883903527522,0.96329350798906,1.0024168543476002,1.0,0.00016823868210261161,1.0632729189399506,0.0025993159085989054,0.0724124871503544,0.0595076934744389,0.5179531776056411,도메인=농축수산 AND 표준=N,국가중점=N,BR,0.06737995755117897,1953,['농축수산']
"frozenset({'다운로드=L2(중)', '국가중점=N', '유형=FILE', '조회수=L2(중)'})",frozenset({'표준=N'}),0.06716161121132812,0.9968718392542465,0.06716161121132812,1.0,1.0031379768417308,1.0,0.00021009231581282928,inf,0.003353379088327894,0.0673723627919626,1.0,0.5336861813959813,국가중점=N AND 다운로드=L2(중) AND 유형=FILE AND 조회수=L2(중),표준=N,BR,0.0673723627919626,1954,[]
"frozenset({'조회수=L3(상)', '표준=N', '주기=수시', '유형=FILE'})",frozenset({'국가중점=N'}),0.07116565696589262,0.9609709810954818,0.06895509003889347,0.9689377289377289,1.0082903105285919,1.0,0.0005669588440751216,1.2564766699213963,0.008852112805192247,0.07159095829905165,0.20412370246193362,0.52034668564942,유형=FILE AND 조회수=L3(상) AND 주기=수시 AND 표준=N,국가중점=N,BR,0.06736709041973407,1956,[]
"frozenset({'조회수=L3(상)', '주기=수시', '유형=FILE'})",frozenset({'국가중점=N'}),0.07116565696589262,0.9609709810954818,0.06895509003889347,0.9689377289377289,1.0082903105285919,1.0,0.0005669588440751216,1.2564766699213963,0.008852112805192247,0.07159095829905165,0.20412370246193362,0.52034668564942,유형=FILE AND 조회수=L3(상) AND 주기=수시,국가중점=N,BR,0.06736709041973407,1956,[]
"frozenset({'조회수=L3(상)', '표준=N', '주기=수시'})",frozenset({'국가중점=N'}),0.07116565696589262,0.9609709810954818,0.06895509003889347,0.9689377289377289,1.0082903105285919,1.0,0.0005669588440751216,1.2564766699213963,0.008852112805192247,0.07159095829905165,0.20412370246193362,0.52034668564942,조회수=L3(상) AND 주기=수시 AND 표준=N,국가중점=N,BR,0.06736709041973407,1956,[]
"frozenset({'조회수=L3(상)', '주기=수시'})",frozenset({'국가중점=N'}),0.07116565696589262,0.9609709810954818,0.06895509003889347,0.9689377289377289,1.0082903105285919,1.0,0.0005669588440751216,1.2564766699213963,0.008852112805192247,0.07159095829905165,0.20412370246193362,0.52034668564942,조회수=L3(상) AND 주기=수시,국가중점=N,BR,0.06736709041973407,1956,[]
"frozenset({'도메인=문화관광', '주기=수시', '유형=FILE'})","frozenset({'국가중점=N', '표준=N'})",0.06677580471935185,0.9578428203497283,0.06600419173539931,0.9884447220487196,1.0319487718118698,1.0,0.0020434666118926414,3.648305114599195,0.033174931817660784,0.06885374290251702,0.7259001183869292,0.528676965857802,도메인=문화관광 AND 유형=FILE AND 주기=수시,국가중점=N AND 표준=N,BR,0.06732588058889609,1959,['문화관광']
"frozenset({'도메인=문화관광', '주기=수시'})","frozenset({'국가중점=N', '표준=N'})",0.06677580471935185,0.9578428203497283,0.06600419173539931,0.9884447220487196,1.0319487718118698,1.0,0.0020434666118926414,3.648305114599195,0.033174931817660784,0.06885374290251702,0.7259001183869292,0.528676965857802,도메인=문화관광 AND 주기=수시,국가중점=N AND 표준=N,BR,0.06732588058889609,1959,['문화관광']
"frozenset({'조회수=L4(최대)', '다운로드=L4(최대)'})","frozenset({'형식=CSV', '유형=FILE'})",0.10489765700760142,0.6992794803082281,0.08027903193852122,0.7653081510934394,1.0944238643412034,1.0,0.00692625286069494,1.2813419856413495,0.09638812269275102,0.11089824844434203,0.21956822518426225,0.44005532511801837,다운로드=L4(최대) AND 조회수=L4(최대),유형=FILE AND 형식=CSV,BI,0.06723942953096823,1962,[]
"frozenset({'조회수=L4(최대)', '다운로드=L4(최대)'})","frozenset({'형식=CSV', '표준=N', '유형=FILE'})",0.10489765700760142,0.6992794803082281,0.08027903193852122,0.7653081510934394,1.0944238643412034,1.0,0.00692625286069494,1.2813419856413495,0.09638812269275102,0.11089824844434203,0.21956822518426225,0.44005532511801837,다운로드=L4(최대) AND 조회수=L4(최대),유형=FILE AND 표준=N AND 형식=CSV,BI,0.06723942953096823,1962,[]
"frozenset({'조회수=L4(최대)', '다운로드=L4(최대)'})",frozenset({'형식=CSV'}),0.10489765700760142,0.6992794803082281,0.08027903193852122,0.7653081510934394,1.0944238643412034,1.0,0.00692625286069494,1.2813419856413495,0.09638812269275102,0.11089824844434203,0.21956822518426225,0.44005532511801837,다운로드=L4(최대) AND 조회수=L4(최대),형식=CSV,BI,0.06723942953096823,1962,[]
"frozenset({'조회수=L4(최대)', '다운로드=L4(최대)'})","frozenset({'형식=CSV', '표준=N'})",0.10489765700760142,0.6992794803082281,0.08027903193852122,0.7653081510934394,1.0944238643412034,1.0,0.00692625286069494,1.2813419856413495,0.09638812269275102,0.11089824844434203,0.21956822518426225,0.44005532511801837,다운로드=L4(최대) AND 조회수=L4(최대),표준=N AND 형식=CSV,BI,0.06723942953096823,1962,[]
"frozenset({'형식=CSV', '도메인=공공행정', '주기=연간'})","frozenset({'국가중점=N', '표준=N', '유형=FILE'})",0.05795439141632691,0.8547803509796357,0.057777128974067546,0.9969413458078445,1.1663128950791661,1.0,0.008238853938408446,47.47828289736381,0.1513696883676841,0.06757893966558119,0.9789377387096801,0.532267149921586,도메인=공공행정 AND 주기=연간 AND 형식=CSV,국가중점=N AND 유형=FILE AND 표준=N,BR,0.06718009944767478,1966,['공공행정']
"frozenset({'형식=CSV', '도메인=공공행정', '표준=N', '주기=연간'})","frozenset({'국가중점=N', '유형=FILE'})",0.05795439141632691,0.8547803509796357,0.057777128974067546,0.9969413458078445,1.1663128950791661,1.0,0.008238853938408446,47.47828289736381,0.1513696883676841,0.06757893966558119,0.9789377387096801,0.532267149921586,도메인=공공행정 AND 주기=연간 AND 표준=N AND 형식=CSV,국가중점=N AND 유형=FILE,BR,0.06718009944767478,1966,['공공행정']
"frozenset({'형식=CSV', '도메인=공공행정', '주기=연간'})","frozenset({'국가중점=N', '유형=FILE'})",0.05795439141632691,0.8547803509796357,0.057777128974067546,0.9969413458078445,1.1663128950791661,1.0,0.008238853938408446,47.47828289736381,0.1513696883676841,0.06757893966558119,0.9789377387096801,0.532267149921586,도메인=공공행정 AND 주기=연간 AND 형식=CSV,국가중점=N AND 유형=FILE,BR,0.06718009944767478,1966,['공공행정']
frozenset({'도메인=농축수산'}),"frozenset({'국가중점=N', '표준=N'})",0.07266717412385432,0.9578428203497283,0.06977883903527522,0.9602525469938297,1.0025157850462578,1.0,0.0001751080256378046,1.0606259385658559,0.002706117679348165,0.07263097344172265,0.05716052791225564,0.5165512680538493,도메인=농축수산,국가중점=N AND 표준=N,BR,0.06717387886155511,1968,['농축수산']
"frozenset({'형식=CSV', '도메인=환경기상', '표준=N'})",frozenset({'유형=FILE'}),0.05847575154061917,0.8711614860848983,0.05847575154061917,1.0,1.1478928028534836,1.0,0.0075339289285620906,inf,0.13684035660889302,0.06712389433492524,1.0,0.5335619471674626,도메인=환경기상 AND 표준=N AND 형식=CSV,유형=FILE,BR,0.06712389433492524,1970,['환경기상']
"frozenset({'형식=CSV', '도메인=환경기상'})",frozenset({'유형=FILE'}),0.05847575154061917,0.8711614860848983,0.05847575154061917,1.0,1.1478928028534836,1.0,0.0075339289285620906,inf,0.13684035660889302,0.06712389433492524,1.0,0.5335619471674626,도메인=환경기상 AND 형식=CSV,유형=FILE,BR,0.06712389433492524,1970,['환경기상']
"frozenset({'형식=CSV', '도메인=환경기상'})","frozenset({'표준=N', '유형=FILE'})",0.05847575154061917,0.8711614860848983,0.05847575154061917,1.0,1.1478928028534836,1.0,0.0075339289285620906,inf,0.13684035660889302,0.06712389433492524,1.0,0.5335619471674626,도메인=환경기상 AND 형식=CSV,유형=FILE AND 표준=N,BR,0.06712389433492524,1970,['환경기상']
"frozenset({'조회수=L1(하)', '형식=CSV', '주기=연간', '유형=FILE'})","frozenset({'국가중점=N', '표준=N'})",0.06428370332523488,0.9578428203497283,0.06428370332523488,1.0,1.04401262791204,1.0,0.002710019629666695,inf,0.04505337761037695,0.06711299804049642,1.0,0.5335564990202482,유형=FILE AND 조회수=L1(하) AND 주기=연간 AND 형식=CSV,국가중점=N AND 표준=N,BR,0.06711299804049642,1972,[]
"frozenset({'조회수=L1(하)', '형식=CSV', '주기=연간'})","frozenset({'국가중점=N', '표준=N'})",0.06428370332523488,0.9578428203497283,0.06428370332523488,1.0,1.04401262791204,1.0,0.002710019629666695,inf,0.04505337761037695,0.06711299804049642,1.0,0.5335564990202482,조회수=L1(하) AND 주기=연간 AND 형식=CSV,국가중점=N AND 표준=N,BR,0.06711299804049642,1972,[]
"frozenset({'도메인=문화관광', '주기=수시'})",frozenset({'국가중점=N'}),0.06677580471935185,0.9609709810954818,0.06600419173539931,0.9884447220487196,1.0285895635702946,1.0,0.0018345811608034557,3.3775923927639857,0.02978375304466054,0.06862978944857645,0.7039311190591385,0.5285648089410264,도메인=문화관광 AND 주기=수시,국가중점=N,BR,0.06710672082135409,1975,['문화관광']
"frozenset({'도메인=문화관광', '주기=수시', '유형=FILE'})",frozenset({'국가중점=N'}),0.06677580471935185,0.9609709810954818,0.06600419173539931,0.9884447220487196,1.0285895635702946,1.0,0.0018345811608034557,3.3775923927639857,0.02978375304466054,0.06862978944857645,0.7039311190591385,0.5285648089410264,도메인=문화관광 AND 유형=FILE AND 주기=수시,국가중점=N,BR,0.06710672082135409,1975,['문화관광']
"frozenset({'표준=N', '도메인=문화관광', '주기=수시'})",frozenset({'국가중점=N'}),0.06677580471935185,0.9609709810954818,0.06600419173539931,0.9884447220487196,1.0285895635702946,1.0,0.0018345811608034557,3.3775923927639857,0.02978375304466054,0.06862978944857645,0.7039311190591385,0.5285648089410264,도메인=문화관광 AND 주기=수시 AND 표준=N,국가중점=N,BR,0.06710672082135409,1975,['문화관광']
"frozenset({'표준=N', '도메인=문화관광', '주기=수시', '유형=FILE'})",frozenset({'국가중점=N'}),0.06677580471935185,0.9609709810954818,0.06600419173539931,0.9884447220487196,1.0285895635702946,1.0,0.0018345811608034557,3.3775923927639857,0.02978375304466054,0.06862978944857645,0.7039311190591385,0.5285648089410264,도메인=문화관광 AND 유형=FILE AND 주기=수시 AND 표준=N,국가중점=N,BR,0.06710672082135409,1975,['문화관광']
"frozenset({'조회수=L1(하)', '다운로드=L2(중)'})","frozenset({'국가중점=N', '표준=N'})",0.06432541213517826,0.9578428203497283,0.06427327612274902,0.9991894958664288,1.0431664513616168,1.0,0.0026596419430312407,52.01352825249759,0.044225006095237294,0.06709845969629347,0.980774232519941,0.5331458038879281,다운로드=L2(중) AND 조회수=L1(하),국가중점=N AND 표준=N,BR,0.06699338291179423,1978,[]
"frozenset({'도메인=문화관광', '주기=수시'})",frozenset({'표준=N'}),0.06677580471935185,0.9968718392542465,0.06677580471935185,1.0,1.0031379768417308,1.0,0.0002088854510891719,inf,0.003351992759695521,0.06698534564814912,1.0,0.5334926728240745,도메인=문화관광 AND 주기=수시,표준=N,BR,0.06698534564814912,1979,['문화관광']
"frozenset({'도메인=문화관광', '주기=수시', '유형=FILE'})",frozenset({'표준=N'}),0.06677580471935185,0.9968718392542465,0.06677580471935185,1.0,1.0031379768417308,1.0,0.0002088854510891719,inf,0.003351992759695521,0.06698534564814912,1.0,0.5334926728240745,도메인=문화관광 AND 유형=FILE AND 주기=수시,표준=N,BR,0.06698534564814912,1979,['문화관광']
"frozenset({'다운로드=L2(중)', '조회수=L2(중)'})","frozenset({'형식=CSV', '국가중점=N', '유형=FILE'})",0.06954944058058664,0.6867564101227281,0.06059247364524572,0.8712143928035981,1.2685930265258187,1.0,0.012828949506078047,2.4322872461948806,0.22755119041487049,0.08709401837502435,0.5888643491576004,0.4797221640614511,다운로드=L2(중) AND 조회수=L2(중),국가중점=N AND 유형=FILE AND 형식=CSV,BI,0.06696780184968168,1983,[]
"frozenset({'다운로드=L2(중)', '조회수=L2(중)'})","frozenset({'형식=CSV', '국가중점=N'})",0.06954944058058664,0.6867564101227281,0.06059247364524572,0.8712143928035981,1.2685930265258187,1.0,0.012828949506078047,2.4322872461948806,0.22755119041487049,0.08709401837502435,0.5888643491576004,0.4797221640614511,다운로드=L2(중) AND 조회수=L2(중),국가중점=N AND 형식=CSV,BI,0.06696780184968168,1983,[]
"frozenset({'다운로드=L2(중)', '표준=N', '조회수=L2(중)'})","frozenset({'형식=CSV', '국가중점=N'})",0.06954944058058664,0.6867564101227281,0.06059247364524572,0.8712143928035981,1.2685930265258187,1.0,0.012828949506078047,2.4322872461948806,0.22755119041487049,0.08709401837502435,0.5888643491576004,0.4797221640614511,다운로드=L2(중) AND 조회수=L2(중) AND 표준=N,국가중점=N AND 형식=CSV,BI,0.06696780184968168,1983,[]
"frozenset({'조회수=L2(중)', '다운로드=L2(중)'})","frozenset({'형식=CSV', '국가중점=N', '표준=N', '유형=FILE'})",0.06954944058058664,0.6867564101227281,0.06059247364524572,0.8712143928035981,1.2685930265258187,1.0,0.012828949506078047,2.4322872461948806,0.22755119041487049,0.08709401837502435,0.5888643491576004,0.4797221640614511,다운로드=L2(중) AND 조회수=L2(중),국가중점=N AND 유형=FILE AND 표준=N AND 형식=CSV,BI,0.06696780184968168,1983,[]
"frozenset({'다운로드=L2(중)', '조회수=L2(중)'})","frozenset({'형식=CSV', '국가중점=N', '표준=N'})",0.06954944058058664,0.6867564101227281,0.06059247364524572,0.8712143928035981,1.2685930265258187,1.0,0.012828949506078047,2.4322872461948806,0.22755119041487049,0.08709401837502435,0.5888643491576004,0.4797221640614511,다운로드=L2(중) AND 조회수=L2(중),국가중점=N AND 표준=N AND 형식=CSV,BI,0.06696780184968168,1983,[]
"frozenset({'조회수=L2(중)', '표준=N', '다운로드=L2(중)'})","frozenset({'형식=CSV', '국가중점=N', '유형=FILE'})",0.06954944058058664,0.6867564101227281,0.06059247364524572,0.8712143928035981,1.2685930265258187,1.0,0.012828949506078047,2.4322872461948806,0.22755119041487049,0.08709401837502435,0.5888643491576004,0.4797221640614511,다운로드=L2(중) AND 조회수=L2(중) AND 표준=N,국가중점=N AND 유형=FILE AND 형식=CSV,BI,0.06696780184968168,1983,[]
"frozenset({'주기=연간', '유형=FILE', '조회수=L0(최소)'})",frozenset({'표준=N'}),0.06675495031438015,0.9968718392542465,0.06675495031438015,1.0,1.0031379768417308,1.0,0.0002088202151581675,inf,0.0033519178556663657,0.06696442580253757,1.0,0.5334822129012687,유형=FILE AND 조회수=L0(최소) AND 주기=연간,표준=N,BR,0.06696442580253757,1987,[]
"frozenset({'주기=연간', '조회수=L0(최소)'})",frozenset({'표준=N'}),0.06675495031438015,0.9968718392542465,0.06675495031438015,1.0,1.0031379768417308,1.0,0.0002088202151581675,inf,0.0033519178556663657,0.06696442580253757,1.0,0.5334822129012687,조회수=L0(최소) AND 주기=연간,표준=N,BR,0.06696442580253757,1987,[]
"frozenset({'국가중점=N', '주기=연간', '조회수=L0(최소)'})",frozenset({'표준=N'}),0.06674452311189431,0.9968718392542465,0.06674452311189431,1.0,1.0031379768417308,1.0,0.00020878759719267226,inf,0.0033518804049072455,0.0669539658797318,1.0,0.5334769829398659,국가중점=N AND 조회수=L0(최소) AND 주기=연간,표준=N,BR,0.0669539658797318,1989,[]
"frozenset({'국가중점=N', '주기=연간', '유형=FILE', '조회수=L0(최소)'})",frozenset({'표준=N'}),0.06674452311189431,0.9968718392542465,0.06674452311189431,1.0,1.0031379768417308,1.0,0.00020878759719267226,inf,0.0033518804049072455,0.0669539658797318,1.0,0.5334769829398659,국가중점=N AND 유형=FILE AND 조회수=L0(최소) AND 주기=연간,표준=N,BR,0.0669539658797318,1989,[]
"frozenset({'조회수=L2(중)', '국가중점=N', '표준=N', '다운로드=L2(중)'})","frozenset({'형식=CSV', '유형=FILE'})",0.06893423563392177,0.6992794803082281,0.06059247364524572,0.8789895628497959,1.2569932160205177,1.0,0.012388177175711966,2.4850791946028825,0.21958788088584105,0.08562839839087574,0.5975983372393889,0.4828197146965977,국가중점=N AND 다운로드=L2(중) AND 조회수=L2(중) AND 표준=N,유형=FILE AND 형식=CSV,BI,0.06694764964944999,1993,[]
"frozenset({'다운로드=L2(중)', '국가중점=N', '조회수=L2(중)'})","frozenset({'형식=CSV', '유형=FILE'})",0.06893423563392177,0.6992794803082281,0.06059247364524572,0.8789895628497959,1.2569932160205177,1.0,0.012388177175711966,2.4850791946028825,0.21958788088584105,0.08562839839087574,0.5975983372393889,0.4828197146965977,국가중점=N AND 다운로드=L2(중) AND 조회수=L2(중),유형=FILE AND 형식=CSV,BI,0.06694764964944999,1993,[]
"frozenset({'다운로드=L2(중)', '국가중점=N', '조회수=L2(중)'})","frozenset({'형식=CSV', '표준=N'})",0.06893423563392177,0.6992794803082281,0.06059247364524572,0.8789895628497959,1.2569932160205177,1.0,0.012388177175711966,2.4850791946028825,0.21958788088584105,0.08562839839087574,0.5975983372393889,0.4828197146965977,국가중점=N AND 다운로드=L2(중) AND 조회수=L2(중),표준=N AND 형식=CSV,BI,0.06694764964944999,1993,[]
"frozenset({'다운로드=L2(중)', '국가중점=N', '표준=N', '조회수=L2(중)'})",frozenset({'형식=CSV'}),0.06893423563392177,0.6992794803082281,0.06059247364524572,0.8789895628497959,1.2569932160205177,1.0,0.012388177175711966,2.4850791946028825,0.21958788088584105,0.08562839839087574,0.5975983372393889,0.4828197146965977,국가중점=N AND 다운로드=L2(중) AND 조회수=L2(중) AND 표준=N,형식=CSV,BI,0.06694764964944999,1993,[]
"frozenset({'다운로드=L2(중)', '국가중점=N', '조회수=L2(중)'})",frozenset({'형식=CSV'}),0.06893423563392177,0.6992794803082281,0.06059247364524572,0.8789895628497959,1.2569932160205177,1.0,0.012388177175711966,2.4850791946028825,0.21958788088584105,0.08562839839087574,0.5975983372393889,0.4828197146965977,국가중점=N AND 다운로드=L2(중) AND 조회수=L2(중),형식=CSV,BI,0.06694764964944999,1993,[]
"frozenset({'조회수=L2(중)', '국가중점=N', '다운로드=L2(중)'})","frozenset({'형식=CSV', '표준=N', '유형=FILE'})",0.06893423563392177,0.6992794803082281,0.06059247364524572,0.8789895628497959,1.2569932160205177,1.0,0.012388177175711966,2.4850791946028825,0.21958788088584105,0.08562839839087574,0.5975983372393889,0.4828197146965977,국가중점=N AND 다운로드=L2(중) AND 조회수=L2(중),유형=FILE AND 표준=N AND 형식=CSV,BI,0.06694764964944999,1993,[]
"frozenset({'조회수=L1(하)', '형식=CSV', '주기=연간'})",frozenset({'국가중점=N'}),0.06428370332523488,0.9609709810954818,0.06428370332523488,1.0,1.0406141493055556,1.0,0.0025089298723330253,inf,0.04171031224230538,0.06689453125000001,1.0,0.533447265625,조회수=L1(하) AND 주기=연간 AND 형식=CSV,국가중점=N,BR,0.06689453125000001,1998,[]
"frozenset({'조회수=L1(하)', '형식=CSV', '표준=N', '주기=연간'})",frozenset({'국가중점=N'}),0.06428370332523488,0.9609709810954818,0.06428370332523488,1.0,1.0406141493055556,1.0,0.0025089298723330253,inf,0.04171031224230538,0.06689453125000001,1.0,0.533447265625,조회수=L1(하) AND 주기=연간 AND 표준=N AND 형식=CSV,국가중점=N,BR,0.06689453125000001,1998,[]
"frozenset({'조회수=L1(하)', '형식=CSV', '주기=연간', '유형=FILE'})",frozenset({'국가중점=N'}),0.06428370332523488,0.9609709810954818,0.06428370332523488,1.0,1.0406141493055556,1.0,0.0025089298723330253,inf,0.04171031224230538,0.06689453125000001,1.0,0.533447265625,유형=FILE AND 조회수=L1(하) AND 주기=연간 AND 형식=CSV,국가중점=N,BR,0.06689453125000001,1998,[]
"frozenset({'조회수=L1(하)', '형식=CSV', '주기=연간', '표준=N', '유형=FILE'})",frozenset({'국가중점=N'}),0.06428370332523488,0.9609709810954818,0.06428370332523488,1.0,1.0406141493055556,1.0,0.0025089298723330253,inf,0.04171031224230538,0.06689453125000001,1.0,0.533447265625,유형=FILE AND 조회수=L1(하) AND 주기=연간 AND 표준=N AND 형식=CSV,국가중점=N,BR,0.06689453125000001,1998,[]
"frozenset({'형식=CSV', '도메인=환경기상', '표준=N'})","frozenset({'국가중점=N', '유형=FILE'})",0.05847575154061917,0.8547803509796357,0.058027381833727826,0.9923323823109843,1.160920909299921,1.0,0.008043458408039404,18.939343993167512,0.1472239057492843,0.06785013228642144,0.9471998607575449,0.5301090524807581,도메인=환경기상 AND 표준=N AND 형식=CSV,국가중점=N AND 유형=FILE,BR,0.06684867027679271,2002,['환경기상']
"frozenset({'형식=CSV', '도메인=환경기상'})","frozenset({'국가중점=N', '표준=N', '유형=FILE'})",0.05847575154061917,0.8547803509796357,0.058027381833727826,0.9923323823109843,1.160920909299921,1.0,0.008043458408039404,18.939343993167512,0.1472239057492843,0.06785013228642144,0.9471998607575449,0.5301090524807581,도메인=환경기상 AND 형식=CSV,국가중점=N AND 유형=FILE AND 표준=N,BR,0.06684867027679271,2002,['환경기상']
"frozenset({'형식=CSV', '도메인=환경기상'})","frozenset({'국가중점=N', '유형=FILE'})",0.05847575154061917,0.8547803509796357,0.058027381833727826,0.9923323823109843,1.160920909299921,1.0,0.008043458408039404,18.939343993167512,0.1472239057492843,0.06785013228642144,0.9471998607575449,0.5301090524807581,도메인=환경기상 AND 형식=CSV,국가중점=N AND 유형=FILE,BR,0.06684867027679271,2002,['환경기상']
"frozenset({'국가중점=N', '도메인=교통물류', '유형=FILE'})",frozenset({'표준=N'}),0.06660896947957833,0.9968718392542465,0.06660896947957833,1.0,1.0031379768417308,1.0,0.00020836356364110908,inf,0.003351393621180772,0.0668179868832568,1.0,0.5334089934416284,국가중점=N AND 도메인=교통물류 AND 유형=FILE,표준=N,BR,0.0668179868832568,2004,['교통물류']
"frozenset({'다운로드=L1(하)', '조회수=L0(최소)'})","frozenset({'국가중점=N', '유형=FILE'})",0.06260492372501382,0.8547803509796357,0.06071760007507586,0.9698534310459693,1.1346229823070362,1.0,0.007204141400355225,4.8171202912611415,0.1265741335301279,0.0708764925691055,0.7924070939614847,0.5204432081549745,다운로드=L1(하) AND 조회수=L0(최소),국가중점=N AND 유형=FILE,BR,0.06681473957395913,2006,[]
"frozenset({'다운로드=L1(하)', '표준=N', '조회수=L0(최소)'})","frozenset({'국가중점=N', '유형=FILE'})",0.06260492372501382,0.8547803509796357,0.06071760007507586,0.9698534310459693,1.1346229823070362,1.0,0.007204141400355225,4.8171202912611415,0.1265741335301279,0.0708764925691055,0.7924070939614847,0.5204432081549745,다운로드=L1(하) AND 조회수=L0(최소) AND 표준=N,국가중점=N AND 유형=FILE,BR,0.06681473957395913,2006,[]
"frozenset({'다운로드=L1(하)', '조회수=L0(최소)'})","frozenset({'국가중점=N', '표준=N', '유형=FILE'})",0.06260492372501382,0.8547803509796357,0.06071760007507586,0.9698534310459693,1.1346229823070362,1.0,0.007204141400355225,4.8171202912611415,0.1265741335301279,0.0708764925691055,0.7924070939614847,0.5204432081549745,다운로드=L1(하) AND 조회수=L0(최소),국가중점=N AND 유형=FILE AND 표준=N,BR,0.06681473957395913,2006,[]
"frozenset({'다운로드=L1(하)', '표준=N', '주기=연간'})",frozenset({'유형=FILE'}),0.0582046442759872,0.8711614860848983,0.0582046442759872,1.0,1.1478928028534836,1.0,0.007498999871475322,inf,0.13680096544546672,0.06681269225705291,1.0,0.5334063461285264,다운로드=L1(하) AND 주기=연간 AND 표준=N,유형=FILE,BR,0.06681269225705291,2009,[]
"frozenset({'다운로드=L1(하)', '주기=연간'})",frozenset({'유형=FILE'}),0.0582046442759872,0.8711614860848983,0.0582046442759872,1.0,1.1478928028534836,1.0,0.007498999871475322,inf,0.13680096544546672,0.06681269225705291,1.0,0.5334063461285264,다운로드=L1(하) AND 주기=연간,유형=FILE,BR,0.06681269225705291,2009,[]
"frozenset({'다운로드=L1(하)', '주기=연간'})","frozenset({'표준=N', '유형=FILE'})",0.0582046442759872,0.8711614860848983,0.0582046442759872,1.0,1.1478928028534836,1.0,0.007498999871475322,inf,0.13680096544546672,0.06681269225705291,1.0,0.5334063461285264,다운로드=L1(하) AND 주기=연간,유형=FILE AND 표준=N,BR,0.06681269225705291,2009,[]
"frozenset({'조회수=L1(하)', '다운로드=L2(중)'})",frozenset({'국가중점=N'}),0.06432541213517826,0.9609709810954818,0.06428370332523488,0.9993515966931432,1.0399394116499838,1.0,0.0024688489163214172,60.19250440550084,0.041045806266989705,0.06689162796753614,0.9833866357634289,0.5331230639715716,다운로드=L2(중) AND 조회수=L1(하),국가중점=N,BR,0.06680781010371067,2011,[]
"frozenset({'조회수=L1(하)', '유형=FILE', '다운로드=L2(중)'})","frozenset({'국가중점=N', '표준=N'})",0.0640125960606029,0.9578428203497283,0.06400216885811706,0.9998371070206875,1.0438425655846397,1.0,0.00268816330952127,258.80292587317916,0.044873604263387795,0.06681834510837026,0.9961360560487248,0.5333280897611602,다운로드=L2(중) AND 유형=FILE AND 조회수=L1(하),국가중점=N AND 표준=N,BR,0.06679730555902902,2012,[]
"frozenset({'조회수=L1(하)', '표준=N', '다운로드=L2(중)'})",frozenset({'국가중점=N'}),0.0643149849326924,0.9609709810954818,0.06427327612274902,0.9993514915693904,1.0399393022567194,1.0,0.0024684419528384766,60.182747150767206,0.04104524075087786,0.06688077774402151,0.9833839422867348,0.533117586062473,다운로드=L2(중) AND 조회수=L1(하) AND 표준=N,국가중점=N,BR,0.06679695942294829,2013,[]
"frozenset({'다운로드=L1(하)', '국가중점=N', '주기=연간'})","frozenset({'표준=N', '유형=FILE'})",0.058142081061072125,0.8711614860848983,0.058142081061072125,1.0,1.1478928028534836,1.0,0.0074909393198399135,inf,0.1367918783973784,0.06674087639292853,1.0,0.5333704381964642,국가중점=N AND 다운로드=L1(하) AND 주기=연간,유형=FILE AND 표준=N,BR,0.06674087639292853,2015,[]
"frozenset({'다운로드=L1(하)', '국가중점=N', '주기=연간'})",frozenset({'유형=FILE'}),0.058142081061072125,0.8711614860848983,0.058142081061072125,1.0,1.1478928028534836,1.0,0.0074909393198399135,inf,0.1367918783973784,0.06674087639292853,1.0,0.5333704381964642,국가중점=N AND 다운로드=L1(하) AND 주기=연간,유형=FILE,BR,0.06674087639292853,2015,[]
"frozenset({'다운로드=L1(하)', '국가중점=N', '표준=N', '주기=연간'})",frozenset({'유형=FILE'}),0.058142081061072125,0.8711614860848983,0.058142081061072125,1.0,1.1478928028534836,1.0,0.0074909393198399135,inf,0.1367918783973784,0.06674087639292853,1.0,0.5333704381964642,국가중점=N AND 다운로드=L1(하) AND 주기=연간 AND 표준=N,유형=FILE,BR,0.06674087639292853,2015,[]
"frozenset({'형식=CSV', '도메인=환경기상', '국가중점=N'})",frozenset({'유형=FILE'}),0.058027381833727826,0.8711614860848983,0.058027381833727826,1.0,1.1478928028534836,1.0,0.007476161641841665,inf,0.13677522194425384,0.06660921397536715,1.0,0.5333046069876836,국가중점=N AND 도메인=환경기상 AND 형식=CSV,유형=FILE,BR,0.06660921397536715,2018,['환경기상']
"frozenset({'형식=CSV', '국가중점=N', '도메인=환경기상'})","frozenset({'표준=N', '유형=FILE'})",0.058027381833727826,0.8711614860848983,0.058027381833727826,1.0,1.1478928028534836,1.0,0.007476161641841665,inf,0.13677522194425384,0.06660921397536715,1.0,0.5333046069876836,국가중점=N AND 도메인=환경기상 AND 형식=CSV,유형=FILE AND 표준=N,BR,0.06660921397536715,2018,['환경기상']
"frozenset({'형식=CSV', '국가중점=N', '표준=N', '도메인=환경기상'})",frozenset({'유형=FILE'}),0.058027381833727826,0.8711614860848983,0.058027381833727826,1.0,1.1478928028534836,1.0,0.007476161641841665,inf,0.13677522194425384,0.06660921397536715,1.0,0.5333046069876836,국가중점=N AND 도메인=환경기상 AND 표준=N AND 형식=CSV,유형=FILE,BR,0.06660921397536715,2018,['환경기상']
"frozenset({'조회수=L1(하)', '표준=N', '유형=FILE', '다운로드=L2(중)'})",frozenset({'국가중점=N'}),0.0640125960606029,0.9609709810954818,0.06400216885811706,0.9998371070206875,1.0404446405664605,1.0,0.002487921619290713,239.5991470549864,0.04153096271604887,0.06660083983463723,0.9958263624378825,0.5332193347603438,다운로드=L2(중) AND 유형=FILE AND 조회수=L1(하) AND 표준=N,국가중점=N,BR,0.06657986641332905,2020,[]
"frozenset({'조회수=L1(하)', '유형=FILE', '다운로드=L2(중)'})",frozenset({'국가중점=N'}),0.0640125960606029,0.9609709810954818,0.06400216885811706,0.9998371070206875,1.0404446405664605,1.0,0.002487921619290713,239.5991470549864,0.04153096271604887,0.06660083983463723,0.9958263624378825,0.5332193347603438,다운로드=L2(중) AND 유형=FILE AND 조회수=L1(하),국가중점=N,BR,0.06657986641332905,2020,[]
"frozenset({'조회수=L4(최대)', '주기=수시'})",frozenset({'표준=N'}),0.06635871661991805,0.9968718392542465,0.06635871661991805,1.0,1.0031379768417308,1.0,0.00020758073246901487,inf,0.0033504953148908055,0.06656694873591833,1.0,0.5332834743679592,조회수=L4(최대) AND 주기=수시,표준=N,BR,0.06656694873591833,2022,[]
"frozenset({'조회수=L4(최대)', '주기=수시', '유형=FILE'})",frozenset({'표준=N'}),0.06635871661991805,0.9968718392542465,0.06635871661991805,1.0,1.0031379768417308,1.0,0.00020758073246901487,inf,0.0033504953148908055,0.06656694873591833,1.0,0.5332834743679592,유형=FILE AND 조회수=L4(최대) AND 주기=수시,표준=N,BR,0.06656694873591833,2022,[]
"frozenset({'다운로드=L2(중)', '조회수=L2(중)'})",frozenset({'형식=CSV'}),0.06954944058058664,0.6992794803082281,0.06083229930242015,0.8746626686656671,1.2508055695844724,1.0,0.01219780263749954,2.3992893138087537,0.21550337141468617,0.08592173669715313,0.5832099137671107,0.4808277481526746,다운로드=L2(중) AND 조회수=L2(중),형식=CSV,BI,0.06655253909916287,2026,[]
"frozenset({'다운로드=L2(중)', '조회수=L2(중)'})","frozenset({'형식=CSV', '표준=N', '유형=FILE'})",0.06954944058058664,0.6992794803082281,0.06083229930242015,0.8746626686656671,1.2508055695844724,1.0,0.01219780263749954,2.3992893138087537,0.21550337141468617,0.08592173669715313,0.5832099137671107,0.4808277481526746,다운로드=L2(중) AND 조회수=L2(중),유형=FILE AND 표준=N AND 형식=CSV,BI,0.06655253909916287,2026,[]
"frozenset({'다운로드=L2(중)', '조회수=L2(중)'})","frozenset({'형식=CSV', '유형=FILE'})",0.06954944058058664,0.6992794803082281,0.06083229930242015,0.8746626686656671,1.2508055695844724,1.0,0.01219780263749954,2.3992893138087537,0.21550337141468617,0.08592173669715313,0.5832099137671107,0.4808277481526746,다운로드=L2(중) AND 조회수=L2(중),유형=FILE AND 형식=CSV,BI,0.06655253909916287,2026,[]
"frozenset({'다운로드=L2(중)', '표준=N', '조회수=L2(중)'})","frozenset({'형식=CSV', '유형=FILE'})",0.06954944058058664,0.6992794803082281,0.06083229930242015,0.8746626686656671,1.2508055695844724,1.0,0.01219780263749954,2.3992893138087537,0.21550337141468617,0.08592173669715313,0.5832099137671107,0.4808277481526746,다운로드=L2(중) AND 조회수=L2(중) AND 표준=N,유형=FILE AND 형식=CSV,BI,0.06655253909916287,2026,[]
"frozenset({'다운로드=L2(중)', '표준=N', '조회수=L2(중)'})",frozenset({'형식=CSV'}),0.06954944058058664,0.6992794803082281,0.06083229930242015,0.8746626686656671,1.2508055695844724,1.0,0.01219780263749954,2.3992893138087537,0.21550337141468617,0.08592173669715313,0.5832099137671107,0.4808277481526746,다운로드=L2(중) AND 조회수=L2(중) AND 표준=N,형식=CSV,BI,0.06655253909916287,2026,[]
"frozenset({'다운로드=L2(중)', '조회수=L2(중)'})","frozenset({'형식=CSV', '표준=N'})",0.06954944058058664,0.6992794803082281,0.06083229930242015,0.8746626686656671,1.2508055695844724,1.0,0.01219780263749954,2.3992893138087537,0.21550337141468617,0.08592173669715313,0.5832099137671107,0.4808277481526746,다운로드=L2(중) AND 조회수=L2(중),표준=N AND 형식=CSV,BI,0.06655253909916287,2026,[]
"frozenset({'형식=CSV', '도메인=공공행정', '주기=연간'})","frozenset({'표준=N', '유형=FILE'})",0.05795439141632691,0.8711614860848983,0.05795439141632691,1.0,1.1478928028534836,1.0,0.007466757664933689,inf,0.1367646244949915,0.06652542880055538,1.0,0.5332627144002777,도메인=공공행정 AND 주기=연간 AND 형식=CSV,유형=FILE AND 표준=N,BR,0.06652542880055537,2031,['공공행정']
"frozenset({'형식=CSV', '도메인=공공행정', '주기=연간'})",frozenset({'유형=FILE'}),0.05795439141632691,0.8711614860848983,0.05795439141632691,1.0,1.1478928028534836,1.0,0.007466757664933689,inf,0.1367646244949915,0.06652542880055538,1.0,0.5332627144002777,도메인=공공행정 AND 주기=연간 AND 형식=CSV,유형=FILE,BR,0.06652542880055537,2031,['공공행정']
"frozenset({'형식=CSV', '도메인=공공행정', '표준=N', '주기=연간'})",frozenset({'유형=FILE'}),0.05795439141632691,0.8711614860848983,0.05795439141632691,1.0,1.1478928028534836,1.0,0.007466757664933689,inf,0.1367646244949915,0.06652542880055538,1.0,0.5332627144002777,도메인=공공행정 AND 주기=연간 AND 표준=N AND 형식=CSV,유형=FILE,BR,0.06652542880055537,2031,['공공행정']
"frozenset({'형식=CSV', '다운로드=L0(최소)', '주기=수시', '유형=FILE'})",frozenset({'표준=N'}),0.06627529900003128,0.9968718392542465,0.06627529900003128,1.0,1.0031379768417308,1.0,0.0002073197887449696,inf,0.003350195986465113,0.06648326935347215,1.0,0.5332416346767361,다운로드=L0(최소) AND 유형=FILE AND 주기=수시 AND 형식=CSV,표준=N,BR,0.06648326935347215,2033,[]
"frozenset({'형식=CSV', '다운로드=L0(최소)', '주기=수시'})",frozenset({'표준=N'}),0.06627529900003128,0.9968718392542465,0.06627529900003128,1.0,1.0031379768417308,1.0,0.0002073197887449696,inf,0.003350195986465113,0.06648326935347215,1.0,0.5332416346767361,다운로드=L0(최소) AND 주기=수시 AND 형식=CSV,표준=N,BR,0.06648326935347215,2033,[]
"frozenset({'형식=CSV', '도메인=공공행정', '국가중점=N', '주기=연간'})",frozenset({'유형=FILE'}),0.057777128974067546,0.8711614860848983,0.057777128974067546,1.0,1.1478928028534836,1.0,0.007443919435300025,inf,0.13673889466811265,0.06632195051886962,1.0,0.5331609752594348,국가중점=N AND 도메인=공공행정 AND 주기=연간 AND 형식=CSV,유형=FILE,BR,0.06632195051886962,2036,['공공행정']
"frozenset({'국가중점=N', '형식=CSV', '주기=연간', '도메인=공공행정', '표준=N'})",frozenset({'유형=FILE'}),0.057777128974067546,0.8711614860848983,0.057777128974067546,1.0,1.1478928028534836,1.0,0.007443919435300025,inf,0.13673889466811265,0.06632195051886962,1.0,0.5331609752594348,국가중점=N AND 도메인=공공행정 AND 주기=연간 AND 표준=N AND 형식=CSV,유형=FILE,BR,0.06632195051886962,2036,['공공행정']
"frozenset({'형식=CSV', '도메인=공공행정', '국가중점=N', '주기=연간'})","frozenset({'표준=N', '유형=FILE'})",0.057777128974067546,0.8711614860848983,0.057777128974067546,1.0,1.1478928028534836,1.0,0.007443919435300025,inf,0.13673889466811265,0.06632195051886962,1.0,0.5331609752594348,국가중점=N AND 도메인=공공행정 AND 주기=연간 AND 형식=CSV,유형=FILE AND 표준=N,BR,0.06632195051886962,2036,['공공행정']
"frozenset({'국가중점=N', '도메인=문화관광', '주기=수시', '유형=FILE'})",frozenset({'표준=N'}),0.06600419173539931,0.9968718392542465,0.06600419173539931,1.0,1.0031379768417308,1.0,0.000206471721641871,inf,0.003349223538343122,0.06621131136052216,1.0,0.5331056556802611,국가중점=N AND 도메인=문화관광 AND 유형=FILE AND 주기=수시,표준=N,BR,0.06621131136052216,2038,['문화관광']
"frozenset({'국가중점=N', '도메인=문화관광', '주기=수시'})",frozenset({'표준=N'}),0.06600419173539931,0.9968718392542465,0.06600419173539931,1.0,1.0031379768417308,1.0,0.000206471721641871,inf,0.003349223538343122,0.06621131136052216,1.0,0.5331056556802611,국가중점=N AND 도메인=문화관광 AND 주기=수시,표준=N,BR,0.06621131136052216,2038,['문화관광']
"frozenset({'조회수=L1(하)', '다운로드=L1(하)', '유형=FILE'})",frozenset({'표준=N'}),0.06599376453291346,0.9968718392542465,0.06599376453291346,1.0,1.0031379768417308,1.0,0.00020643910367636187,inf,0.003349186147766109,0.06620085143771638,1.0,0.5331004257188582,다운로드=L1(하) AND 유형=FILE AND 조회수=L1(하),표준=N,BR,0.06620085143771638,2040,[]
"frozenset({'형식=CSV', '도메인=문화관광', '유형=FILE'})","frozenset({'국가중점=N', '표준=N'})",0.0657018028633098,0.9578428203497283,0.06491976267687143,0.9880971274400889,1.0315858786510652,1.0,0.0019877625202169014,3.541765186351506,0.032771933373951734,0.06772175993908741,0.7176549129079519,0.5279370897378978,도메인=문화관광 AND 유형=FILE AND 형식=CSV,국가중점=N AND 표준=N,BR,0.0661731713525783,2041,['문화관광']
"frozenset({'형식=CSV', '도메인=문화관광'})","frozenset({'국가중점=N', '표준=N'})",0.0657018028633098,0.9578428203497283,0.06491976267687143,0.9880971274400889,1.0315858786510652,1.0,0.0019877625202169014,3.541765186351506,0.032771933373951734,0.06772175993908741,0.7176549129079519,0.5279370897378978,도메인=문화관광 AND 형식=CSV,국가중점=N AND 표준=N,BR,0.0661731713525783,2041,['문화관광']
"frozenset({'형식=CSV', '주기=연간', '유형=FILE', '조회수=L0(최소)'})","frozenset({'국가중점=N', '표준=N'})",0.06340781831642389,0.9578428203497283,0.06339739111393804,0.9998355533629336,1.0438409435463252,1.0,0.0026626675855114107,256.3578094531267,0.04484303898118954,0.06618695637974767,0.9960992021185809,0.5330116151312817,유형=FILE AND 조회수=L0(최소) AND 주기=연간 AND 형식=CSV,국가중점=N AND 표준=N,BR,0.06616591000776036,2043,[]
"frozenset({'형식=CSV', '주기=연간', '조회수=L0(최소)'})","frozenset({'국가중점=N', '표준=N'})",0.06340781831642389,0.9578428203497283,0.06339739111393804,0.9998355533629336,1.0438409435463252,1.0,0.0026626675855114107,256.3578094531267,0.04484303898118954,0.06618695637974767,0.9960992021185809,0.5330116151312817,조회수=L0(최소) AND 주기=연간 AND 형식=CSV,국가중점=N AND 표준=N,BR,0.06616591000776036,2043,[]
"frozenset({'조회수=L1(하)', '다운로드=L1(하)', '국가중점=N', '유형=FILE'})",frozenset({'표준=N'}),0.06594162852048424,0.9968718392542465,0.06594162852048424,1.0,1.0031379768417308,1.0,0.00020627601384884398,inf,0.0033489992074035905,0.06614855182368755,1.0,0.5330742759118438,국가중점=N AND 다운로드=L1(하) AND 유형=FILE AND 조회수=L1(하),표준=N,BR,0.06614855182368753,2045,[]
"frozenset({'형식=CSV', '다운로드=L0(최소)', '국가중점=N', '주기=수시'})",frozenset({'표준=N'}),0.0659312013179984,0.9968718392542465,0.0659312013179984,1.0,1.0031379768417308,1.0,0.00020624339588333485,inf,0.003348961821835221,0.06613809190088178,1.0,0.5330690459504409,국가중점=N AND 다운로드=L0(최소) AND 주기=수시 AND 형식=CSV,표준=N,BR,0.06613809190088177,2046,[]
"frozenset({'다운로드=L0(최소)', '국가중점=N', '형식=CSV', '주기=수시', '유형=FILE'})",frozenset({'표준=N'}),0.0659312013179984,0.9968718392542465,0.0659312013179984,1.0,1.0031379768417308,1.0,0.00020624339588333485,inf,0.003348961821835221,0.06613809190088178,1.0,0.5330690459504409,국가중점=N AND 다운로드=L0(최소) AND 유형=FILE AND 주기=수시 AND 형식=CSV,표준=N,BR,0.06613809190088177,2046,[]
"frozenset({'표준=N', '조회수=L4(최대)', '국가중점=N', '다운로드=L4(최대)'})","frozenset({'형식=CSV', '유형=FILE'})",0.09454344493915727,0.6992794803082281,0.0744919345588772,0.7879122091099593,1.1267486481408888,1.0,0.008379643515273733,1.4179058512976066,0.12423634702210155,0.10355724349868091,0.29473455583468894,0.44721945394286866,국가중점=N AND 다운로드=L4(최대) AND 조회수=L4(최대) AND 표준=N,유형=FILE AND 형식=CSV,BI,0.06613237639750454,2048,[]
"frozenset({'표준=N', '조회수=L4(최대)', '국가중점=N', '다운로드=L4(최대)'})",frozenset({'형식=CSV'}),0.09454344493915727,0.6992794803082281,0.0744919345588772,0.7879122091099593,1.1267486481408888,1.0,0.008379643515273733,1.4179058512976066,0.12423634702210155,0.10355724349868091,0.29473455583468894,0.44721945394286866,국가중점=N AND 다운로드=L4(최대) AND 조회수=L4(최대) AND 표준=N,형식=CSV,BI,0.06613237639750454,2048,[]
"frozenset({'형식=CSV', '도메인=문화관광'})",frozenset({'국가중점=N'}),0.0657018028633098,0.9609709810954818,0.06491976267687143,0.9880971274400889,1.0282278517023313,1.0,0.0017822367195746702,3.2789579748982667,0.029383461271891814,0.06750149075730472,0.6950250635551296,0.5278267755256,도메인=문화관광 AND 형식=CSV,국가중점=N,BR,0.06595776389374829,2051,['문화관광']
"frozenset({'형식=CSV', '도메인=문화관광', '유형=FILE'})",frozenset({'국가중점=N'}),0.0657018028633098,0.9609709810954818,0.06491976267687143,0.9880971274400889,1.0282278517023313,1.0,0.0017822367195746702,3.2789579748982667,0.029383461271891814,0.06750149075730472,0.6950250635551296,0.5278267755256,도메인=문화관광 AND 유형=FILE AND 형식=CSV,국가중점=N,BR,0.06595776389374829,2051,['문화관광']
"frozenset({'형식=CSV', '표준=N', '도메인=문화관광'})",frozenset({'국가중점=N'}),0.0657018028633098,0.9609709810954818,0.06491976267687143,0.9880971274400889,1.0282278517023313,1.0,0.0017822367195746702,3.2789579748982667,0.029383461271891814,0.06750149075730472,0.6950250635551296,0.5278267755256,도메인=문화관광 AND 표준=N AND 형식=CSV,국가중점=N,BR,0.06595776389374829,2051,['문화관광']
"frozenset({'형식=CSV', '표준=N', '도메인=문화관광', '유형=FILE'})",frozenset({'국가중점=N'}),0.0657018028633098,0.9609709810954818,0.06491976267687143,0.9880971274400889,1.0282278517023313,1.0,0.0017822367195746702,3.2789579748982667,0.029383461271891814,0.06750149075730472,0.6950250635551296,0.5278267755256,도메인=문화관광 AND 유형=FILE AND 표준=N AND 형식=CSV,국가중점=N,BR,0.06595776389374829,2051,['문화관광']
"frozenset({'형식=CSV', '표준=N', '주기=연간', '조회수=L0(최소)'})",frozenset({'국가중점=N'}),0.06340781831642389,0.9609709810954818,0.06339739111393804,0.9998355533629336,1.0404430238082185,1.0,0.0024643177372801056,237.33546395821267,0.04150255065867102,0.06597150638556439,0.9957865546795145,0.5329038877925779,조회수=L0(최소) AND 주기=연간 AND 표준=N AND 형식=CSV,국가중점=N,BR,0.0659505261861205,2055,[]
"frozenset({'형식=CSV', '주기=연간', '유형=FILE', '조회수=L0(최소)'})",frozenset({'국가중점=N'}),0.06340781831642389,0.9609709810954818,0.06339739111393804,0.9998355533629336,1.0404430238082185,1.0,0.0024643177372801056,237.33546395821267,0.04150255065867102,0.06597150638556439,0.9957865546795145,0.5329038877925779,유형=FILE AND 조회수=L0(최소) AND 주기=연간 AND 형식=CSV,국가중점=N,BR,0.0659505261861205,2055,[]
"frozenset({'형식=CSV', '주기=연간', '조회수=L0(최소)'})",frozenset({'국가중점=N'}),0.06340781831642389,0.9609709810954818,0.06339739111393804,0.9998355533629336,1.0404430238082185,1.0,0.0024643177372801056,237.33546395821267,0.04150255065867102,0.06597150638556439,0.9957865546795145,0.5329038877925779,조회수=L0(최소) AND 주기=연간 AND 형식=CSV,국가중점=N,BR,0.0659505261861205,2055,[]
"frozenset({'형식=CSV', '주기=연간', '조회수=L0(최소)', '표준=N', '유형=FILE'})",frozenset({'국가중점=N'}),0.06340781831642389,0.9609709810954818,0.06339739111393804,0.9998355533629336,1.0404430238082185,1.0,0.0024643177372801056,237.33546395821267,0.04150255065867102,0.06597150638556439,0.9957865546795145,0.5329038877925779,유형=FILE AND 조회수=L0(최소) AND 주기=연간 AND 표준=N AND 형식=CSV,국가중점=N,BR,0.0659505261861205,2055,[]
"frozenset({'형식=CSV', '도메인=문화관광', '유형=FILE'})",frozenset({'표준=N'}),0.0657018028633098,0.9968718392542465,0.0657018028633098,1.0,1.0031379768417308,1.0,0.00020552580064224502,inf,0.003348139550456511,0.06590797359915485,1.0,0.5329539867995774,도메인=문화관광 AND 유형=FILE AND 형식=CSV,표준=N,BR,0.06590797359915483,2058,['문화관광']
"frozenset({'형식=CSV', '도메인=문화관광'})",frozenset({'표준=N'}),0.0657018028633098,0.9968718392542465,0.0657018028633098,1.0,1.0031379768417308,1.0,0.00020552580064224502,inf,0.003348139550456511,0.06590797359915485,1.0,0.5329539867995774,도메인=문화관광 AND 형식=CSV,표준=N,BR,0.06590797359915483,2058,['문화관광']
"frozenset({'다운로드=L1(하)', '표준=N', '조회수=L0(최소)'})",frozenset({'유형=FILE'}),0.06260492372501382,0.8711614860848983,0.06071760007507586,0.9698534310459693,1.1132877733204256,1.0,0.006178601686561112,4.2737372240125415,0.10855577527471875,0.06954662717370533,0.7660127547427643,0.5197753635893425,다운로드=L1(하) AND 조회수=L0(최소) AND 표준=N,유형=FILE,BR,0.06555836943654318,2061,[]
"frozenset({'다운로드=L1(하)', '조회수=L0(최소)'})","frozenset({'표준=N', '유형=FILE'})",0.06260492372501382,0.8711614860848983,0.06071760007507586,0.9698534310459693,1.1132877733204256,1.0,0.006178601686561112,4.2737372240125415,0.10855577527471875,0.06954662717370533,0.7660127547427643,0.5197753635893425,다운로드=L1(하) AND 조회수=L0(최소),유형=FILE AND 표준=N,BR,0.06555836943654318,2061,[]
"frozenset({'다운로드=L1(하)', '조회수=L0(최소)'})",frozenset({'유형=FILE'}),0.06260492372501382,0.8711614860848983,0.06071760007507586,0.9698534310459693,1.1132877733204256,1.0,0.006178601686561112,4.2737372240125415,0.10855577527471875,0.06954662717370533,0.7660127547427643,0.5197753635893425,다운로드=L1(하) AND 조회수=L0(최소),유형=FILE,BR,0.06555836943654318,2061,[]
"frozenset({'다운로드=L0(최소)', '주기=수시', '유형=FILE', '조회수=L0(최소)'})","frozenset({'국가중점=N', '표준=N'})",0.06250065170015537,0.9578428203497283,0.06247979729518367,0.9996663329996662,1.0436642753501741,1.0,0.002613996797010812,126.34506741182497,0.044626668284878004,0.0652282771984063,0.9920851678622287,0.5324480151826112,다운로드=L0(최소) AND 유형=FILE AND 조회수=L0(최소) AND 주기=수시,국가중점=N AND 표준=N,BR,0.0651861746329124,2063,[]
"frozenset({'다운로드=L0(최소)', '주기=수시', '조회수=L0(최소)'})","frozenset({'국가중점=N', '표준=N'})",0.06250065170015537,0.9578428203497283,0.06247979729518367,0.9996663329996662,1.0436642753501741,1.0,0.002613996797010812,126.34506741182497,0.044626668284878004,0.0652282771984063,0.9920851678622287,0.5324480151826112,다운로드=L0(최소) AND 조회수=L0(최소) AND 주기=수시,국가중점=N AND 표준=N,BR,0.0651861746329124,2063,[]
"frozenset({'형식=CSV', '국가중점=N', '도메인=문화관광'})",frozenset({'표준=N'}),0.06491976267687143,0.9968718392542465,0.06491976267687143,1.0,1.0031379768417308,1.0,0.00020307945322942111,inf,0.003345339384680532,0.06512347938872211,1.0,0.532561739694361,국가중점=N AND 도메인=문화관광 AND 형식=CSV,표준=N,BR,0.06512347938872211,2065,['문화관광']
"frozenset({'형식=CSV', '국가중점=N', '도메인=문화관광', '유형=FILE'})",frozenset({'표준=N'}),0.06491976267687143,0.9968718392542465,0.06491976267687143,1.0,1.0031379768417308,1.0,0.00020307945322942111,inf,0.003345339384680532,0.06512347938872211,1.0,0.532561739694361,국가중점=N AND 도메인=문화관광 AND 유형=FILE AND 형식=CSV,표준=N,BR,0.06512347938872211,2065,['문화관광']
"frozenset({'형식=CSV', '국가중점=N', '도메인=교통물류'})","frozenset({'표준=N', '유형=FILE'})",0.056723981522997194,0.8711614860848983,0.056723981522997194,1.0,1.1478928028534836,1.0,0.007308233482770647,inf,0.13658622862385728,0.06511305013944246,1.0,0.5325565250697213,국가중점=N AND 도메인=교통물류 AND 형식=CSV,유형=FILE AND 표준=N,BR,0.06511305013944246,2068,['교통물류']
"frozenset({'형식=CSV', '도메인=교통물류', '국가중점=N', '표준=N'})",frozenset({'유형=FILE'}),0.056723981522997194,0.8711614860848983,0.056723981522997194,1.0,1.1478928028534836,1.0,0.007308233482770647,inf,0.13658622862385728,0.06511305013944246,1.0,0.5325565250697213,국가중점=N AND 도메인=교통물류 AND 표준=N AND 형식=CSV,유형=FILE,BR,0.06511305013944246,2068,['교통물류']
"frozenset({'형식=CSV', '국가중점=N', '도메인=교통물류'})",frozenset({'유형=FILE'}),0.056723981522997194,0.8711614860848983,0.056723981522997194,1.0,1.1478928028534836,1.0,0.007308233482770647,inf,0.13658622862385728,0.06511305013944246,1.0,0.5325565250697213,국가중점=N AND 도메인=교통물류 AND 형식=CSV,유형=FILE,BR,0.06511305013944246,2068,['교통물류']
"frozenset({'조회수=L4(최대)', '표준=N', '다운로드=L4(최대)', '유형=FILE'})","frozenset({'형식=CSV', '국가중점=N'})",0.09615966132446326,0.6867564101227281,0.0744919345588772,0.7746692691390155,1.1280117050535818,1.0,0.008453670749071482,1.3901503300520701,0.12555799034683748,0.10515160435678542,0.28065333771309214,0.4415692463334991,다운로드=L4(최대) AND 유형=FILE AND 조회수=L4(최대) AND 표준=N,국가중점=N AND 형식=CSV,BI,0.06509373436065716,2071,[]
"frozenset({'조회수=L4(최대)', '다운로드=L4(최대)', '유형=FILE'})","frozenset({'형식=CSV', '국가중점=N'})",0.09615966132446326,0.6867564101227281,0.0744919345588772,0.7746692691390155,1.1280117050535818,1.0,0.008453670749071482,1.3901503300520701,0.12555799034683748,0.10515160435678542,0.28065333771309214,0.4415692463334991,다운로드=L4(최대) AND 유형=FILE AND 조회수=L4(최대),국가중점=N AND 형식=CSV,BI,0.06509373436065716,2071,[]
"frozenset({'조회수=L4(최대)', '다운로드=L4(최대)', '유형=FILE'})","frozenset({'형식=CSV', '국가중점=N', '표준=N'})",0.09615966132446326,0.6867564101227281,0.0744919345588772,0.7746692691390155,1.1280117050535818,1.0,0.008453670749071482,1.3901503300520701,0.12555799034683748,0.10515160435678542,0.28065333771309214,0.4415692463334991,다운로드=L4(최대) AND 유형=FILE AND 조회수=L4(최대),국가중점=N AND 표준=N AND 형식=CSV,BI,0.06509373436065716,2071,[]
"frozenset({'다운로드=L0(최소)', '주기=수시', '유형=FILE', '조회수=L0(최소)'})",frozenset({'국가중점=N'}),0.06250065170015537,0.9609709810954818,0.06247979729518367,0.9996663329996662,1.040266930703852,1.0,0.002418484711778371,116.96996965680462,0.04128884744924029,0.06501595017469239,0.9914507971325115,0.5323418470553887,다운로드=L0(최소) AND 유형=FILE AND 조회수=L0(최소) AND 주기=수시,국가중점=N,BR,0.06497398005402923,2074,[]
"frozenset({'다운로드=L0(최소)', '주기=수시', '조회수=L0(최소)', '표준=N', '유형=FILE'})",frozenset({'국가중점=N'}),0.06250065170015537,0.9609709810954818,0.06247979729518367,0.9996663329996662,1.040266930703852,1.0,0.002418484711778371,116.96996965680462,0.04128884744924029,0.06501595017469239,0.9914507971325115,0.5323418470553887,다운로드=L0(최소) AND 유형=FILE AND 조회수=L0(최소) AND 주기=수시 AND 표준=N,국가중점=N,BR,0.06497398005402923,2074,[]
"frozenset({'다운로드=L0(최소)', '주기=수시', '조회수=L0(최소)'})",frozenset({'국가중점=N'}),0.06250065170015537,0.9609709810954818,0.06247979729518367,0.9996663329996662,1.040266930703852,1.0,0.002418484711778371,116.96996965680462,0.04128884744924029,0.06501595017469239,0.9914507971325115,0.5323418470553887,다운로드=L0(최소) AND 조회수=L0(최소) AND 주기=수시,국가중점=N,BR,0.06497398005402923,2074,[]
"frozenset({'다운로드=L0(최소)', '표준=N', '주기=수시', '조회수=L0(최소)'})",frozenset({'국가중점=N'}),0.06250065170015537,0.9609709810954818,0.06247979729518367,0.9996663329996662,1.040266930703852,1.0,0.002418484711778371,116.96996965680462,0.04128884744924029,0.06501595017469239,0.9914507971325115,0.5323418470553887,다운로드=L0(최소) AND 조회수=L0(최소) AND 주기=수시 AND 표준=N,국가중점=N,BR,0.06497398005402923,2074,[]
"frozenset({'도메인=공공행정', '주기=연간', '유형=FILE'})","frozenset({'국가중점=N', '표준=N'})",0.06247979729518367,0.9578428203497283,0.062292107650438466,0.9969959946595461,1.040876408402291,1.0,0.0024462823943404086,14.033656692468561,0.041888318700697015,0.06502100611680707,0.928742734562071,0.5310148708329301,도메인=공공행정 AND 유형=FILE AND 주기=연간,국가중점=N AND 표준=N,BR,0.06464361042734074,2077,['공공행정']
"frozenset({'도메인=공공행정', '주기=연간'})","frozenset({'국가중점=N', '표준=N'})",0.06247979729518367,0.9578428203497283,0.062292107650438466,0.9969959946595461,1.040876408402291,1.0,0.0024462823943404086,14.033656692468561,0.041888318700697015,0.06502100611680707,0.928742734562071,0.5310148708329301,도메인=공공행정 AND 주기=연간,국가중점=N AND 표준=N,BR,0.06464361042734074,2077,['공공행정']
"frozenset({'다운로드=L3(상)', '주기=연간', '조회수=L3(상)'})","frozenset({'국가중점=N', '유형=FILE'})",0.05544143561723825,0.8547803509796357,0.055368445199837336,0.998683468121121,1.1683509886213022,1.0,0.00797819540411955,110.3046962630423,0.15255043505598184,0.06476952538941,0.9909342028591847,0.5317292621175528,다운로드=L3(상) AND 조회수=L3(상) AND 주기=연간,국가중점=N AND 유형=FILE,BR,0.06460461153309095,2080,[]
"frozenset({'다운로드=L3(상)', '표준=N', '주기=연간', '조회수=L3(상)'})","frozenset({'국가중점=N', '유형=FILE'})",0.05544143561723825,0.8547803509796357,0.055368445199837336,0.998683468121121,1.1683509886213022,1.0,0.00797819540411955,110.3046962630423,0.15255043505598184,0.06476952538941,0.9909342028591847,0.5317292621175528,다운로드=L3(상) AND 조회수=L3(상) AND 주기=연간 AND 표준=N,국가중점=N AND 유형=FILE,BR,0.06460461153309095,2080,[]
"frozenset({'다운로드=L3(상)', '주기=연간', '조회수=L3(상)'})","frozenset({'국가중점=N', '표준=N', '유형=FILE'})",0.05544143561723825,0.8547803509796357,0.055368445199837336,0.998683468121121,1.1683509886213022,1.0,0.00797819540411955,110.3046962630423,0.15255043505598184,0.06476952538941,0.9909342028591847,0.5317292621175528,다운로드=L3(상) AND 조회수=L3(상) AND 주기=연간,국가중점=N AND 유형=FILE AND 표준=N,BR,0.06460461153309095,2080,[]
"frozenset({'조회수=L1(하)', '다운로드=L2(중)'})",frozenset({'표준=N'}),0.06432541213517826,0.9968718392542465,0.0643149849326924,0.9998378991732856,1.0029753673463762,1.0,0.00019079302670982345,19.297623640529416,0.0031704834525050464,0.06451612903225805,0.9481801480520238,0.5321773515196365,다운로드=L2(중) AND 조회수=L1(하),표준=N,BR,0.06449588910678744,2082,[]
"frozenset({'조회수=L1(하)', '형식=CSV', '주기=연간'})",frozenset({'표준=N'}),0.06428370332523488,0.9968718392542465,0.06428370332523488,1.0,1.0031379768417308,1.0,0.00020108975733366952,inf,0.003343065368071574,0.06448542409757016,1.0,0.532242712048785,조회수=L1(하) AND 주기=연간 AND 형식=CSV,표준=N,BR,0.06448542409757016,2084,[]
"frozenset({'국가중점=N', '조회수=L1(하)', '형식=CSV', '주기=연간', '유형=FILE'})",frozenset({'표준=N'}),0.06428370332523488,0.9968718392542465,0.06428370332523488,1.0,1.0031379768417308,1.0,0.00020108975733366952,inf,0.003343065368071574,0.06448542409757016,1.0,0.532242712048785,국가중점=N AND 유형=FILE AND 조회수=L1(하) AND 주기=연간 AND 형식=CSV,표준=N,BR,0.06448542409757016,2084,[]
"frozenset({'조회수=L1(하)', '형식=CSV', '국가중점=N', '주기=연간'})",frozenset({'표준=N'}),0.06428370332523488,0.9968718392542465,0.06428370332523488,1.0,1.0031379768417308,1.0,0.00020108975733366952,inf,0.003343065368071574,0.06448542409757016,1.0,0.532242712048785,국가중점=N AND 조회수=L1(하) AND 주기=연간 AND 형식=CSV,표준=N,BR,0.06448542409757016,2084,[]
"frozenset({'조회수=L1(하)', '형식=CSV', '주기=연간', '유형=FILE'})",frozenset({'표준=N'}),0.06428370332523488,0.9968718392542465,0.06428370332523488,1.0,1.0031379768417308,1.0,0.00020108975733366952,inf,0.003343065368071574,0.06448542409757016,1.0,0.532242712048785,유형=FILE AND 조회수=L1(하) AND 주기=연간 AND 형식=CSV,표준=N,BR,0.06448542409757016,2084,[]
"frozenset({'조회수=L1(하)', '국가중점=N', '다운로드=L2(중)'})",frozenset({'표준=N'}),0.06428370332523488,0.9968718392542465,0.06427327612274902,0.9998377939983778,1.002975261841432,1.0,0.0001906625548478147,19.285110997553666,0.0031702300455623603,0.06447428977867034,0.9481465260880868,0.5321563790865711,국가중점=N AND 다운로드=L2(중) AND 조회수=L1(하),표준=N,BR,0.06445404941886439,2087,[]
"frozenset({'도메인=공공행정', '주기=연간', '유형=FILE'})",frozenset({'국가중점=N'}),0.06247979729518367,0.9609709810954818,0.062292107650438466,0.9969959946595461,1.0374881388436898,1.0,0.002250835545038979,12.992326737548812,0.03854163234448309,0.06480939052702381,0.9230314923415585,0.5309090216353286,도메인=공공행정 AND 유형=FILE AND 주기=연간,국가중점=N,BR,0.0644331820079809,2089,['공공행정']
"frozenset({'도메인=공공행정', '표준=N', '주기=연간', '유형=FILE'})",frozenset({'국가중점=N'}),0.06247979729518367,0.9609709810954818,0.062292107650438466,0.9969959946595461,1.0374881388436898,1.0,0.002250835545038979,12.992326737548812,0.03854163234448309,0.06480939052702381,0.9230314923415585,0.5309090216353286,도메인=공공행정 AND 유형=FILE AND 주기=연간 AND 표준=N,국가중점=N,BR,0.0644331820079809,2089,['공공행정']
"frozenset({'도메인=공공행정', '주기=연간'})",frozenset({'국가중점=N'}),0.06247979729518367,0.9609709810954818,0.062292107650438466,0.9969959946595461,1.0374881388436898,1.0,0.002250835545038979,12.992326737548812,0.03854163234448309,0.06480939052702381,0.9230314923415585,0.5309090216353286,도메인=공공행정 AND 주기=연간,국가중점=N,BR,0.0644331820079809,2089,['공공행정']
"frozenset({'도메인=공공행정', '표준=N', '주기=연간'})",frozenset({'국가중점=N'}),0.06247979729518367,0.9609709810954818,0.062292107650438466,0.9969959946595461,1.0374881388436898,1.0,0.002250835545038979,12.992326737548812,0.03854163234448309,0.06480939052702381,0.9230314923415585,0.5309090216353286,도메인=공공행정 AND 주기=연간 AND 표준=N,국가중점=N,BR,0.0644331820079809,2089,['공공행정']
"frozenset({'형식=CSV', '다운로드=L3(상)', '주기=수시'})","frozenset({'표준=N', '유형=FILE'})",0.056087922171360646,0.8711614860848983,0.056087922171360646,1.0,1.1478928028534836,1.0,0.00722628454114399,inf,0.13649418938624008,0.06438292218751122,1.0,0.5321914610937556,다운로드=L3(상) AND 주기=수시 AND 형식=CSV,유형=FILE AND 표준=N,BR,0.06438292218751122,2093,[]
"frozenset({'형식=CSV', '다운로드=L3(상)', '표준=N', '주기=수시'})",frozenset({'유형=FILE'}),0.056087922171360646,0.8711614860848983,0.056087922171360646,1.0,1.1478928028534836,1.0,0.00722628454114399,inf,0.13649418938624008,0.06438292218751122,1.0,0.5321914610937556,다운로드=L3(상) AND 주기=수시 AND 표준=N AND 형식=CSV,유형=FILE,BR,0.06438292218751122,2093,[]
"frozenset({'형식=CSV', '다운로드=L3(상)', '주기=수시'})",frozenset({'유형=FILE'}),0.056087922171360646,0.8711614860848983,0.056087922171360646,1.0,1.1478928028534836,1.0,0.00722628454114399,inf,0.13649418938624008,0.06438292218751122,1.0,0.5321914610937556,다운로드=L3(상) AND 주기=수시 AND 형식=CSV,유형=FILE,BR,0.06438292218751122,2093,[]
"frozenset({'조회수=L1(하)', '유형=FILE', '다운로드=L2(중)'})",frozenset({'표준=N'}),0.0640125960606029,0.9968718392542465,0.0640125960606029,1.0,1.0031379768417308,1.0,0.00020024169023055705,inf,0.0033420970544985047,0.06421346610462014,1.0,0.53210673305231,다운로드=L2(중) AND 유형=FILE AND 조회수=L1(하),표준=N,BR,0.06421346610462014,2095,[]
"frozenset({'조회수=L1(하)', '국가중점=N', '유형=FILE', '다운로드=L2(중)'})",frozenset({'표준=N'}),0.06400216885811706,0.9968718392542465,0.06400216885811706,1.0,1.0031379768417308,1.0,0.00020020907226504792,inf,0.0033420598228707894,0.06420300618181439,1.0,0.5321015030909072,국가중점=N AND 다운로드=L2(중) AND 유형=FILE AND 조회수=L1(하),표준=N,BR,0.06420300618181438,2096,[]
"frozenset({'도메인=교통물류', '유형=FILE'})",frozenset({'형식=CSV'}),0.0717600075075858,0.6992794803082281,0.061374513831684095,0.8552746294681778,1.2230798322455998,1.0,0.011194213074864956,2.0778700969063992,0.1964921607737564,0.08648378612674297,0.5187379608143778,0.4715214237062494,도메인=교통물류 AND 유형=FILE,형식=CSV,BI,0.06420198553606331,2098,['교통물류']
"frozenset({'표준=N', '도메인=교통물류', '유형=FILE'})",frozenset({'형식=CSV'}),0.0717600075075858,0.6992794803082281,0.061374513831684095,0.8552746294681778,1.2230798322455998,1.0,0.011194213074864956,2.0778700969063992,0.1964921607737564,0.08648378612674297,0.5187379608143778,0.4715214237062494,도메인=교통물류 AND 유형=FILE AND 표준=N,형식=CSV,BI,0.06420198553606331,2098,['교통물류']
"frozenset({'도메인=교통물류', '유형=FILE'})","frozenset({'형식=CSV', '표준=N'})",0.0717600075075858,0.6992794803082281,0.061374513831684095,0.8552746294681778,1.2230798322455998,1.0,0.011194213074864956,2.0778700969063992,0.1964921607737564,0.08648378612674297,0.5187379608143778,0.4715214237062494,도메인=교통물류 AND 유형=FILE,표준=N AND 형식=CSV,BI,0.06420198553606331,2098,['교통물류']
"frozenset({'도메인=환경기상', '표준=N', '국가중점=N'})",frozenset({'유형=FILE'}),0.07662951106847544,0.8711614860848983,0.068986371646351,0.900258538576677,1.0334002971395628,1.0,0.0022296929059787696,1.2917247459237133,0.035003039496951584,0.07850023730422402,0.22584126134016322,0.48972374904224947,국가중점=N AND 도메인=환경기상 AND 표준=N,유형=FILE,BI,0.06417991461608315,2100,['환경기상']
"frozenset({'다운로드=L1(하)', '표준=N', '주기=연간', '형식=CSV'})","frozenset({'국가중점=N', '유형=FILE'})",0.05468024983577156,0.8547803509796357,0.05461768662085649,0.9988558352402745,1.1685526393950432,1.0,0.007878083474581507,126.92197324379268,0.152583841768407,0.06389207386987387,0.9921211436093954,0.5313762927543229,다운로드=L1(하) AND 주기=연간 AND 표준=N AND 형식=CSV,국가중점=N AND 유형=FILE,BR,0.06375061709660142,2102,[]
"frozenset({'다운로드=L1(하)', '주기=연간', '형식=CSV'})","frozenset({'국가중점=N', '유형=FILE'})",0.05468024983577156,0.8547803509796357,0.05461768662085649,0.9988558352402745,1.1685526393950432,1.0,0.007878083474581507,126.92197324379268,0.152583841768407,0.06389207386987387,0.9921211436093954,0.5313762927543229,다운로드=L1(하) AND 주기=연간 AND 형식=CSV,국가중점=N AND 유형=FILE,BR,0.06375061709660142,2102,[]
"frozenset({'다운로드=L1(하)', '주기=연간', '형식=CSV'})","frozenset({'국가중점=N', '표준=N', '유형=FILE'})",0.05468024983577156,0.8547803509796357,0.05461768662085649,0.9988558352402745,1.1685526393950432,1.0,0.007878083474581507,126.92197324379268,0.152583841768407,0.06389207386987387,0.9921211436093954,0.5313762927543229,다운로드=L1(하) AND 주기=연간 AND 형식=CSV,국가중점=N AND 유형=FILE AND 표준=N,BR,0.06375061709660142,2102,[]
"frozenset({'조회수=L1(하)', '다운로드=L1(하)', '표준=N', '형식=CSV'})","frozenset({'국가중점=N', '유형=FILE'})",0.05455512340594142,0.8547803509796357,0.05452384179848389,0.9994266055045872,1.1692203784974435,1.0,0.007891194265815943,253.26306789152304,0.15308057091252344,0.06378462777052661,0.996051536418929,0.5316067837711284,다운로드=L1(하) AND 조회수=L1(하) AND 표준=N AND 형식=CSV,국가중점=N AND 유형=FILE,BR,0.0637138328238035,2105,[]
"frozenset({'조회수=L1(하)', '다운로드=L1(하)', '형식=CSV'})","frozenset({'국가중점=N', '표준=N', '유형=FILE'})",0.05455512340594142,0.8547803509796357,0.05452384179848389,0.9994266055045872,1.1692203784974435,1.0,0.007891194265815943,253.26306789152304,0.15308057091252344,0.06378462777052661,0.996051536418929,0.5316067837711284,다운로드=L1(하) AND 조회수=L1(하) AND 형식=CSV,국가중점=N AND 유형=FILE AND 표준=N,BR,0.0637138328238035,2105,[]
"frozenset({'조회수=L1(하)', '다운로드=L1(하)', '형식=CSV'})","frozenset({'국가중점=N', '유형=FILE'})",0.05455512340594142,0.8547803509796357,0.05452384179848389,0.9994266055045872,1.1692203784974435,1.0,0.007891194265815943,253.26306789152304,0.15308057091252344,0.06378462777052661,0.996051536418929,0.5316067837711284,다운로드=L1(하) AND 조회수=L1(하) AND 형식=CSV,국가중점=N AND 유형=FILE,BR,0.0637138328238035,2105,[]
"frozenset({'다운로드=L3(상)', '주기=연간', '조회수=L3(상)'})","frozenset({'표준=N', '유형=FILE'})",0.05544143561723825,0.8711614860848983,0.05544143561723825,1.0,1.1478928028534836,1.0,0.007142992174244765,inf,0.1364007683306471,0.06364082492489258,1.0,0.5318204124624463,다운로드=L3(상) AND 조회수=L3(상) AND 주기=연간,유형=FILE AND 표준=N,BR,0.06364082492489258,2108,[]
"frozenset({'다운로드=L3(상)', '표준=N', '주기=연간', '조회수=L3(상)'})",frozenset({'유형=FILE'}),0.05544143561723825,0.8711614860848983,0.05544143561723825,1.0,1.1478928028534836,1.0,0.007142992174244765,inf,0.1364007683306471,0.06364082492489258,1.0,0.5318204124624463,다운로드=L3(상) AND 조회수=L3(상) AND 주기=연간 AND 표준=N,유형=FILE,BR,0.06364082492489258,2108,[]
"frozenset({'다운로드=L3(상)', '주기=연간', '조회수=L3(상)'})",frozenset({'유형=FILE'}),0.05544143561723825,0.8711614860848983,0.05544143561723825,1.0,1.1478928028534836,1.0,0.007142992174244765,inf,0.1364007683306471,0.06364082492489258,1.0,0.5318204124624463,다운로드=L3(상) AND 조회수=L3(상) AND 주기=연간,유형=FILE,BR,0.06364082492489258,2108,[]
"frozenset({'조회수=L4(최대)', '다운로드=L4(최대)', '주기=연간'})","frozenset({'형식=CSV', '유형=FILE'})",0.05913266529722741,0.6992794803082281,0.05378351042198889,0.909539763710104,1.3006813288861236,1.0,0.012433250963703311,3.324339312226196,0.2457011358012078,0.07632887415650529,0.6991883480960509,0.49322625869474007,다운로드=L4(최대) AND 조회수=L4(최대) AND 주기=연간,유형=FILE AND 형식=CSV,BI,0.06362704317982781,2114,[]
"frozenset({'조회수=L4(최대)', '다운로드=L4(최대)', '주기=연간'})","frozenset({'형식=CSV', '표준=N', '유형=FILE'})",0.05913266529722741,0.6992794803082281,0.05378351042198889,0.909539763710104,1.3006813288861236,1.0,0.012433250963703311,3.324339312226196,0.2457011358012078,0.07632887415650529,0.6991883480960509,0.49322625869474007,다운로드=L4(최대) AND 조회수=L4(최대) AND 주기=연간,유형=FILE AND 표준=N AND 형식=CSV,BI,0.06362704317982781,2114,[]
"frozenset({'조회수=L4(최대)', '다운로드=L4(최대)', '주기=연간'})","frozenset({'형식=CSV', '표준=N'})",0.05913266529722741,0.6992794803082281,0.05378351042198889,0.909539763710104,1.3006813288861236,1.0,0.012433250963703311,3.324339312226196,0.2457011358012078,0.07632887415650529,0.6991883480960509,0.49322625869474007,다운로드=L4(최대) AND 조회수=L4(최대) AND 주기=연간,표준=N AND 형식=CSV,BI,0.06362704317982781,2114,[]
"frozenset({'조회수=L4(최대)', '다운로드=L4(최대)', '주기=연간', '유형=FILE'})",frozenset({'형식=CSV'}),0.05913266529722741,0.6992794803082281,0.05378351042198889,0.909539763710104,1.3006813288861236,1.0,0.012433250963703311,3.324339312226196,0.2457011358012078,0.07632887415650529,0.6991883480960509,0.49322625869474007,다운로드=L4(최대) AND 유형=FILE AND 조회수=L4(최대) AND 주기=연간,형식=CSV,BI,0.06362704317982781,2114,[]
"frozenset({'조회수=L4(최대)', '다운로드=L4(최대)', '주기=연간', '유형=FILE'})","frozenset({'형식=CSV', '표준=N'})",0.05913266529722741,0.6992794803082281,0.05378351042198889,0.909539763710104,1.3006813288861236,1.0,0.012433250963703311,3.324339312226196,0.2457011358012078,0.07632887415650529,0.6991883480960509,0.49322625869474007,다운로드=L4(최대) AND 유형=FILE AND 조회수=L4(최대) AND 주기=연간,표준=N AND 형식=CSV,BI,0.06362704317982781,2114,[]
"frozenset({'조회수=L4(최대)', '표준=N', '다운로드=L4(최대)', '주기=연간'})","frozenset({'형식=CSV', '유형=FILE'})",0.05913266529722741,0.6992794803082281,0.05378351042198889,0.909539763710104,1.3006813288861236,1.0,0.012433250963703311,3.324339312226196,0.2457011358012078,0.07632887415650529,0.6991883480960509,0.49322625869474007,다운로드=L4(최대) AND 조회수=L4(최대) AND 주기=연간 AND 표준=N,유형=FILE AND 형식=CSV,BI,0.06362704317982781,2114,[]
"frozenset({'다운로드=L4(최대)', '주기=연간', '조회수=L4(최대)', '표준=N', '유형=FILE'})",frozenset({'형식=CSV'}),0.05913266529722741,0.6992794803082281,0.05378351042198889,0.909539763710104,1.3006813288861236,1.0,0.012433250963703311,3.324339312226196,0.2457011358012078,0.07632887415650529,0.6991883480960509,0.49322625869474007,다운로드=L4(최대) AND 유형=FILE AND 조회수=L4(최대) AND 주기=연간 AND 표준=N,형식=CSV,BI,0.06362704317982781,2114,[]
"frozenset({'조회수=L4(최대)', '표준=N', '다운로드=L4(최대)', '주기=연간'})",frozenset({'형식=CSV'}),0.05913266529722741,0.6992794803082281,0.05378351042198889,0.909539763710104,1.3006813288861236,1.0,0.012433250963703311,3.324339312226196,0.2457011358012078,0.07632887415650529,0.6991883480960509,0.49322625869474007,다운로드=L4(최대) AND 조회수=L4(최대) AND 주기=연간 AND 표준=N,형식=CSV,BI,0.06362704317982781,2114,[]
"frozenset({'조회수=L4(최대)', '다운로드=L4(최대)', '주기=연간'})",frozenset({'형식=CSV'}),0.05913266529722741,0.6992794803082281,0.05378351042198889,0.909539763710104,1.3006813288861236,1.0,0.012433250963703311,3.324339312226196,0.2457011358012078,0.07632887415650529,0.6991883480960509,0.49322625869474007,다운로드=L4(최대) AND 조회수=L4(최대) AND 주기=연간,형식=CSV,BI,0.06362704317982781,2114,[]
"frozenset({'도메인=환경기상', '국가중점=N'})",frozenset({'유형=FILE'}),0.07697360875050832,0.8711614860848983,0.068986371646351,0.8962340829043621,1.0287806534379096,1.0,0.0019299282579406385,1.2416265139964522,0.03030845111839033,0.07846951241208355,0.19460482783886696,0.48771152120609207,국가중점=N AND 도메인=환경기상,유형=FILE,BI,0.06360738596806519,2119,['환경기상']
"frozenset({'도메인=환경기상', '국가중점=N'})","frozenset({'표준=N', '유형=FILE'})",0.07697360875050832,0.8711614860848983,0.068986371646351,0.8962340829043621,1.0287806534379096,1.0,0.0019299282579406385,1.2416265139964522,0.03030845111839033,0.07846951241208355,0.19460482783886696,0.48771152120609207,국가중점=N AND 도메인=환경기상,유형=FILE AND 표준=N,BI,0.06360738596806519,2119,['환경기상']
"frozenset({'형식=CSV', '주기=연간', '조회수=L0(최소)'})",frozenset({'표준=N'}),0.06340781831642389,0.9968718392542465,0.06340781831642389,1.0,1.0031379768417308,1.0,0.00019834984823130508,inf,0.0033399389904477193,0.06360679058188552,1.0,0.5318033952909428,조회수=L0(최소) AND 주기=연간 AND 형식=CSV,표준=N,BR,0.06360679058188551,2121,[]
"frozenset({'형식=CSV', '주기=연간', '유형=FILE', '조회수=L0(최소)'})",frozenset({'표준=N'}),0.06340781831642389,0.9968718392542465,0.06340781831642389,1.0,1.0031379768417308,1.0,0.00019834984823130508,inf,0.0033399389904477193,0.06360679058188552,1.0,0.5318033952909428,유형=FILE AND 조회수=L0(최소) AND 주기=연간 AND 형식=CSV,표준=N,BR,0.06360679058188551,2121,[]
"frozenset({'형식=CSV', '국가중점=N', '주기=연간', '조회수=L0(최소)'})",frozenset({'표준=N'}),0.06339739111393804,0.9968718392542465,0.06339739111393804,1.0,1.0031379768417308,1.0,0.00019831723026580983,inf,0.003339901806886974,0.06359633065907974,1.0,0.5317981653295398,국가중점=N AND 조회수=L0(최소) AND 주기=연간 AND 형식=CSV,표준=N,BR,0.06359633065907973,2123,[]
"frozenset({'국가중점=N', '형식=CSV', '주기=연간', '조회수=L0(최소)', '유형=FILE'})",frozenset({'표준=N'}),0.06339739111393804,0.9968718392542465,0.06339739111393804,1.0,1.0031379768417308,1.0,0.00019831723026580983,inf,0.003339901806886974,0.06359633065907974,1.0,0.5317981653295398,국가중점=N AND 유형=FILE AND 조회수=L0(최소) AND 주기=연간 AND 형식=CSV,표준=N,BR,0.06359633065907973,2123,[]
"frozenset({'다운로드=L3(상)', '국가중점=N', '주기=연간', '조회수=L3(상)'})",frozenset({'유형=FILE'}),0.055368445199837336,0.8711614860848983,0.055368445199837336,1.0,1.1478928028534836,1.0,0.007133588197336789,inf,0.13639022882562668,0.0635570397500808,1.0,0.5317785198750404,국가중점=N AND 다운로드=L3(상) AND 조회수=L3(상) AND 주기=연간,유형=FILE,BR,0.06355703975008078,2126,[]
"frozenset({'다운로드=L3(상)', '국가중점=N', '주기=연간', '조회수=L3(상)'})","frozenset({'표준=N', '유형=FILE'})",0.055368445199837336,0.8711614860848983,0.055368445199837336,1.0,1.1478928028534836,1.0,0.007133588197336789,inf,0.13639022882562668,0.0635570397500808,1.0,0.5317785198750404,국가중점=N AND 다운로드=L3(상) AND 조회수=L3(상) AND 주기=연간,유형=FILE AND 표준=N,BR,0.06355703975008078,2126,[]
"frozenset({'다운로드=L3(상)', '국가중점=N', '조회수=L3(상)', '주기=연간', '표준=N'})",frozenset({'유형=FILE'}),0.055368445199837336,0.8711614860848983,0.055368445199837336,1.0,1.1478928028534836,1.0,0.007133588197336789,inf,0.13639022882562668,0.0635570397500808,1.0,0.5317785198750404,국가중점=N AND 다운로드=L3(상) AND 조회수=L3(상) AND 주기=연간 AND 표준=N,유형=FILE,BR,0.06355703975008078,2126,[]
"frozenset({'조회수=L4(최대)', '국가중점=N', '다운로드=L4(최대)'})",frozenset({'형식=CSV'}),0.09646205019655277,0.6992794803082281,0.0744919345588772,0.7722408388282348,1.1043379086253853,1.0,0.0070380022279655785,1.320344341560789,0.10456678337088571,0.10328176955327456,0.24262181574702513,0.4393837688020064,국가중점=N AND 다운로드=L4(최대) AND 조회수=L4(최대),형식=CSV,BI,0.06352782672372466,2129,[]
"frozenset({'조회수=L4(최대)', '국가중점=N', '다운로드=L4(최대)'})","frozenset({'형식=CSV', '표준=N', '유형=FILE'})",0.09646205019655277,0.6992794803082281,0.0744919345588772,0.7722408388282348,1.1043379086253853,1.0,0.0070380022279655785,1.320344341560789,0.10456678337088571,0.10328176955327456,0.24262181574702513,0.4393837688020064,국가중점=N AND 다운로드=L4(최대) AND 조회수=L4(최대),유형=FILE AND 표준=N AND 형식=CSV,BI,0.06352782672372466,2129,[]
"frozenset({'조회수=L4(최대)', '국가중점=N', '다운로드=L4(최대)'})","frozenset({'형식=CSV', '표준=N'})",0.09646205019655277,0.6992794803082281,0.0744919345588772,0.7722408388282348,1.1043379086253853,1.0,0.0070380022279655785,1.320344341560789,0.10456678337088571,0.10328176955327456,0.24262181574702513,0.4393837688020064,국가중점=N AND 다운로드=L4(최대) AND 조회수=L4(최대),표준=N AND 형식=CSV,BI,0.06352782672372466,2129,[]
"frozenset({'조회수=L4(최대)', '국가중점=N', '다운로드=L4(최대)'})","frozenset({'형식=CSV', '유형=FILE'})",0.09646205019655277,0.6992794803082281,0.0744919345588772,0.7722408388282348,1.1043379086253853,1.0,0.0070380022279655785,1.320344341560789,0.10456678337088571,0.10328176955327456,0.24262181574702513,0.4393837688020064,국가중점=N AND 다운로드=L4(최대) AND 조회수=L4(최대),유형=FILE AND 형식=CSV,BI,0.06352782672372466,2129,[]
"frozenset({'다운로드=L1(하)', '유형=FILE', '조회수=L0(최소)'})","frozenset({'국가중점=N', '표준=N'})",0.06071760007507586,0.9578428203497283,0.06071760007507586,1.0,1.04401262791204,1.0,0.0025596827742983205,inf,0.04488232682060393,0.06338994121489223,1.0,0.5316949706074461,다운로드=L1(하) AND 유형=FILE AND 조회수=L0(최소),국가중점=N AND 표준=N,BR,0.06338994121489223,2132,[]
"frozenset({'형식=CSV', '다운로드=L3(상)', '주기=연간', '조회수=L3(상)'})","frozenset({'국가중점=N', '유형=FILE'})",0.054294443343795296,0.8547803509796357,0.054221452926394374,0.998655655847897,1.1683184512879485,1.0,0.007811629588741091,108.02267320699634,0.15234021006778348,0.06342778380883841,0.9907426841947915,0.5310444279044305,다운로드=L3(상) AND 조회수=L3(상) AND 주기=연간 AND 형식=CSV,국가중점=N AND 유형=FILE,BR,0.06326276249849182,2134,[]
"frozenset({'다운로드=L3(상)', '형식=CSV', '조회수=L3(상)', '주기=연간', '표준=N'})","frozenset({'국가중점=N', '유형=FILE'})",0.054294443343795296,0.8547803509796357,0.054221452926394374,0.998655655847897,1.1683184512879485,1.0,0.007811629588741091,108.02267320699634,0.15234021006778348,0.06342778380883841,0.9907426841947915,0.5310444279044305,다운로드=L3(상) AND 조회수=L3(상) AND 주기=연간 AND 표준=N AND 형식=CSV,국가중점=N AND 유형=FILE,BR,0.06326276249849182,2134,[]
"frozenset({'형식=CSV', '다운로드=L3(상)', '주기=연간', '조회수=L3(상)'})","frozenset({'국가중점=N', '표준=N', '유형=FILE'})",0.054294443343795296,0.8547803509796357,0.054221452926394374,0.998655655847897,1.1683184512879485,1.0,0.007811629588741091,108.02267320699634,0.15234021006778348,0.06342778380883841,0.9907426841947915,0.5310444279044305,다운로드=L3(상) AND 조회수=L3(상) AND 주기=연간 AND 형식=CSV,국가중점=N AND 유형=FILE AND 표준=N,BR,0.06326276249849182,2134,[]
"frozenset({'도메인=환경기상', '표준=N'})",frozenset({'유형=FILE'}),0.07801632899909283,0.8711614860848983,0.06947645016318572,0.8905372894947876,1.022241345283716,1.0,0.0015116290534476634,1.1770082553269743,0.023598499017030733,0.07897731313562335,0.15038828701995913,0.4851444033024586,도메인=환경기상 AND 표준=N,유형=FILE,BI,0.06324747210676097,2136,['환경기상']
"frozenset({'다운로드=L1(하)', '유형=FILE', '조회수=L0(최소)'})",frozenset({'국가중점=N'}),0.06071760007507586,0.9609709810954818,0.06071760007507586,1.0,1.0406141493055556,1.0,0.002369748361167108,inf,0.04155195381882775,0.06318359375000002,1.0,0.531591796875,다운로드=L1(하) AND 유형=FILE AND 조회수=L0(최소),국가중점=N,BR,0.06318359375,2137,[]
"frozenset({'다운로드=L1(하)', '표준=N', '유형=FILE', '조회수=L0(최소)'})",frozenset({'국가중점=N'}),0.06071760007507586,0.9609709810954818,0.06071760007507586,1.0,1.0406141493055556,1.0,0.002369748361167108,inf,0.04155195381882775,0.06318359375000002,1.0,0.531591796875,다운로드=L1(하) AND 유형=FILE AND 조회수=L0(최소) AND 표준=N,국가중점=N,BR,0.06318359375,2137,[]
"frozenset({'도메인=환경기상', '표준=N'})","frozenset({'국가중점=N', '유형=FILE'})",0.07801632899909283,0.8547803509796357,0.068986371646351,0.884255546645282,1.034482771663932,1.0,0.0022995465623637107,1.2546575219057348,0.03615394346987929,0.07986287149030685,0.20296974868402992,0.4824810474516544,도메인=환경기상 AND 표준=N,국가중점=N AND 유형=FILE,BI,0.0631050853865743,2139,['환경기상']
"frozenset({'조회수=L4(최대)', '국가중점=N', '다운로드=L4(최대)', '주기=연간'})","frozenset({'표준=N', '유형=FILE'})",0.05494092989791769,0.8711614860848983,0.05494092989791769,1.0,1.1478928028534836,1.0,0.007078507761161493,inf,0.13632853013217988,0.0630662980118975,1.0,0.5315331490059487,국가중점=N AND 다운로드=L4(최대) AND 조회수=L4(최대) AND 주기=연간,유형=FILE AND 표준=N,BR,0.06306629801189749,2141,[]
"frozenset({'조회수=L4(최대)', '국가중점=N', '다운로드=L4(최대)', '주기=연간'})",frozenset({'유형=FILE'}),0.05494092989791769,0.8711614860848983,0.05494092989791769,1.0,1.1478928028534836,1.0,0.007078507761161493,inf,0.13632853013217988,0.0630662980118975,1.0,0.5315331490059487,국가중점=N AND 다운로드=L4(최대) AND 조회수=L4(최대) AND 주기=연간,유형=FILE,BR,0.06306629801189749,2141,[]
"frozenset({'국가중점=N', '다운로드=L4(최대)', '주기=연간', '조회수=L4(최대)', '표준=N'})",frozenset({'유형=FILE'}),0.05494092989791769,0.8711614860848983,0.05494092989791769,1.0,1.1478928028534836,1.0,0.007078507761161493,inf,0.13632853013217988,0.0630662980118975,1.0,0.5315331490059487,국가중점=N AND 다운로드=L4(최대) AND 조회수=L4(최대) AND 주기=연간 AND 표준=N,유형=FILE,BR,0.06306629801189749,2141,[]
"frozenset({'다운로드=L1(하)', '조회수=L0(최소)'})",frozenset({'표준=N'}),0.06260492372501382,0.9968718392542465,0.06260492372501382,1.0,1.0031379768417308,1.0,0.00019583826488748374,inf,0.0033370782767328144,0.06280137652584124,1.0,0.5314006882629206,다운로드=L1(하) AND 조회수=L0(최소),표준=N,BR,0.06280137652584124,2143,[]
"frozenset({'다운로드=L1(하)', '표준=N', '주기=연간', '형식=CSV'})",frozenset({'유형=FILE'}),0.05468024983577156,0.8711614860848983,0.05468024983577156,1.0,1.1478928028534836,1.0,0.007044922129347292,inf,0.1362909363659427,0.06276706524471255,1.0,0.5313835326223563,다운로드=L1(하) AND 주기=연간 AND 표준=N AND 형식=CSV,유형=FILE,BR,0.06276706524471255,2145,[]
"frozenset({'다운로드=L1(하)', '주기=연간', '형식=CSV'})","frozenset({'표준=N', '유형=FILE'})",0.05468024983577156,0.8711614860848983,0.05468024983577156,1.0,1.1478928028534836,1.0,0.007044922129347292,inf,0.1362909363659427,0.06276706524471255,1.0,0.5313835326223563,다운로드=L1(하) AND 주기=연간 AND 형식=CSV,유형=FILE AND 표준=N,BR,0.06276706524471255,2145,[]
"frozenset({'형식=CSV', '다운로드=L1(하)', '주기=연간'})",frozenset({'유형=FILE'}),0.05468024983577156,0.8711614860848983,0.05468024983577156,1.0,1.1478928028534836,1.0,0.007044922129347292,inf,0.1362909363659427,0.06276706524471255,1.0,0.5313835326223563,다운로드=L1(하) AND 주기=연간 AND 형식=CSV,유형=FILE,BR,0.06276706524471255,2145,[]
"frozenset({'다운로드=L2(중)', '형식=CSV', '조회수=L2(중)'})","frozenset({'국가중점=N', '표준=N'})",0.06083229930242015,0.9578428203497283,0.06059247364524572,0.9960575934178951,1.0398967056559592,1.0,0.0023246925130567878,10.693260264334201,0.04085109349395552,0.06324347267720906,0.9064831515103627,0.5296584505299796,다운로드=L2(중) AND 조회수=L2(중) AND 형식=CSV,국가중점=N AND 표준=N,BR,0.06276150303260467,2147,[]
"frozenset({'형식=CSV', '조회수=L2(중)', '유형=FILE', '다운로드=L2(중)'})","frozenset({'국가중점=N', '표준=N'})",0.06083229930242015,0.9578428203497283,0.06059247364524572,0.9960575934178951,1.0398967056559592,1.0,0.0023246925130567878,10.693260264334201,0.04085109349395552,0.06324347267720906,0.9064831515103627,0.5296584505299796,다운로드=L2(중) AND 유형=FILE AND 조회수=L2(중) AND 형식=CSV,국가중점=N AND 표준=N,BR,0.06276150303260467,2147,[]
"frozenset({'다운로드=L0(최소)', '주기=수시', '유형=FILE', '조회수=L0(최소)'})",frozenset({'표준=N'}),0.06250065170015537,0.9968718392542465,0.06250065170015537,1.0,1.0031379768417308,1.0,0.000195512085232441,inf,0.0033367071149718367,0.06269677729778356,1.0,0.5313483886488918,다운로드=L0(최소) AND 유형=FILE AND 조회수=L0(최소) AND 주기=수시,표준=N,BR,0.06269677729778354,2149,[]
"frozenset({'다운로드=L0(최소)', '주기=수시', '조회수=L0(최소)'})",frozenset({'표준=N'}),0.06250065170015537,0.9968718392542465,0.06250065170015537,1.0,1.0031379768417308,1.0,0.000195512085232441,inf,0.0033367071149718367,0.06269677729778356,1.0,0.5313483886488918,다운로드=L0(최소) AND 조회수=L0(최소) AND 주기=수시,표준=N,BR,0.06269677729778354,2149,[]
"frozenset({'다운로드=L1(하)', '국가중점=N', '형식=CSV', '주기=연간', '표준=N'})",frozenset({'유형=FILE'}),0.05461768662085649,0.8711614860848983,0.05461768662085649,1.0,1.1478928028534836,1.0,0.007036861577711884,inf,0.1362819169470027,0.06269524938058817,1.0,0.5313476246902941,국가중점=N AND 다운로드=L1(하) AND 주기=연간 AND 표준=N AND 형식=CSV,유형=FILE,BR,0.06269524938058817,2152,[]
"frozenset({'다운로드=L1(하)', '국가중점=N', '주기=연간', '형식=CSV'})","frozenset({'표준=N', '유형=FILE'})",0.05461768662085649,0.8711614860848983,0.05461768662085649,1.0,1.1478928028534836,1.0,0.007036861577711884,inf,0.1362819169470027,0.06269524938058817,1.0,0.5313476246902941,국가중점=N AND 다운로드=L1(하) AND 주기=연간 AND 형식=CSV,유형=FILE AND 표준=N,BR,0.06269524938058817,2152,[]
"frozenset({'다운로드=L1(하)', '국가중점=N', '주기=연간', '형식=CSV'})",frozenset({'유형=FILE'}),0.05461768662085649,0.8711614860848983,0.05461768662085649,1.0,1.1478928028534836,1.0,0.007036861577711884,inf,0.1362819169470027,0.06269524938058817,1.0,0.5313476246902941,국가중점=N AND 다운로드=L1(하) AND 주기=연간 AND 형식=CSV,유형=FILE,BR,0.06269524938058817,2152,[]
frozenset({'도메인=환경기상'}),"frozenset({'표준=N', '유형=FILE'})",0.07836042668112572,0.8711614860848983,0.06947645016318572,0.886626746506986,1.0177524611327693,1.0,0.0012118644054095185,1.1364101315398936,0.01892584569972546,0.07894643301460919,0.12003600439134672,0.4831891318085578,도메인=환경기상,유형=FILE AND 표준=N,BI,0.06269322487369357,2154,['환경기상']
frozenset({'도메인=환경기상'}),frozenset({'유형=FILE'}),0.07836042668112572,0.8711614860848983,0.06947645016318572,0.886626746506986,1.0177524611327693,1.0,0.0012118644054095185,1.1364101315398936,0.01892584569972546,0.07894643301460919,0.12003600439134672,0.4831891318085578,도메인=환경기상,유형=FILE,BI,0.06269322487369357,2154,['환경기상']
"frozenset({'다운로드=L0(최소)', '국가중점=N', '주기=수시', '조회수=L0(최소)', '유형=FILE'})",frozenset({'표준=N'}),0.06247979729518367,0.9968718392542465,0.06247979729518367,1.0,1.0031379768417308,1.0,0.0001954468493014297,inf,0.003336632892527039,0.062675857452172,1.0,0.531337928726086,국가중점=N AND 다운로드=L0(최소) AND 유형=FILE AND 조회수=L0(최소) AND 주기=수시,표준=N,BR,0.062675857452172,2157,[]
"frozenset({'다운로드=L0(최소)', '국가중점=N', '주기=수시', '조회수=L0(최소)'})",frozenset({'표준=N'}),0.06247979729518367,0.9968718392542465,0.06247979729518367,1.0,1.0031379768417308,1.0,0.0001954468493014297,inf,0.003336632892527039,0.062675857452172,1.0,0.531337928726086,국가중점=N AND 다운로드=L0(최소) AND 조회수=L0(최소) AND 주기=수시,표준=N,BR,0.062675857452172,2157,[]
"frozenset({'도메인=공공행정', '주기=연간'})",frozenset({'표준=N'}),0.06247979729518367,0.9968718392542465,0.06247979729518367,1.0,1.0031379768417308,1.0,0.0001954468493014297,inf,0.003336632892527039,0.062675857452172,1.0,0.531337928726086,도메인=공공행정 AND 주기=연간,표준=N,BR,0.062675857452172,2157,['공공행정']
"frozenset({'도메인=공공행정', '주기=연간', '유형=FILE'})",frozenset({'표준=N'}),0.06247979729518367,0.9968718392542465,0.06247979729518367,1.0,1.0031379768417308,1.0,0.0001954468493014297,inf,0.003336632892527039,0.062675857452172,1.0,0.531337928726086,도메인=공공행정 AND 유형=FILE AND 주기=연간,표준=N,BR,0.062675857452172,2157,['공공행정']
"frozenset({'다운로드=L3(상)', '국가중점=N', '형식=CSV', '주기=수시', '표준=N'})",frozenset({'유형=FILE'}),0.0545968322158848,0.8711614860848983,0.0545968322158848,1.0,1.1478928028534836,1.0,0.007034174727166748,inf,0.13627891073929876,0.06267131075921338,1.0,0.5313356553796067,국가중점=N AND 다운로드=L3(상) AND 주기=수시 AND 표준=N AND 형식=CSV,유형=FILE,BR,0.06267131075921338,2161,[]
"frozenset({'형식=CSV', '다운로드=L3(상)', '국가중점=N', '주기=수시'})","frozenset({'표준=N', '유형=FILE'})",0.0545968322158848,0.8711614860848983,0.0545968322158848,1.0,1.1478928028534836,1.0,0.007034174727166748,inf,0.13627891073929876,0.06267131075921338,1.0,0.5313356553796067,국가중점=N AND 다운로드=L3(상) AND 주기=수시 AND 형식=CSV,유형=FILE AND 표준=N,BR,0.06267131075921338,2161,[]
"frozenset({'형식=CSV', '다운로드=L3(상)', '국가중점=N', '주기=수시'})",frozenset({'유형=FILE'}),0.0545968322158848,0.8711614860848983,0.0545968322158848,1.0,1.1478928028534836,1.0,0.007034174727166748,inf,0.13627891073929876,0.06267131075921338,1.0,0.5313356553796067,국가중점=N AND 다운로드=L3(상) AND 주기=수시 AND 형식=CSV,유형=FILE,BR,0.06267131075921338,2161,[]
"frozenset({'조회수=L1(하)', '다운로드=L1(하)', '형식=CSV'})","frozenset({'표준=N', '유형=FILE'})",0.05455512340594142,0.8711614860848983,0.05455512340594142,1.0,1.1478928028534836,1.0,0.0070288010260764755,inf,0.13627289872175227,0.0626234335164638,1.0,0.5313117167582319,다운로드=L1(하) AND 조회수=L1(하) AND 형식=CSV,유형=FILE AND 표준=N,BR,0.06262343351646378,2164,[]
"frozenset({'조회수=L1(하)', '형식=CSV', '다운로드=L1(하)'})",frozenset({'유형=FILE'}),0.05455512340594142,0.8711614860848983,0.05455512340594142,1.0,1.1478928028534836,1.0,0.0070288010260764755,inf,0.13627289872175227,0.0626234335164638,1.0,0.5313117167582319,다운로드=L1(하) AND 조회수=L1(하) AND 형식=CSV,유형=FILE,BR,0.06262343351646378,2164,[]
"frozenset({'조회수=L1(하)', '다운로드=L1(하)', '표준=N', '형식=CSV'})",frozenset({'유형=FILE'}),0.05455512340594142,0.8711614860848983,0.05455512340594142,1.0,1.1478928028534836,1.0,0.0070288010260764755,inf,0.13627289872175227,0.0626234335164638,1.0,0.5313117167582319,다운로드=L1(하) AND 조회수=L1(하) AND 표준=N AND 형식=CSV,유형=FILE,BR,0.06262343351646378,2164,[]
"frozenset({'다운로드=L1(하)', '국가중점=N', '조회수=L1(하)', '형식=CSV', '표준=N'})",frozenset({'유형=FILE'}),0.05452384179848389,0.8711614860848983,0.05452384179848389,1.0,1.1478928028534836,1.0,0.007024770750258771,inf,0.13626839005668662,0.0625875255844016,1.0,0.5312937627922008,국가중점=N AND 다운로드=L1(하) AND 조회수=L1(하) AND 표준=N AND 형식=CSV,유형=FILE,BR,0.06258752558440159,2167,[]
"frozenset({'조회수=L1(하)', '다운로드=L1(하)', '국가중점=N', '형식=CSV'})","frozenset({'표준=N', '유형=FILE'})",0.05452384179848389,0.8711614860848983,0.05452384179848389,1.0,1.1478928028534836,1.0,0.007024770750258771,inf,0.13626839005668662,0.0625875255844016,1.0,0.5312937627922008,국가중점=N AND 다운로드=L1(하) AND 조회수=L1(하) AND 형식=CSV,유형=FILE AND 표준=N,BR,0.06258752558440159,2167,[]
"frozenset({'조회수=L1(하)', '다운로드=L1(하)', '국가중점=N', '형식=CSV'})",frozenset({'유형=FILE'}),0.05452384179848389,0.8711614860848983,0.05452384179848389,1.0,1.1478928028534836,1.0,0.007024770750258771,inf,0.13626839005668662,0.0625875255844016,1.0,0.5312937627922008,국가중점=N AND 다운로드=L1(하) AND 조회수=L1(하) AND 형식=CSV,유형=FILE,BR,0.06258752558440159,2167,[]
"frozenset({'다운로드=L1(하)', '조회수=L0(최소)', '표준=N', '형식=CSV'})","frozenset({'국가중점=N', '유형=FILE'})",0.05349154875238522,0.8547803509796357,0.05349154875238522,1.0,1.1698911876646823,1.0,0.007768023935377087,inf,0.1534266797395701,0.0625792914999512,1.0,0.5312896457499756,다운로드=L1(하) AND 조회수=L0(최소) AND 표준=N AND 형식=CSV,국가중점=N AND 유형=FILE,BR,0.0625792914999512,2170,[]
"frozenset({'다운로드=L1(하)', '조회수=L0(최소)', '형식=CSV'})","frozenset({'국가중점=N', '유형=FILE'})",0.05349154875238522,0.8547803509796357,0.05349154875238522,1.0,1.1698911876646823,1.0,0.007768023935377087,inf,0.1534266797395701,0.0625792914999512,1.0,0.5312896457499756,다운로드=L1(하) AND 조회수=L0(최소) AND 형식=CSV,국가중점=N AND 유형=FILE,BR,0.0625792914999512,2170,[]
"frozenset({'다운로드=L1(하)', '조회수=L0(최소)', '형식=CSV'})","frozenset({'국가중점=N', '표준=N', '유형=FILE'})",0.05349154875238522,0.8547803509796357,0.05349154875238522,1.0,1.1698911876646823,1.0,0.007768023935377087,inf,0.1534266797395701,0.0625792914999512,1.0,0.5312896457499756,다운로드=L1(하) AND 조회수=L0(최소) AND 형식=CSV,국가중점=N AND 유형=FILE AND 표준=N,BR,0.0625792914999512,2170,[]
"frozenset({'다운로드=L2(중)', '형식=CSV', '유형=FILE', '조회수=L2(중)'})",frozenset({'국가중점=N'}),0.06083229930242015,0.9609709810954818,0.06059247364524572,0.9960575934178951,1.036511625233902,1.0,0.0021343993023050303,9.899795490824372,0.03750713049668874,0.06303765336341842,0.898987812331391,0.5295554894172809,다운로드=L2(중) AND 유형=FILE AND 조회수=L2(중) AND 형식=CSV,국가중점=N,BR,0.0625572012649204,2173,[]
"frozenset({'형식=CSV', '조회수=L2(중)', '다운로드=L2(중)', '표준=N', '유형=FILE'})",frozenset({'국가중점=N'}),0.06083229930242015,0.9609709810954818,0.06059247364524572,0.9960575934178951,1.036511625233902,1.0,0.0021343993023050303,9.899795490824372,0.03750713049668874,0.06303765336341842,0.898987812331391,0.5295554894172809,다운로드=L2(중) AND 유형=FILE AND 조회수=L2(중) AND 표준=N AND 형식=CSV,국가중점=N,BR,0.0625572012649204,2173,[]
"frozenset({'다운로드=L2(중)', '형식=CSV', '표준=N', '조회수=L2(중)'})",frozenset({'국가중점=N'}),0.06083229930242015,0.9609709810954818,0.06059247364524572,0.9960575934178951,1.036511625233902,1.0,0.0021343993023050303,9.899795490824372,0.03750713049668874,0.06303765336341842,0.898987812331391,0.5295554894172809,다운로드=L2(중) AND 조회수=L2(중) AND 표준=N AND 형식=CSV,국가중점=N,BR,0.0625572012649204,2173,[]
"frozenset({'다운로드=L2(중)', '형식=CSV', '조회수=L2(중)'})",frozenset({'국가중점=N'}),0.06083229930242015,0.9609709810954818,0.06059247364524572,0.9960575934178951,1.036511625233902,1.0,0.0021343993023050303,9.899795490824372,0.03750713049668874,0.06303765336341842,0.898987812331391,0.5295554894172809,다운로드=L2(중) AND 조회수=L2(중) AND 형식=CSV,국가중점=N,BR,0.0625572012649204,2173,[]
frozenset({'도메인=환경기상'}),"frozenset({'국가중점=N', '유형=FILE'})",0.07836042668112572,0.8547803509796357,0.068986371646351,0.8803725881570194,1.0299401327464457,1.0,0.002005418624944355,1.213932883635193,0.03154137531130615,0.07983107088989443,0.17623122869409255,0.480539568207523,도메인=환경기상,국가중점=N AND 유형=FILE,BI,0.06255208591002683,2176,['환경기상']
frozenset({'도메인=환경기상'}),"frozenset({'국가중점=N', '표준=N', '유형=FILE'})",0.07836042668112572,0.8547803509796357,0.068986371646351,0.8803725881570194,1.0299401327464457,1.0,0.002005418624944355,1.213932883635193,0.03154137531130615,0.07983107088989443,0.17623122869409255,0.480539568207523,도메인=환경기상,국가중점=N AND 유형=FILE AND 표준=N,BI,0.06255208591002683,2176,['환경기상']
"frozenset({'도메인=공공행정', '국가중점=N', '주기=연간'})",frozenset({'표준=N'}),0.062292107650438466,0.9968718392542465,0.062292107650438466,1.0,1.0031379768417308,1.0,0.00019485972592235556,inf,0.003335965039086413,0.06248757884166815,1.0,0.5312437894208341,국가중점=N AND 도메인=공공행정 AND 주기=연간,표준=N,BR,0.06248757884166814,2178,['공공행정']
"frozenset({'도메인=공공행정', '국가중점=N', '주기=연간', '유형=FILE'})",frozenset({'표준=N'}),0.062292107650438466,0.9968718392542465,0.062292107650438466,1.0,1.0031379768417308,1.0,0.00019485972592235556,inf,0.003335965039086413,0.06248757884166815,1.0,0.5312437894208341,국가중점=N AND 도메인=공공행정 AND 유형=FILE AND 주기=연간,표준=N,BR,0.06248757884166814,2178,['공공행정']
"frozenset({'형식=CSV', '다운로드=L3(상)', '주기=연간', '조회수=L3(상)'})","frozenset({'표준=N', '유형=FILE'})",0.054294443343795296,0.8711614860848983,0.054294443343795296,1.0,1.1478928028534836,1.0,0.006995215394262275,inf,0.13623533562670906,0.06232420074927885,1.0,0.5311621003746394,다운로드=L3(상) AND 조회수=L3(상) AND 주기=연간 AND 형식=CSV,유형=FILE AND 표준=N,BR,0.06232420074927885,2181,[]
"frozenset({'다운로드=L3(상)', '형식=CSV', '조회수=L3(상)', '주기=연간', '표준=N'})",frozenset({'유형=FILE'}),0.054294443343795296,0.8711614860848983,0.054294443343795296,1.0,1.1478928028534836,1.0,0.006995215394262275,inf,0.13623533562670906,0.06232420074927885,1.0,0.5311621003746394,다운로드=L3(상) AND 조회수=L3(상) AND 주기=연간 AND 표준=N AND 형식=CSV,유형=FILE,BR,0.06232420074927885,2181,[]
"frozenset({'형식=CSV', '다운로드=L3(상)', '주기=연간', '조회수=L3(상)'})",frozenset({'유형=FILE'}),0.054294443343795296,0.8711614860848983,0.054294443343795296,1.0,1.1478928028534836,1.0,0.006995215394262275,inf,0.13623533562670906,0.06232420074927885,1.0,0.5311621003746394,다운로드=L3(상) AND 조회수=L3(상) AND 주기=연간 AND 형식=CSV,유형=FILE,BR,0.06232420074927885,2181,[]
"frozenset({'다운로드=L3(상)', '국가중점=N', '형식=CSV', '조회수=L3(상)', '주기=연간'})",frozenset({'유형=FILE'}),0.054221452926394374,0.8711614860848983,0.054221452926394374,1.0,1.1478928028534836,1.0,0.0069858114173542915,inf,0.13622482167072747,0.062240415574467065,1.0,0.5311202077872336,국가중점=N AND 다운로드=L3(상) AND 조회수=L3(상) AND 주기=연간 AND 형식=CSV,유형=FILE,BR,0.06224041557446706,2184,[]
"frozenset({'다운로드=L3(상)', '국가중점=N', '형식=CSV', '조회수=L3(상)', '주기=연간', '표준=N'})",frozenset({'유형=FILE'}),0.054221452926394374,0.8711614860848983,0.054221452926394374,1.0,1.1478928028534836,1.0,0.0069858114173542915,inf,0.13622482167072747,0.062240415574467065,1.0,0.5311202077872336,국가중점=N AND 다운로드=L3(상) AND 조회수=L3(상) AND 주기=연간 AND 표준=N AND 형식=CSV,유형=FILE,BR,0.06224041557446706,2184,[]
"frozenset({'다운로드=L3(상)', '국가중점=N', '형식=CSV', '조회수=L3(상)', '주기=연간'})","frozenset({'표준=N', '유형=FILE'})",0.054221452926394374,0.8711614860848983,0.054221452926394374,1.0,1.1478928028534836,1.0,0.0069858114173542915,inf,0.13622482167072747,0.062240415574467065,1.0,0.5311202077872336,국가중점=N AND 다운로드=L3(상) AND 조회수=L3(상) AND 주기=연간 AND 형식=CSV,유형=FILE AND 표준=N,BR,0.06224041557446706,2184,[]
"frozenset({'조회수=L1(하)', '형식=CSV', '다운로드=L2(중)'})","frozenset({'국가중점=N', '표준=N'})",0.05926821892954339,0.9578428203497283,0.05926821892954339,1.0,1.04401262791204,1.0,0.002498580952964395,inf,0.044813176825280784,0.061876768996298716,1.0,0.5309383844981493,다운로드=L2(중) AND 조회수=L1(하) AND 형식=CSV,국가중점=N AND 표준=N,BR,0.061876768996298716,2186,[]
"frozenset({'조회수=L1(하)', '형식=CSV', '유형=FILE', '다운로드=L2(중)'})","frozenset({'국가중점=N', '표준=N'})",0.05926821892954339,0.9578428203497283,0.05926821892954339,1.0,1.04401262791204,1.0,0.002498580952964395,inf,0.044813176825280784,0.061876768996298716,1.0,0.5309383844981493,다운로드=L2(중) AND 유형=FILE AND 조회수=L1(하) AND 형식=CSV,국가중점=N AND 표준=N,BR,0.061876768996298716,2186,[]
"frozenset({'형식=CSV', '조회수=L4(최대)', '다운로드=L4(최대)', '주기=연간'})",frozenset({'유형=FILE'}),0.05378351042198889,0.8711614860848983,0.05378351042198889,1.0,1.1478928028534836,1.0,0.006929387555906434,inf,0.13616177199845725,0.061737704525596376,1.0,0.5308688522627982,다운로드=L4(최대) AND 조회수=L4(최대) AND 주기=연간 AND 형식=CSV,유형=FILE,BR,0.06173770452559637,2189,[]
"frozenset({'형식=CSV', '조회수=L4(최대)', '다운로드=L4(최대)', '주기=연간'})","frozenset({'표준=N', '유형=FILE'})",0.05378351042198889,0.8711614860848983,0.05378351042198889,1.0,1.1478928028534836,1.0,0.006929387555906434,inf,0.13616177199845725,0.061737704525596376,1.0,0.5308688522627982,다운로드=L4(최대) AND 조회수=L4(최대) AND 주기=연간 AND 형식=CSV,유형=FILE AND 표준=N,BR,0.06173770452559637,2189,[]
"frozenset({'형식=CSV', '다운로드=L4(최대)', '주기=연간', '조회수=L4(최대)', '표준=N'})",frozenset({'유형=FILE'}),0.05378351042198889,0.8711614860848983,0.05378351042198889,1.0,1.1478928028534836,1.0,0.006929387555906434,inf,0.13616177199845725,0.061737704525596376,1.0,0.5308688522627982,다운로드=L4(최대) AND 조회수=L4(최대) AND 주기=연간 AND 표준=N AND 형식=CSV,유형=FILE,BR,0.06173770452559637,2189,[]
"frozenset({'조회수=L1(하)', '형식=CSV', '유형=FILE', '다운로드=L2(중)'})",frozenset({'국가중점=N'}),0.05926821892954339,0.9609709810954818,0.05926821892954339,1.0,1.0406141493055556,1.0,0.0023131804370382716,inf,0.04148793491393173,0.06167534722222222,1.0,0.5308376736111111,다운로드=L2(중) AND 유형=FILE AND 조회수=L1(하) AND 형식=CSV,국가중점=N,BR,0.061675347222222225,2192,[]
"frozenset({'조회수=L1(하)', '형식=CSV', '표준=N', '다운로드=L2(중)'})",frozenset({'국가중점=N'}),0.05926821892954339,0.9609709810954818,0.05926821892954339,1.0,1.0406141493055556,1.0,0.0023131804370382716,inf,0.04148793491393173,0.06167534722222222,1.0,0.5308376736111111,다운로드=L2(중) AND 조회수=L1(하) AND 표준=N AND 형식=CSV,국가중점=N,BR,0.061675347222222225,2192,[]
"frozenset({'조회수=L1(하)', '형식=CSV', '다운로드=L2(중)', '표준=N', '유형=FILE'})",frozenset({'국가중점=N'}),0.05926821892954339,0.9609709810954818,0.05926821892954339,1.0,1.0406141493055556,1.0,0.0023131804370382716,inf,0.04148793491393173,0.06167534722222222,1.0,0.5308376736111111,다운로드=L2(중) AND 유형=FILE AND 조회수=L1(하) AND 표준=N AND 형식=CSV,국가중점=N,BR,0.061675347222222225,2192,[]
"frozenset({'조회수=L1(하)', '형식=CSV', '다운로드=L2(중)'})",frozenset({'국가중점=N'}),0.05926821892954339,0.9609709810954818,0.05926821892954339,1.0,1.0406141493055556,1.0,0.0023131804370382716,inf,0.04148793491393173,0.06167534722222222,1.0,0.5308376736111111,다운로드=L2(중) AND 조회수=L1(하) AND 형식=CSV,국가중점=N,BR,0.061675347222222225,2192,[]
"frozenset({'형식=CSV', '도메인=교통물류'})",frozenset({'표준=N'}),0.061374513831684095,0.9968718392542465,0.061374513831684095,1.0,1.0031379768417308,1.0,0.00019198934495798237,inf,0.0033327038226113126,0.06156710563476042,1.0,0.5307835528173802,도메인=교통물류 AND 형식=CSV,표준=N,BR,0.06156710563476041,2195,['교통물류']
"frozenset({'형식=CSV', '도메인=교통물류', '유형=FILE'})",frozenset({'표준=N'}),0.061374513831684095,0.9968718392542465,0.061374513831684095,1.0,1.0031379768417308,1.0,0.00019198934495798237,inf,0.0033327038226113126,0.06156710563476042,1.0,0.5307835528173802,도메인=교통물류 AND 유형=FILE AND 형식=CSV,표준=N,BR,0.06156710563476041,2195,['교통물류']
"frozenset({'다운로드=L1(하)', '국가중점=N', '조회수=L0(최소)', '형식=CSV'})","frozenset({'표준=N', '유형=FILE'})",0.05349154875238522,0.8711614860848983,0.05349154875238522,1.0,1.1478928028534836,1.0,0.006891771648274522,inf,0.1361197712976325,0.06140256382634924,1.0,0.5307012819131747,국가중점=N AND 다운로드=L1(하) AND 조회수=L0(최소) AND 형식=CSV,유형=FILE AND 표준=N,BR,0.06140256382634924,2199,[]
"frozenset({'다운로드=L1(하)', '국가중점=N', '조회수=L0(최소)', '형식=CSV'})",frozenset({'유형=FILE'}),0.05349154875238522,0.8711614860848983,0.05349154875238522,1.0,1.1478928028534836,1.0,0.006891771648274522,inf,0.1361197712976325,0.06140256382634924,1.0,0.5307012819131747,국가중점=N AND 다운로드=L1(하) AND 조회수=L0(최소) AND 형식=CSV,유형=FILE,BR,0.06140256382634924,2199,[]
"frozenset({'다운로드=L1(하)', '조회수=L0(최소)', '형식=CSV'})",frozenset({'유형=FILE'}),0.05349154875238522,0.8711614860848983,0.05349154875238522,1.0,1.1478928028534836,1.0,0.006891771648274522,inf,0.1361197712976325,0.06140256382634924,1.0,0.5307012819131747,다운로드=L1(하) AND 조회수=L0(최소) AND 형식=CSV,유형=FILE,BR,0.06140256382634924,2199,[]
"frozenset({'다운로드=L1(하)', '조회수=L0(최소)', '형식=CSV'})","frozenset({'표준=N', '유형=FILE'})",0.05349154875238522,0.8711614860848983,0.05349154875238522,1.0,1.1478928028534836,1.0,0.006891771648274522,inf,0.1361197712976325,0.06140256382634924,1.0,0.5307012819131747,다운로드=L1(하) AND 조회수=L0(최소) AND 형식=CSV,유형=FILE AND 표준=N,BR,0.06140256382634924,2199,[]
"frozenset({'다운로드=L1(하)', '조회수=L0(최소)', '표준=N', '형식=CSV'})",frozenset({'유형=FILE'}),0.05349154875238522,0.8711614860848983,0.05349154875238522,1.0,1.1478928028534836,1.0,0.006891771648274522,inf,0.1361197712976325,0.06140256382634924,1.0,0.5307012819131747,다운로드=L1(하) AND 조회수=L0(최소) AND 표준=N AND 형식=CSV,유형=FILE,BR,0.06140256382634924,2199,[]
"frozenset({'다운로드=L1(하)', '국가중점=N', '형식=CSV', '조회수=L0(최소)', '표준=N'})",frozenset({'유형=FILE'}),0.05349154875238522,0.8711614860848983,0.05349154875238522,1.0,1.1478928028534836,1.0,0.006891771648274522,inf,0.1361197712976325,0.06140256382634924,1.0,0.5307012819131747,국가중점=N AND 다운로드=L1(하) AND 조회수=L0(최소) AND 표준=N AND 형식=CSV,유형=FILE,BR,0.06140256382634924,2199,[]
"frozenset({'유형=API', '다운로드=L0(최소)'})",frozenset({'표준=N'}),0.0610512705546229,0.9968718392542465,0.0610512705546229,1.0,1.0031379768417308,1.0,0.00019097818802734506,inf,0.003331556503198222,0.06124284802778155,1.0,0.5306214240138908,다운로드=L0(최소) AND 유형=API,표준=N,BR,0.06124284802778155,2203,[]
"frozenset({'다운로드=L1(하)', '국가중점=N', '조회수=L0(최소)'})",frozenset({'표준=N'}),0.060999134542193675,0.9968718392542465,0.060999134542193675,1.0,1.0031379768417308,1.0,0.00019081509819982717,inf,0.0033313715256570986,0.061190548413752696,1.0,0.5305952742068764,국가중점=N AND 다운로드=L1(하) AND 조회수=L0(최소),표준=N,BR,0.061190548413752696,2204,[]
"frozenset({'다운로드=L2(중)', '형식=CSV', '유형=FILE', '조회수=L2(중)'})",frozenset({'표준=N'}),0.06083229930242015,0.9968718392542465,0.06083229930242015,1.0,1.0031379768417308,1.0,0.00019029321075175742,inf,0.003330779735536043,0.061023189648860394,1.0,0.5305115948244302,다운로드=L2(중) AND 유형=FILE AND 조회수=L2(중) AND 형식=CSV,표준=N,BR,0.06102318964886038,2205,[]
"frozenset({'다운로드=L2(중)', '형식=CSV', '조회수=L2(중)'})",frozenset({'표준=N'}),0.06083229930242015,0.9968718392542465,0.06083229930242015,1.0,1.0031379768417308,1.0,0.00019029321075175742,inf,0.003330779735536043,0.061023189648860394,1.0,0.5305115948244302,다운로드=L2(중) AND 조회수=L2(중) AND 형식=CSV,표준=N,BR,0.06102318964886038,2205,[]
"frozenset({'다운로드=L1(하)', '유형=FILE', '조회수=L0(최소)'})",frozenset({'표준=N'}),0.06071760007507586,0.9968718392542465,0.06071760007507586,1.0,1.0031379768417308,1.0,0.0001899344131312125,inf,0.0033303730017761836,0.060908130497996926,1.0,0.5304540652489984,다운로드=L1(하) AND 유형=FILE AND 조회수=L0(최소),표준=N,BR,0.06090813049799692,2207,[]
"frozenset({'다운로드=L1(하)', '국가중점=N', '유형=FILE', '조회수=L0(최소)'})",frozenset({'표준=N'}),0.06071760007507586,0.9968718392542465,0.06071760007507586,1.0,1.0031379768417308,1.0,0.0001899344131312125,inf,0.0033303730017761836,0.060908130497996926,1.0,0.5304540652489984,국가중점=N AND 다운로드=L1(하) AND 유형=FILE AND 조회수=L0(최소),표준=N,BR,0.06090813049799692,2207,[]
"frozenset({'국가중점=N', '형식=CSV', '조회수=L2(중)', '다운로드=L2(중)', '유형=FILE'})",frozenset({'표준=N'}),0.06059247364524572,0.9968718392542465,0.06059247364524572,1.0,1.0031379768417308,1.0,0.00018954299754515846,inf,0.003329929405496533,0.060782611424327684,1.0,0.5303913057121639,국가중점=N AND 다운로드=L2(중) AND 유형=FILE AND 조회수=L2(중) AND 형식=CSV,표준=N,BR,0.060782611424327684,2209,[]
"frozenset({'다운로드=L2(중)', '형식=CSV', '국가중점=N', '조회수=L2(중)'})",frozenset({'표준=N'}),0.06059247364524572,0.9968718392542465,0.06059247364524572,1.0,1.0031379768417308,1.0,0.00018954299754515846,inf,0.003329929405496533,0.060782611424327684,1.0,0.5303913057121639,국가중점=N AND 다운로드=L2(중) AND 조회수=L2(중) AND 형식=CSV,표준=N,BR,0.060782611424327684,2209,[]
"frozenset({'다운로드=L1(하)', '주기=연간', '유형=FILE'})","frozenset({'국가중점=N', '표준=N'})",0.0582046442759872,0.9578428203497283,0.058142081061072125,0.9989251164457184,1.042890435907835,1.0,0.0023911804303078724,39.220229467968394,0.043668193994583604,0.0606971023011778,0.9745029538693365,0.5298130916432816,다운로드=L1(하) AND 유형=FILE AND 주기=연간,국가중점=N AND 표준=N,BR,0.06057064381636979,2211,[]
"frozenset({'다운로드=L1(하)', '주기=연간'})","frozenset({'국가중점=N', '표준=N'})",0.0582046442759872,0.9578428203497283,0.058142081061072125,0.9989251164457184,1.042890435907835,1.0,0.0023911804303078724,39.220229467968394,0.043668193994583604,0.0606971023011778,0.9745029538693365,0.5298130916432816,다운로드=L1(하) AND 주기=연간,국가중점=N AND 표준=N,BR,0.06057064381636979,2211,[]
"frozenset({'형식=CSV', '다운로드=L0(최소)', '주기=수시', '조회수=L0(최소)'})","frozenset({'국가중점=N', '유형=FILE'})",0.05177106034222079,0.8547803509796357,0.05177106034222079,1.0,1.1698911876646823,1.0,0.007518175212309408,inf,0.15314829884096864,0.060566507270420615,1.0,0.5302832536352103,다운로드=L0(최소) AND 조회수=L0(최소) AND 주기=수시 AND 형식=CSV,국가중점=N AND 유형=FILE,BR,0.06056650727042061,2214,[]
"frozenset({'형식=CSV', '다운로드=L0(최소)', '주기=수시', '조회수=L0(최소)'})","frozenset({'국가중점=N', '표준=N', '유형=FILE'})",0.05177106034222079,0.8547803509796357,0.05177106034222079,1.0,1.1698911876646823,1.0,0.007518175212309408,inf,0.15314829884096864,0.060566507270420615,1.0,0.5302832536352103,다운로드=L0(최소) AND 조회수=L0(최소) AND 주기=수시 AND 형식=CSV,국가중점=N AND 유형=FILE AND 표준=N,BR,0.06056650727042061,2214,[]
"frozenset({'다운로드=L0(최소)', '형식=CSV', '주기=수시', '조회수=L0(최소)', '표준=N'})","frozenset({'국가중점=N', '유형=FILE'})",0.05177106034222079,0.8547803509796357,0.05177106034222079,1.0,1.1698911876646823,1.0,0.007518175212309408,inf,0.15314829884096864,0.060566507270420615,1.0,0.5302832536352103,다운로드=L0(최소) AND 조회수=L0(최소) AND 주기=수시 AND 표준=N AND 형식=CSV,국가중점=N AND 유형=FILE,BR,0.06056650727042061,2214,[]
"frozenset({'형식=CSV', '다운로드=L3(상)', '주기=수시'})","frozenset({'국가중점=N', '표준=N', '유형=FILE'})",0.056087922171360646,0.8547803509796357,0.0545968322158848,0.9734151329243353,1.1387897859476253,1.0,0.006653978416530655,5.462492951612159,0.12911669462093522,0.06376112714475335,0.8169334022289462,0.5186437429040531,다운로드=L3(상) AND 주기=수시 AND 형식=CSV,국가중점=N AND 유형=FILE AND 표준=N,BR,0.06052141897613871,2217,[]
"frozenset({'형식=CSV', '다운로드=L3(상)', '표준=N', '주기=수시'})","frozenset({'국가중점=N', '유형=FILE'})",0.056087922171360646,0.8547803509796357,0.0545968322158848,0.9734151329243353,1.1387897859476253,1.0,0.006653978416530655,5.462492951612159,0.12911669462093522,0.06376112714475335,0.8169334022289462,0.5186437429040531,다운로드=L3(상) AND 주기=수시 AND 표준=N AND 형식=CSV,국가중점=N AND 유형=FILE,BR,0.06052141897613871,2217,[]
"frozenset({'형식=CSV', '다운로드=L3(상)', '주기=수시'})","frozenset({'국가중점=N', '유형=FILE'})",0.056087922171360646,0.8547803509796357,0.0545968322158848,0.9734151329243353,1.1387897859476253,1.0,0.006653978416530655,5.462492951612159,0.12911669462093522,0.06376112714475335,0.8169334022289462,0.5186437429040531,다운로드=L3(상) AND 주기=수시 AND 형식=CSV,국가중점=N AND 유형=FILE,BR,0.06052141897613871,2217,[]
"frozenset({'다운로드=L1(하)', '조회수=L0(최소)'})","frozenset({'국가중점=N', '표준=N'})",0.06260492372501382,0.9578428203497283,0.060999134542193675,0.9743504330446369,1.0172341561101657,1.0,0.0010334578336468198,1.643582510520978,0.01807367299085785,0.06357728171799944,0.3915729854760849,0.5190171498991963,다운로드=L1(하) AND 조회수=L0(최소),국가중점=N AND 표준=N,BR,0.06045883717928901,2219,[]
"frozenset({'다운로드=L1(하)', '표준=N', '유형=FILE', '조회수=L0(최소)'})","frozenset({'형식=CSV', '국가중점=N'})",0.06071760007507586,0.6867564101227281,0.05349154875238522,0.8809891808346213,1.2828262945185795,1.0,0.011793347693558637,2.63205977468305,0.23472305319248388,0.077079107505071,0.620069418780423,0.47943965737549593,다운로드=L1(하) AND 유형=FILE AND 조회수=L0(최소) AND 표준=N,국가중점=N AND 형식=CSV,BI,0.06045379939138624,2221,[]
"frozenset({'다운로드=L1(하)', '유형=FILE', '조회수=L0(최소)'})","frozenset({'형식=CSV', '국가중점=N', '표준=N'})",0.06071760007507586,0.6867564101227281,0.05349154875238522,0.8809891808346213,1.2828262945185795,1.0,0.011793347693558637,2.63205977468305,0.23472305319248388,0.077079107505071,0.620069418780423,0.47943965737549593,다운로드=L1(하) AND 유형=FILE AND 조회수=L0(최소),국가중점=N AND 표준=N AND 형식=CSV,BI,0.06045379939138624,2221,[]
"frozenset({'다운로드=L1(하)', '유형=FILE', '조회수=L0(최소)'})","frozenset({'형식=CSV', '국가중점=N'})",0.06071760007507586,0.6867564101227281,0.05349154875238522,0.8809891808346213,1.2828262945185795,1.0,0.011793347693558637,2.63205977468305,0.23472305319248388,0.077079107505071,0.620069418780423,0.47943965737549593,다운로드=L1(하) AND 유형=FILE AND 조회수=L0(최소),국가중점=N AND 형식=CSV,BI,0.06045379939138624,2221,[]
"frozenset({'다운로드=L3(상)', '표준=N', '조회수=L2(중)'})","frozenset({'국가중점=N', '유형=FILE'})",0.05199003159442353,0.8547803509796357,0.05187533236707924,0.9977938227035701,1.1673102002871631,1.0,0.007435274913355543,65.82410636505152,0.15119005832422228,0.060680351763084395,0.9848079973246558,0.5292411584484963,다운로드=L3(상) AND 조회수=L2(중) AND 표준=N,국가중점=N AND 유형=FILE,BR,0.06042101042148169,2224,[]
"frozenset({'다운로드=L3(상)', '조회수=L2(중)'})","frozenset({'국가중점=N', '유형=FILE'})",0.05199003159442353,0.8547803509796357,0.05187533236707924,0.9977938227035701,1.1673102002871631,1.0,0.007435274913355543,65.82410636505152,0.15119005832422228,0.060680351763084395,0.9848079973246558,0.5292411584484963,다운로드=L3(상) AND 조회수=L2(중),국가중점=N AND 유형=FILE,BR,0.06042101042148169,2224,[]
"frozenset({'다운로드=L3(상)', '조회수=L2(중)'})","frozenset({'국가중점=N', '표준=N', '유형=FILE'})",0.05199003159442353,0.8547803509796357,0.05187533236707924,0.9977938227035701,1.1673102002871631,1.0,0.007435274913355543,65.82410636505152,0.15119005832422228,0.060680351763084395,0.9848079973246558,0.5292411584484963,다운로드=L3(상) AND 조회수=L2(중),국가중점=N AND 유형=FILE AND 표준=N,BR,0.06042101042148169,2224,[]
"frozenset({'형식=CSV', '주기=수시', '조회수=L2(중)'})","frozenset({'국가중점=N', '표준=N'})",0.05916394690468494,0.9578428203497283,0.05872600440027945,0.9925978145928798,1.0362846528728604,1.0,0.0020562426340744455,5.69523422227715,0.037216022438865216,0.061282670670932085,0.8244145963148526,0.5269542523867947,조회수=L2(중) AND 주기=수시 AND 형식=CSV,국가중점=N AND 표준=N,BR,0.06040638334511918,2226,[]
"frozenset({'형식=CSV', '주기=수시', '유형=FILE', '조회수=L2(중)'})","frozenset({'국가중점=N', '표준=N'})",0.05916394690468494,0.9578428203497283,0.05872600440027945,0.9925978145928798,1.0362846528728604,1.0,0.0020562426340744455,5.69523422227715,0.037216022438865216,0.061282670670932085,0.8244145963148526,0.5269542523867947,유형=FILE AND 조회수=L2(중) AND 주기=수시 AND 형식=CSV,국가중점=N AND 표준=N,BR,0.06040638334511918,2226,[]
"frozenset({'다운로드=L1(하)', '표준=N', '주기=연간', '유형=FILE'})",frozenset({'국가중점=N'}),0.0582046442759872,0.9609709810954818,0.058142081061072125,0.9989251164457184,1.0394956102701143,1.0,0.0022091069468631874,36.309997254169126,0.04034313324402016,0.06049953345051321,0.9724593754992592,0.5297142943339703,다운로드=L1(하) AND 유형=FILE AND 주기=연간 AND 표준=N,국가중점=N,BR,0.06037347375186338,2229,[]
"frozenset({'다운로드=L1(하)', '표준=N', '주기=연간'})",frozenset({'국가중점=N'}),0.0582046442759872,0.9609709810954818,0.058142081061072125,0.9989251164457184,1.0394956102701143,1.0,0.0022091069468631874,36.309997254169126,0.04034313324402016,0.06049953345051321,0.9724593754992592,0.5297142943339703,다운로드=L1(하) AND 주기=연간 AND 표준=N,국가중점=N,BR,0.06037347375186338,2229,[]
"frozenset({'다운로드=L1(하)', '주기=연간'})",frozenset({'국가중점=N'}),0.0582046442759872,0.9609709810954818,0.058142081061072125,0.9989251164457184,1.0394956102701143,1.0,0.0022091069468631874,36.309997254169126,0.04034313324402016,0.06049953345051321,0.9724593754992592,0.5297142943339703,다운로드=L1(하) AND 주기=연간,국가중점=N,BR,0.06037347375186338,2229,[]
"frozenset({'다운로드=L1(하)', '주기=연간', '유형=FILE'})",frozenset({'국가중점=N'}),0.0582046442759872,0.9609709810954818,0.058142081061072125,0.9989251164457184,1.0394956102701143,1.0,0.0022091069468631874,36.309997254169126,0.04034313324402016,0.06049953345051321,0.9724593754992592,0.5297142943339703,다운로드=L1(하) AND 유형=FILE AND 주기=연간,국가중점=N,BR,0.06037347375186338,2229,[]
"frozenset({'조회수=L4(최대)', '국가중점=N', '주기=수시'})",frozenset({'표준=N'}),0.060175385545811914,0.9968718392542465,0.060175385545811914,1.0,1.0031379768417308,1.0,0.0001882382789249945,inf,0.0033284516043137055,0.0603642145120969,1.0,0.5301821072560484,국가중점=N AND 조회수=L4(최대) AND 주기=수시,표준=N,BR,0.06036421451209689,2232,[]
"frozenset({'조회수=L4(최대)', '국가중점=N', '주기=수시', '유형=FILE'})",frozenset({'표준=N'}),0.060175385545811914,0.9968718392542465,0.060175385545811914,1.0,1.0031379768417308,1.0,0.0001882382789249945,inf,0.0033284516043137055,0.0603642145120969,1.0,0.5301821072560484,국가중점=N AND 유형=FILE AND 조회수=L4(최대) AND 주기=수시,표준=N,BR,0.06036421451209689,2232,[]
"frozenset({'다운로드=L1(하)', '표준=N', '조회수=L0(최소)'})",frozenset({'국가중점=N'}),0.06260492372501382,0.9609709810954818,0.060999134542193675,0.9743504330446369,1.0139228470082444,1.0,0.000837619568759336,1.521624866900822,0.014648746841540956,0.06337066967090582,0.3428077959604094,0.5189134977723184,다운로드=L1(하) AND 조회수=L0(최소) AND 표준=N,국가중점=N,BR,0.06026203106867934,2234,[]
"frozenset({'다운로드=L1(하)', '조회수=L0(최소)'})",frozenset({'국가중점=N'}),0.06260492372501382,0.9609709810954818,0.060999134542193675,0.9743504330446369,1.0139228470082444,1.0,0.000837619568759336,1.521624866900822,0.014648746841540956,0.06337066967090582,0.3428077959604094,0.5189134977723184,다운로드=L1(하) AND 조회수=L0(최소),국가중점=N,BR,0.06026203106867934,2234,[]
"frozenset({'형식=CSV', '주기=수시', '유형=FILE', '조회수=L2(중)'})",frozenset({'국가중점=N'}),0.05916394690468494,0.9609709810954818,0.05872600440027945,0.9925978145928798,1.0329113304351232,1.0,0.0018711682978033647,5.272634601529404,0.033866354195738385,0.06108327368169888,0.8103414942294815,0.5268544628519954,유형=FILE AND 조회수=L2(중) AND 주기=수시 AND 형식=CSV,국가중점=N,BR,0.060209747982667615,2237,[]
"frozenset({'형식=CSV', '주기=수시', '조회수=L2(중)'})",frozenset({'국가중점=N'}),0.05916394690468494,0.9609709810954818,0.05872600440027945,0.9925978145928798,1.0329113304351232,1.0,0.0018711682978033647,5.272634601529404,0.033866354195738385,0.06108327368169888,0.8103414942294815,0.5268544628519954,조회수=L2(중) AND 주기=수시 AND 형식=CSV,국가중점=N,BR,0.060209747982667615,2237,[]
"frozenset({'형식=CSV', '표준=N', '주기=수시', '조회수=L2(중)'})",frozenset({'국가중점=N'}),0.05916394690468494,0.9609709810954818,0.05872600440027945,0.9925978145928798,1.0329113304351232,1.0,0.0018711682978033647,5.272634601529404,0.033866354195738385,0.06108327368169888,0.8103414942294815,0.5268544628519954,조회수=L2(중) AND 주기=수시 AND 표준=N AND 형식=CSV,국가중점=N,BR,0.060209747982667615,2237,[]
"frozenset({'형식=CSV', '주기=수시', '조회수=L2(중)', '표준=N', '유형=FILE'})",frozenset({'국가중점=N'}),0.05916394690468494,0.9609709810954818,0.05872600440027945,0.9925978145928798,1.0329113304351232,1.0,0.0018711682978033647,5.272634601529404,0.033866354195738385,0.06108327368169888,0.8103414942294815,0.5268544628519954,유형=FILE AND 조회수=L2(중) AND 주기=수시 AND 표준=N AND 형식=CSV,국가중점=N,BR,0.060209747982667615,2237,[]
"frozenset({'도메인=산업고용', '표준=N', '국가중점=N'})",frozenset({'형식=CSV'}),0.09040384555227678,0.6992794803082281,0.0700290918949355,0.7746251441753171,1.1077475687315725,1.0,0.0068115377592740806,1.3343126436681996,0.10693455295873071,0.09730935856383209,0.25055045776163115,0.43738489214491816,국가중점=N AND 도메인=산업고용 AND 표준=N,형식=CSV,BI,0.060091201848226965,2240,['산업고용']
"frozenset({'표준=N', '국가중점=N', '도메인=산업고용'})","frozenset({'형식=CSV', '유형=FILE'})",0.09040384555227678,0.6992794803082281,0.0700290918949355,0.7746251441753171,1.1077475687315725,1.0,0.0068115377592740806,1.3343126436681996,0.10693455295873071,0.09730935856383209,0.25055045776163115,0.43738489214491816,국가중점=N AND 도메인=산업고용 AND 표준=N,유형=FILE AND 형식=CSV,BI,0.060091201848226965,2240,['산업고용']
"frozenset({'형식=CSV', '도메인=공공행정', '주기=연간', '유형=FILE'})","frozenset({'국가중점=N', '표준=N'})",0.05795439141632691,0.9578428203497283,0.057777128974067546,0.9969413458078445,1.0408193543110138,1.0,0.002265931248200889,13.782917911541755,0.04163119160345551,0.060308891235020735,0.9274464227083146,0.5286306990306369,도메인=공공행정 AND 유형=FILE AND 주기=연간 AND 형식=CSV,국가중점=N AND 표준=N,BR,0.05995162020817099,2242,['공공행정']
"frozenset({'형식=CSV', '도메인=공공행정', '주기=연간'})","frozenset({'국가중점=N', '표준=N'})",0.05795439141632691,0.9578428203497283,0.057777128974067546,0.9969413458078445,1.0408193543110138,1.0,0.002265931248200889,13.782917911541755,0.04163119160345551,0.060308891235020735,0.9274464227083146,0.5286306990306369,도메인=공공행정 AND 주기=연간 AND 형식=CSV,국가중점=N AND 표준=N,BR,0.05995162020817099,2242,['공공행정']
"frozenset({'도메인=산업고용', '국가중점=N'})","frozenset({'형식=CSV', '표준=N'})",0.0905498263870786,0.6992794803082281,0.0700290918949355,0.7733763242745278,1.1059617020846078,1.0,0.006709456356978893,1.3269598541683676,0.10534888111468406,0.09728962350248438,0.24639769857489763,0.4367604821945235,국가중점=N AND 도메인=산업고용,표준=N AND 형식=CSV,BI,0.059897604729542635,2245,['산업고용']
"frozenset({'국가중점=N', '도메인=산업고용'})",frozenset({'형식=CSV'}),0.0905498263870786,0.6992794803082281,0.0700290918949355,0.7733763242745278,1.1059617020846078,1.0,0.006709456356978893,1.3269598541683676,0.10534888111468406,0.09728962350248438,0.24639769857489763,0.4367604821945235,국가중점=N AND 도메인=산업고용,형식=CSV,BI,0.059897604729542635,2245,['산업고용']
"frozenset({'국가중점=N', '도메인=산업고용'})","frozenset({'형식=CSV', '유형=FILE'})",0.0905498263870786,0.6992794803082281,0.0700290918949355,0.7733763242745278,1.1059617020846078,1.0,0.006709456356978893,1.3269598541683676,0.10534888111468406,0.09728962350248438,0.24639769857489763,0.4367604821945235,국가중점=N AND 도메인=산업고용,유형=FILE AND 형식=CSV,BI,0.059897604729542635,2245,['산업고용']
"frozenset({'국가중점=N', '도메인=산업고용'})","frozenset({'형식=CSV', '표준=N', '유형=FILE'})",0.0905498263870786,0.6992794803082281,0.0700290918949355,0.7733763242745278,1.1059617020846078,1.0,0.006709456356978893,1.3269598541683676,0.10534888111468406,0.09728962350248438,0.24639769857489763,0.4367604821945235,국가중점=N AND 도메인=산업고용,유형=FILE AND 표준=N AND 형식=CSV,BI,0.059897604729542635,2245,['산업고용']
"frozenset({'형식=CSV', '주기=연간', '도메인=공공행정', '표준=N', '유형=FILE'})",frozenset({'국가중점=N'}),0.05795439141632691,0.9609709810954818,0.057777128974067546,0.9969413458078445,1.0374312704753659,1.0,0.0020846405959283054,12.760193357135991,0.03830039951227101,0.060112609436193405,0.9216312815949014,0.5285325218622556,도메인=공공행정 AND 유형=FILE AND 주기=연간 AND 표준=N AND 형식=CSV,국가중점=N,BR,0.059756465194472516,2249,['공공행정']
"frozenset({'형식=CSV', '도메인=공공행정', '주기=연간', '유형=FILE'})",frozenset({'국가중점=N'}),0.05795439141632691,0.9609709810954818,0.057777128974067546,0.9969413458078445,1.0374312704753659,1.0,0.0020846405959283054,12.760193357135991,0.03830039951227101,0.060112609436193405,0.9216312815949014,0.5285325218622556,도메인=공공행정 AND 유형=FILE AND 주기=연간 AND 형식=CSV,국가중점=N,BR,0.059756465194472516,2249,['공공행정']
"frozenset({'형식=CSV', '도메인=공공행정', '표준=N', '주기=연간'})",frozenset({'국가중점=N'}),0.05795439141632691,0.9609709810954818,0.057777128974067546,0.9969413458078445,1.0374312704753659,1.0,0.0020846405959283054,12.760193357135991,0.03830039951227101,0.060112609436193405,0.9216312815949014,0.5285325218622556,도메인=공공행정 AND 주기=연간 AND 표준=N AND 형식=CSV,국가중점=N,BR,0.059756465194472516,2249,['공공행정']
"frozenset({'형식=CSV', '도메인=공공행정', '주기=연간'})",frozenset({'국가중점=N'}),0.05795439141632691,0.9609709810954818,0.057777128974067546,0.9969413458078445,1.0374312704753659,1.0,0.0020846405959283054,12.760193357135991,0.03830039951227101,0.060112609436193405,0.9216312815949014,0.5285325218622556,도메인=공공행정 AND 주기=연간 AND 형식=CSV,국가중점=N,BR,0.059756465194472516,2249,['공공행정']
"frozenset({'형식=CSV', '도메인=환경기상', '유형=FILE'})","frozenset({'국가중점=N', '표준=N'})",0.05847575154061917,0.9578428203497283,0.058027381833727826,0.9923323823109843,1.036007538218706,1.0,0.0020168030559911884,5.498080546016824,0.03691467127291207,0.06055297433163226,0.8181183430052754,0.5264568508550349,도메인=환경기상 AND 유형=FILE AND 형식=CSV,국가중점=N AND 표준=N,BR,0.05965585232539036,2252,['환경기상']
"frozenset({'형식=CSV', '도메인=환경기상'})","frozenset({'국가중점=N', '표준=N'})",0.05847575154061917,0.9578428203497283,0.058027381833727826,0.9923323823109843,1.036007538218706,1.0,0.0020168030559911884,5.498080546016824,0.03691467127291207,0.06055297433163226,0.8181183430052754,0.5264568508550349,도메인=환경기상 AND 형식=CSV,국가중점=N AND 표준=N,BR,0.05965585232539036,2252,['환경기상']
"frozenset({'다운로드=L3(상)', '표준=N', '조회수=L2(중)'})",frozenset({'유형=FILE'}),0.05199003159442353,0.8711614860848983,0.051937895581994305,0.9989971921379863,1.1467416869260332,1.0,0.006646182396595486,128.47776607613443,0.1349817340033155,0.05961556874760628,0.9922165520888072,0.5293081643359566,다운로드=L3(상) AND 조회수=L2(중) AND 표준=N,유형=FILE,BR,0.05949962341065282,2255,[]
"frozenset({'다운로드=L3(상)', '조회수=L2(중)'})","frozenset({'표준=N', '유형=FILE'})",0.05199003159442353,0.8711614860848983,0.051937895581994305,0.9989971921379863,1.1467416869260332,1.0,0.006646182396595486,128.47776607613443,0.1349817340033155,0.05961556874760628,0.9922165520888072,0.5293081643359566,다운로드=L3(상) AND 조회수=L2(중),유형=FILE AND 표준=N,BR,0.05949962341065282,2255,[]
"frozenset({'다운로드=L3(상)', '조회수=L2(중)'})",frozenset({'유형=FILE'}),0.05199003159442353,0.8711614860848983,0.051937895581994305,0.9989971921379863,1.1467416869260332,1.0,0.006646182396595486,128.47776607613443,0.1349817340033155,0.05961556874760628,0.9922165520888072,0.5293081643359566,다운로드=L3(상) AND 조회수=L2(중),유형=FILE,BR,0.05949962341065282,2255,[]
"frozenset({'형식=CSV', '도메인=환경기상', '표준=N', '유형=FILE'})",frozenset({'국가중점=N'}),0.05847575154061917,0.9609709810954818,0.058027381833727826,0.9923323823109843,1.0326351178469002,1.0,0.001833881505443391,5.090110186431111,0.03356655610264588,0.0603559537108337,0.803540598656246,0.5263582484471588,도메인=환경기상 AND 유형=FILE AND 표준=N AND 형식=CSV,국가중점=N,BR,0.05946166009776865,2258,['환경기상']
"frozenset({'형식=CSV', '도메인=환경기상', '표준=N'})",frozenset({'국가중점=N'}),0.05847575154061917,0.9609709810954818,0.058027381833727826,0.9923323823109843,1.0326351178469002,1.0,0.001833881505443391,5.090110186431111,0.03356655610264588,0.0603559537108337,0.803540598656246,0.5263582484471588,도메인=환경기상 AND 표준=N AND 형식=CSV,국가중점=N,BR,0.05946166009776865,2258,['환경기상']
"frozenset({'형식=CSV', '도메인=환경기상', '유형=FILE'})",frozenset({'국가중점=N'}),0.05847575154061917,0.9609709810954818,0.058027381833727826,0.9923323823109843,1.0326351178469002,1.0,0.001833881505443391,5.090110186431111,0.03356655610264588,0.0603559537108337,0.803540598656246,0.5263582484471588,도메인=환경기상 AND 유형=FILE AND 형식=CSV,국가중점=N,BR,0.05946166009776865,2258,['환경기상']
"frozenset({'형식=CSV', '도메인=환경기상'})",frozenset({'국가중점=N'}),0.05847575154061917,0.9609709810954818,0.058027381833727826,0.9923323823109843,1.0326351178469002,1.0,0.001833881505443391,5.090110186431111,0.03356655610264588,0.0603559537108337,0.803540598656246,0.5263582484471588,도메인=환경기상 AND 형식=CSV,국가중점=N,BR,0.05946166009776865,2258,['환경기상']
"frozenset({'유형=API', '형식=JSON+XML'})",frozenset({'표준=N'}),0.05926821892954339,0.9968718392542465,0.05926821892954339,1.0,1.0031379768417308,1.0,0.0001854005159261235,inf,0.0033252419113490514,0.059454201227994934,1.0,0.5297271006139974,유형=API AND 형식=JSON+XML,표준=N,BR,0.05945420122799493,2263,[]
"frozenset({'조회수=L1(하)', '형식=CSV', '유형=FILE', '다운로드=L2(중)'})",frozenset({'표준=N'}),0.05926821892954339,0.9968718392542465,0.05926821892954339,1.0,1.0031379768417308,1.0,0.0001854005159261235,inf,0.0033252419113490514,0.059454201227994934,1.0,0.5297271006139974,다운로드=L2(중) AND 유형=FILE AND 조회수=L1(하) AND 형식=CSV,표준=N,BR,0.05945420122799493,2263,[]
"frozenset({'조회수=L1(하)', '형식=CSV', '국가중점=N', '다운로드=L2(중)'})",frozenset({'표준=N'}),0.05926821892954339,0.9968718392542465,0.05926821892954339,1.0,1.0031379768417308,1.0,0.0001854005159261235,inf,0.0033252419113490514,0.059454201227994934,1.0,0.5297271006139974,국가중점=N AND 다운로드=L2(중) AND 조회수=L1(하) AND 형식=CSV,표준=N,BR,0.05945420122799493,2263,[]
"frozenset({'국가중점=N', '조회수=L1(하)', '형식=CSV', '다운로드=L2(중)', '유형=FILE'})",frozenset({'표준=N'}),0.05926821892954339,0.9968718392542465,0.05926821892954339,1.0,1.0031379768417308,1.0,0.0001854005159261235,inf,0.0033252419113490514,0.059454201227994934,1.0,0.5297271006139974,국가중점=N AND 다운로드=L2(중) AND 유형=FILE AND 조회수=L1(하) AND 형식=CSV,표준=N,BR,0.05945420122799493,2263,[]
frozenset({'형식=JSON+XML'}),frozenset({'표준=N'}),0.05926821892954339,0.9968718392542465,0.05926821892954339,1.0,1.0031379768417308,1.0,0.0001854005159261235,inf,0.0033252419113490514,0.059454201227994934,1.0,0.5297271006139974,형식=JSON+XML,표준=N,BR,0.05945420122799493,2263,[]
"frozenset({'조회수=L1(하)', '형식=CSV', '다운로드=L2(중)'})",frozenset({'표준=N'}),0.05926821892954339,0.9968718392542465,0.05926821892954339,1.0,1.0031379768417308,1.0,0.0001854005159261235,inf,0.0033252419113490514,0.059454201227994934,1.0,0.5297271006139974,다운로드=L2(중) AND 조회수=L1(하) AND 형식=CSV,표준=N,BR,0.05945420122799493,2263,[]
"frozenset({'다운로드=L3(상)', '국가중점=N', '조회수=L2(중)'})",frozenset({'유형=FILE'}),0.051927468379508464,0.8711614860848983,0.05187533236707924,0.998995983935743,1.1467403000393737,1.0,0.006638121844960078,128.3231598594397,0.13497171415185533,0.05954375718115664,0.9922071744407217,0.5292716523027728,국가중점=N AND 다운로드=L3(상) AND 조회수=L2(중),유형=FILE,BR,0.05942780776330356,2268,[]
"frozenset({'다운로드=L3(상)', '국가중점=N', '표준=N', '조회수=L2(중)'})",frozenset({'유형=FILE'}),0.051927468379508464,0.8711614860848983,0.05187533236707924,0.998995983935743,1.1467403000393737,1.0,0.006638121844960078,128.3231598594397,0.13497171415185533,0.05954375718115664,0.9922071744407217,0.5292716523027728,국가중점=N AND 다운로드=L3(상) AND 조회수=L2(중) AND 표준=N,유형=FILE,BR,0.05942780776330356,2268,[]
"frozenset({'다운로드=L3(상)', '국가중점=N', '조회수=L2(중)'})","frozenset({'표준=N', '유형=FILE'})",0.051927468379508464,0.8711614860848983,0.05187533236707924,0.998995983935743,1.1467403000393737,1.0,0.006638121844960078,128.3231598594397,0.13497171415185533,0.05954375718115664,0.9922071744407217,0.5292716523027728,국가중점=N AND 다운로드=L3(상) AND 조회수=L2(중),유형=FILE AND 표준=N,BR,0.05942780776330356,2268,[]
"frozenset({'다운로드=L0(최소)', '국가중점=N', '형식=CSV', '주기=수시', '조회수=L0(최소)'})","frozenset({'표준=N', '유형=FILE'})",0.05177106034222079,0.8711614860848983,0.05177106034222079,1.0,1.1478928028534836,1.0,0.006670106478300783,inf,0.13587279245200026,0.05942762756292865,1.0,0.5297138137814643,국가중점=N AND 다운로드=L0(최소) AND 조회수=L0(최소) AND 주기=수시 AND 형식=CSV,유형=FILE AND 표준=N,BR,0.05942762756292865,2272,[]
"frozenset({'다운로드=L0(최소)', '국가중점=N', '형식=CSV', '주기=수시', '조회수=L0(최소)', '표준=N'})",frozenset({'유형=FILE'}),0.05177106034222079,0.8711614860848983,0.05177106034222079,1.0,1.1478928028534836,1.0,0.006670106478300783,inf,0.13587279245200026,0.05942762756292865,1.0,0.5297138137814643,국가중점=N AND 다운로드=L0(최소) AND 조회수=L0(최소) AND 주기=수시 AND 표준=N AND 형식=CSV,유형=FILE,BR,0.05942762756292865,2272,[]
"frozenset({'다운로드=L0(최소)', '국가중점=N', '형식=CSV', '주기=수시', '조회수=L0(최소)'})",frozenset({'유형=FILE'}),0.05177106034222079,0.8711614860848983,0.05177106034222079,1.0,1.1478928028534836,1.0,0.006670106478300783,inf,0.13587279245200026,0.05942762756292865,1.0,0.5297138137814643,국가중점=N AND 다운로드=L0(최소) AND 조회수=L0(최소) AND 주기=수시 AND 형식=CSV,유형=FILE,BR,0.05942762756292865,2272,[]
"frozenset({'형식=CSV', '다운로드=L0(최소)', '주기=수시', '조회수=L0(최소)'})","frozenset({'표준=N', '유형=FILE'})",0.05177106034222079,0.8711614860848983,0.05177106034222079,1.0,1.1478928028534836,1.0,0.006670106478300783,inf,0.13587279245200026,0.05942762756292865,1.0,0.5297138137814643,다운로드=L0(최소) AND 조회수=L0(최소) AND 주기=수시 AND 형식=CSV,유형=FILE AND 표준=N,BR,0.05942762756292865,2272,[]
"frozenset({'다운로드=L0(최소)', '형식=CSV', '주기=수시', '조회수=L0(최소)', '표준=N'})",frozenset({'유형=FILE'}),0.05177106034222079,0.8711614860848983,0.05177106034222079,1.0,1.1478928028534836,1.0,0.006670106478300783,inf,0.13587279245200026,0.05942762756292865,1.0,0.5297138137814643,다운로드=L0(최소) AND 조회수=L0(최소) AND 주기=수시 AND 표준=N AND 형식=CSV,유형=FILE,BR,0.05942762756292865,2272,[]
"frozenset({'형식=CSV', '다운로드=L0(최소)', '주기=수시', '조회수=L0(최소)'})",frozenset({'유형=FILE'}),0.05177106034222079,0.8711614860848983,0.05177106034222079,1.0,1.1478928028534836,1.0,0.006670106478300783,inf,0.13587279245200026,0.05942762756292865,1.0,0.5297138137814643,다운로드=L0(최소) AND 조회수=L0(최소) AND 주기=수시 AND 형식=CSV,유형=FILE,BR,0.05942762756292865,2272,[]
"frozenset({'다운로드=L1(하)', '표준=N', '유형=FILE', '조회수=L0(최소)'})",frozenset({'형식=CSV'}),0.06071760007507586,0.6992794803082281,0.05349154875238522,0.8809891808346213,1.2598527565063105,1.0,0.011032976926323344,2.5268334576698233,0.21958939032750613,0.07571285199834701,0.6042477603877492,0.4787422083288267,다운로드=L1(하) AND 유형=FILE AND 조회수=L0(최소) AND 표준=N,형식=CSV,BI,0.05937116048365688,2278,[]
"frozenset({'다운로드=L1(하)', '국가중점=N', '조회수=L0(최소)', '표준=N', '유형=FILE'})",frozenset({'형식=CSV'}),0.06071760007507586,0.6992794803082281,0.05349154875238522,0.8809891808346213,1.2598527565063105,1.0,0.011032976926323344,2.5268334576698233,0.21958939032750613,0.07571285199834701,0.6042477603877492,0.4787422083288267,국가중점=N AND 다운로드=L1(하) AND 유형=FILE AND 조회수=L0(최소) AND 표준=N,형식=CSV,BI,0.05937116048365688,2278,[]
"frozenset({'다운로드=L1(하)', '국가중점=N', '유형=FILE', '조회수=L0(최소)'})","frozenset({'형식=CSV', '표준=N'})",0.06071760007507586,0.6992794803082281,0.05349154875238522,0.8809891808346213,1.2598527565063105,1.0,0.011032976926323344,2.5268334576698233,0.21958939032750613,0.07571285199834701,0.6042477603877492,0.4787422083288267,국가중점=N AND 다운로드=L1(하) AND 유형=FILE AND 조회수=L0(최소),표준=N AND 형식=CSV,BI,0.05937116048365688,2278,[]
"frozenset({'다운로드=L1(하)', '유형=FILE', '조회수=L0(최소)'})",frozenset({'형식=CSV'}),0.06071760007507586,0.6992794803082281,0.05349154875238522,0.8809891808346213,1.2598527565063105,1.0,0.011032976926323344,2.5268334576698233,0.21958939032750613,0.07571285199834701,0.6042477603877492,0.4787422083288267,다운로드=L1(하) AND 유형=FILE AND 조회수=L0(최소),형식=CSV,BI,0.05937116048365688,2278,[]
"frozenset({'다운로드=L1(하)', '유형=FILE', '조회수=L0(최소)'})","frozenset({'형식=CSV', '표준=N'})",0.06071760007507586,0.6992794803082281,0.05349154875238522,0.8809891808346213,1.2598527565063105,1.0,0.011032976926323344,2.5268334576698233,0.21958939032750613,0.07571285199834701,0.6042477603877492,0.4787422083288267,다운로드=L1(하) AND 유형=FILE AND 조회수=L0(최소),표준=N AND 형식=CSV,BI,0.05937116048365688,2278,[]
"frozenset({'다운로드=L1(하)', '국가중점=N', '유형=FILE', '조회수=L0(최소)'})",frozenset({'형식=CSV'}),0.06071760007507586,0.6992794803082281,0.05349154875238522,0.8809891808346213,1.2598527565063105,1.0,0.011032976926323344,2.5268334576698233,0.21958939032750613,0.07571285199834701,0.6042477603877492,0.4787422083288267,국가중점=N AND 다운로드=L1(하) AND 유형=FILE AND 조회수=L0(최소),형식=CSV,BI,0.05937116048365688,2278,[]
"frozenset({'형식=CSV', '주기=수시', '유형=FILE', '조회수=L2(중)'})",frozenset({'표준=N'}),0.05916394690468494,0.9968718392542465,0.05916394690468494,1.0,1.0031379768417308,1.0,0.00018507433627108077,inf,0.0033248733777388605,0.059349601999937246,1.0,0.5296748009999687,유형=FILE AND 조회수=L2(중) AND 주기=수시 AND 형식=CSV,표준=N,BR,0.05934960199993723,2283,[]
"frozenset({'도메인=농축수산', '유형=FILE'})",frozenset({'표준=N'}),0.05916394690468494,0.9968718392542465,0.05916394690468494,1.0,1.0031379768417308,1.0,0.00018507433627108077,inf,0.0033248733777388605,0.059349601999937246,1.0,0.5296748009999687,도메인=농축수산 AND 유형=FILE,표준=N,BR,0.05934960199993723,2283,['농축수산']
"frozenset({'형식=CSV', '주기=수시', '조회수=L2(중)'})",frozenset({'표준=N'}),0.05916394690468494,0.9968718392542465,0.05916394690468494,1.0,1.0031379768417308,1.0,0.00018507433627108077,inf,0.0033248733777388605,0.059349601999937246,1.0,0.5296748009999687,조회수=L2(중) AND 주기=수시 AND 형식=CSV,표준=N,BR,0.05934960199993723,2283,[]
"frozenset({'조회수=L4(최대)', '다운로드=L4(최대)', '주기=연간'})",frozenset({'표준=N'}),0.05913266529722741,0.9968718392542465,0.05913266529722741,1.0,1.0031379768417308,1.0,0.00018497648237456726,inf,0.003324762833584519,0.05931822223151993,1.0,0.5296591111157599,다운로드=L4(최대) AND 조회수=L4(최대) AND 주기=연간,표준=N,BR,0.059318222231519925,2285,[]
"frozenset({'조회수=L4(최대)', '다운로드=L4(최대)', '주기=연간', '유형=FILE'})",frozenset({'표준=N'}),0.05913266529722741,0.9968718392542465,0.05913266529722741,1.0,1.0031379768417308,1.0,0.00018497648237456726,inf,0.003324762833584519,0.05931822223151993,1.0,0.5296591111157599,다운로드=L4(최대) AND 유형=FILE AND 조회수=L4(최대) AND 주기=연간,표준=N,BR,0.059318222231519925,2285,[]
"frozenset({'도메인=환경기상', '표준=N', '유형=FILE'})",frozenset({'형식=CSV'}),0.06947645016318572,0.6992794803082281,0.05847575154061917,0.8416629146030316,1.2036144893484415,1.0,0.00989229557684615,1.8992424859775119,0.1818000102785865,0.0823277254176576,0.47347428915306994,0.4626428883439684,도메인=환경기상 AND 유형=FILE AND 표준=N,형식=CSV,BI,0.059238139628047304,2288,['환경기상']
"frozenset({'도메인=환경기상', '유형=FILE'})","frozenset({'형식=CSV', '표준=N'})",0.06947645016318572,0.6992794803082281,0.05847575154061917,0.8416629146030316,1.2036144893484415,1.0,0.00989229557684615,1.8992424859775119,0.1818000102785865,0.0823277254176576,0.47347428915306994,0.4626428883439684,도메인=환경기상 AND 유형=FILE,표준=N AND 형식=CSV,BI,0.059238139628047304,2288,['환경기상']
"frozenset({'도메인=환경기상', '유형=FILE'})",frozenset({'형식=CSV'}),0.06947645016318572,0.6992794803082281,0.05847575154061917,0.8416629146030316,1.2036144893484415,1.0,0.00989229557684615,1.8992424859775119,0.1818000102785865,0.0823277254176576,0.47347428915306994,0.4626428883439684,도메인=환경기상 AND 유형=FILE,형식=CSV,BI,0.059238139628047304,2288,['환경기상']
"frozenset({'도메인=농축수산', '유형=FILE'})","frozenset({'국가중점=N', '표준=N'})",0.05916394690468494,0.9578428203497283,0.05832977070581734,0.985900599224533,1.0292926754564597,1.0,0.0016600089396123369,2.9899979666955248,0.030248664589432577,0.06084402871437895,0.6655516120282929,0.52339880821231,도메인=농축수산 AND 유형=FILE,국가중점=N AND 표준=N,BR,0.05919190020398361,2290,['농축수산']
"frozenset({'도메인=농축수산', '유형=FILE'})",frozenset({'국가중점=N'}),0.05916394690468494,0.9609709810954818,0.05832977070581734,0.985900599224533,1.025942113361875,1.0,0.001474934603341256,2.768133165802957,0.02687624207507965,0.060646140503035566,0.6387457032942531,0.5232996919733776,도메인=농축수산 AND 유형=FILE,국가중점=N,BR,0.058999218237173766,2291,['농축수산']
"frozenset({'표준=N', '유형=FILE', '도메인=농축수산'})",frozenset({'국가중점=N'}),0.05916394690468494,0.9609709810954818,0.05832977070581734,0.985900599224533,1.025942113361875,1.0,0.001474934603341256,2.768133165802957,0.02687624207507965,0.060646140503035566,0.6387457032942531,0.5232996919733776,도메인=농축수산 AND 유형=FILE AND 표준=N,국가중점=N,BR,0.058999218237173766,2291,['농축수산']
"frozenset({'도메인=환경기상', '표준=N', '유형=FILE'})","frozenset({'형식=CSV', '국가중점=N'})",0.06947645016318572,0.6867564101227281,0.058027381833727826,0.8352093651508329,1.2161653722337664,1.0,0.01031398433158777,1.9008579593372144,0.191014406168411,0.08310931899641577,0.4739217651230095,0.45985210901251217,도메인=환경기상 AND 유형=FILE AND 표준=N,국가중점=N AND 형식=CSV,BI,0.05894147026255553,2294,['환경기상']
"frozenset({'도메인=환경기상', '유형=FILE'})","frozenset({'형식=CSV', '국가중점=N', '표준=N'})",0.06947645016318572,0.6867564101227281,0.058027381833727826,0.8352093651508329,1.2161653722337664,1.0,0.01031398433158777,1.9008579593372144,0.191014406168411,0.08310931899641577,0.4739217651230095,0.45985210901251217,도메인=환경기상 AND 유형=FILE,국가중점=N AND 표준=N AND 형식=CSV,BI,0.05894147026255553,2294,['환경기상']
"frozenset({'도메인=환경기상', '유형=FILE'})","frozenset({'형식=CSV', '국가중점=N'})",0.06947645016318572,0.6867564101227281,0.058027381833727826,0.8352093651508329,1.2161653722337664,1.0,0.01031398433158777,1.9008579593372144,0.191014406168411,0.08310931899641577,0.4739217651230095,0.45985210901251217,도메인=환경기상 AND 유형=FILE,국가중점=N AND 형식=CSV,BI,0.05894147026255553,2294,['환경기상']
"frozenset({'도메인=산업고용', '표준=N'})","frozenset({'형식=CSV', '유형=FILE'})",0.09232245080967227,0.6992794803082281,0.07055045201922776,0.7641743844590015,1.0928025288575165,1.0,0.005991256596258182,1.275181743942025,0.09355920566712597,0.09784384896820002,0.21579805800179017,0.43253229608706756,도메인=산업고용 AND 표준=N,유형=FILE AND 형식=CSV,BI,0.05891609690015428,2296,['산업고용']
"frozenset({'도메인=산업고용', '표준=N'})",frozenset({'형식=CSV'}),0.09232245080967227,0.6992794803082281,0.07055045201922776,0.7641743844590015,1.0928025288575165,1.0,0.005991256596258182,1.275181743942025,0.09355920566712597,0.09784384896820002,0.21579805800179017,0.43253229608706756,도메인=산업고용 AND 표준=N,형식=CSV,BI,0.05891609690015428,2296,['산업고용']
"frozenset({'형식=CSV', '국가중점=N', '주기=수시', '조회수=L2(중)'})",frozenset({'표준=N'}),0.05872600440027945,0.9968718392542465,0.05872600440027945,1.0,1.0031379768417308,1.0,0.00018370438171989856,inf,0.003323326428199456,0.05891028524209491,1.0,0.5294551426210474,국가중점=N AND 조회수=L2(중) AND 주기=수시 AND 형식=CSV,표준=N,BR,0.058910285242094906,2298,[]
"frozenset({'국가중점=N', '형식=CSV', '주기=수시', '조회수=L2(중)', '유형=FILE'})",frozenset({'표준=N'}),0.05872600440027945,0.9968718392542465,0.05872600440027945,1.0,1.0031379768417308,1.0,0.00018370438171989856,inf,0.003323326428199456,0.05891028524209491,1.0,0.5294551426210474,국가중점=N AND 유형=FILE AND 조회수=L2(중) AND 주기=수시 AND 형식=CSV,표준=N,BR,0.058910285242094906,2298,[]
"frozenset({'도메인=교통물류', '국가중점=N', '표준=N', '유형=FILE'})",frozenset({'형식=CSV'}),0.06660896947957833,0.6992794803082281,0.056723981522997194,0.8515967438948027,1.2178202962847362,1.0,0.01014569596145104,2.026374134800673,0.19162471127086822,0.07998706091661643,0.5065077160105154,0.46635724942082185,국가중점=N AND 도메인=교통물류 AND 유형=FILE AND 표준=N,형식=CSV,BI,0.05882797604214741,2301,['교통물류']
"frozenset({'국가중점=N', '도메인=교통물류', '유형=FILE'})",frozenset({'형식=CSV'}),0.06660896947957833,0.6992794803082281,0.056723981522997194,0.8515967438948027,1.2178202962847362,1.0,0.01014569596145104,2.026374134800673,0.19162471127086822,0.07998706091661643,0.5065077160105154,0.46635724942082185,국가중점=N AND 도메인=교통물류 AND 유형=FILE,형식=CSV,BI,0.05882797604214741,2301,['교통물류']
"frozenset({'국가중점=N', '도메인=교통물류', '유형=FILE'})","frozenset({'형식=CSV', '표준=N'})",0.06660896947957833,0.6992794803082281,0.056723981522997194,0.8515967438948027,1.2178202962847362,1.0,0.01014569596145104,2.026374134800673,0.19162471127086822,0.07998706091661643,0.5065077160105154,0.46635724942082185,국가중점=N AND 도메인=교통물류 AND 유형=FILE,표준=N AND 형식=CSV,BI,0.05882797604214741,2301,['교통물류']
"frozenset({'다운로드=L1(하)', '국가중점=N', '표준=N', '조회수=L0(최소)'})","frozenset({'형식=CSV', '유형=FILE'})",0.060999134542193675,0.6992794803082281,0.05349154875238522,0.8769230769230769,1.2540380514762812,1.0,0.010836105650468345,2.443354222495647,0.21573572366058896,0.07568269330068013,0.5907265549983997,0.4767091563730545,국가중점=N AND 다운로드=L1(하) AND 조회수=L0(최소) AND 표준=N,유형=FILE AND 형식=CSV,BI,0.058824383713380175,2305,[]
"frozenset({'다운로드=L1(하)', '국가중점=N', '조회수=L0(최소)'})","frozenset({'형식=CSV', '유형=FILE'})",0.060999134542193675,0.6992794803082281,0.05349154875238522,0.8769230769230769,1.2540380514762812,1.0,0.010836105650468345,2.443354222495647,0.21573572366058896,0.07568269330068013,0.5907265549983997,0.4767091563730545,국가중점=N AND 다운로드=L1(하) AND 조회수=L0(최소),유형=FILE AND 형식=CSV,BI,0.058824383713380175,2305,[]
"frozenset({'다운로드=L1(하)', '국가중점=N', '조회수=L0(최소)'})",frozenset({'형식=CSV'}),0.060999134542193675,0.6992794803082281,0.05349154875238522,0.8769230769230769,1.2540380514762812,1.0,0.010836105650468345,2.443354222495647,0.21573572366058896,0.07568269330068013,0.5907265549983997,0.4767091563730545,국가중점=N AND 다운로드=L1(하) AND 조회수=L0(최소),형식=CSV,BI,0.058824383713380175,2305,[]
"frozenset({'다운로드=L1(하)', '국가중점=N', '조회수=L0(최소)'})","frozenset({'형식=CSV', '표준=N', '유형=FILE'})",0.060999134542193675,0.6992794803082281,0.05349154875238522,0.8769230769230769,1.2540380514762812,1.0,0.010836105650468345,2.443354222495647,0.21573572366058896,0.07568269330068013,0.5907265549983997,0.4767091563730545,국가중점=N AND 다운로드=L1(하) AND 조회수=L0(최소),유형=FILE AND 표준=N AND 형식=CSV,BI,0.058824383713380175,2305,[]
"frozenset({'다운로드=L1(하)', '국가중점=N', '표준=N', '조회수=L0(최소)'})",frozenset({'형식=CSV'}),0.060999134542193675,0.6992794803082281,0.05349154875238522,0.8769230769230769,1.2540380514762812,1.0,0.010836105650468345,2.443354222495647,0.21573572366058896,0.07568269330068013,0.5907265549983997,0.4767091563730545,국가중점=N AND 다운로드=L1(하) AND 조회수=L0(최소) AND 표준=N,형식=CSV,BI,0.058824383713380175,2305,[]
"frozenset({'다운로드=L1(하)', '국가중점=N', '조회수=L0(최소)'})","frozenset({'형식=CSV', '표준=N'})",0.060999134542193675,0.6992794803082281,0.05349154875238522,0.8769230769230769,1.2540380514762812,1.0,0.010836105650468345,2.443354222495647,0.21573572366058896,0.07568269330068013,0.5907265549983997,0.4767091563730545,국가중점=N AND 다운로드=L1(하) AND 조회수=L0(최소),표준=N AND 형식=CSV,BI,0.058824383713380175,2305,[]
frozenset({'도메인=산업고용'}),frozenset({'형식=CSV'}),0.0924684316444741,0.6992794803082281,0.07055045201922776,0.7629679747406405,1.0910773106116882,1.0,0.005889175193962995,1.2686915169489217,0.09197989990504157,0.09782404395286633,0.2117863273769642,0.43192909122788703,도메인=산업고용,형식=CSV,BI,0.05873022087927115,2310,['산업고용']
frozenset({'도메인=산업고용'}),"frozenset({'형식=CSV', '유형=FILE'})",0.0924684316444741,0.6992794803082281,0.07055045201922776,0.7629679747406405,1.0910773106116882,1.0,0.005889175193962995,1.2686915169489217,0.09197989990504157,0.09782404395286633,0.2117863273769642,0.43192909122788703,도메인=산업고용,유형=FILE AND 형식=CSV,BI,0.05873022087927115,2310,['산업고용']
frozenset({'도메인=산업고용'}),"frozenset({'형식=CSV', '표준=N', '유형=FILE'})",0.0924684316444741,0.6992794803082281,0.07055045201922776,0.7629679747406405,1.0910773106116882,1.0,0.005889175193962995,1.2686915169489217,0.09197989990504157,0.09782404395286633,0.2117863273769642,0.43192909122788703,도메인=산업고용,유형=FILE AND 표준=N AND 형식=CSV,BI,0.05873022087927115,2310,['산업고용']
frozenset({'도메인=산업고용'}),"frozenset({'형식=CSV', '표준=N'})",0.0924684316444741,0.6992794803082281,0.07055045201922776,0.7629679747406405,1.0910773106116882,1.0,0.005889175193962995,1.2686915169489217,0.09197989990504157,0.09782404395286633,0.2117863273769642,0.43192909122788703,도메인=산업고용,표준=N AND 형식=CSV,BI,0.05873022087927115,2310,['산업고용']
"frozenset({'유형=FILE', '국가중점=N', '도메인=환경기상'})","frozenset({'형식=CSV', '표준=N'})",0.068986371646351,0.6992794803082281,0.058027381833727826,0.8411426844014509,1.2028705375863344,1.0,0.009786627720517214,1.8930227957000585,0.18115238411007129,0.08170126552544263,0.47174434334786225,0.4620621791749139,국가중점=N AND 도메인=환경기상 AND 유형=FILE,표준=N AND 형식=CSV,BI,0.05871127822167766,2314,['환경기상']
"frozenset({'도메인=환경기상', '유형=FILE', '국가중점=N'})",frozenset({'형식=CSV'}),0.068986371646351,0.6992794803082281,0.058027381833727826,0.8411426844014509,1.2028705375863344,1.0,0.009786627720517214,1.8930227957000585,0.18115238411007129,0.08170126552544263,0.47174434334786225,0.4620621791749139,국가중점=N AND 도메인=환경기상 AND 유형=FILE,형식=CSV,BI,0.05871127822167766,2314,['환경기상']
"frozenset({'유형=FILE', '국가중점=N', '표준=N', '도메인=환경기상'})",frozenset({'형식=CSV'}),0.068986371646351,0.6992794803082281,0.058027381833727826,0.8411426844014509,1.2028705375863344,1.0,0.009786627720517214,1.8930227957000585,0.18115238411007129,0.08170126552544263,0.47174434334786225,0.4620621791749139,국가중점=N AND 도메인=환경기상 AND 유형=FILE AND 표준=N,형식=CSV,BI,0.05871127822167766,2314,['환경기상']
"frozenset({'도메인=산업고용', '표준=N'})","frozenset({'형식=CSV', '국가중점=N', '유형=FILE'})",0.09232245080967227,0.6867564101227281,0.0700290918949355,0.7585272193358933,1.1045069374748744,1.0,0.006626057003152816,1.2972211154225275,0.10424256269211116,0.09876470588235295,0.22912139795513387,0.43024900336992955,도메인=산업고용 AND 표준=N,국가중점=N AND 유형=FILE AND 형식=CSV,BI,0.05867027346955207,2316,['산업고용']
"frozenset({'도메인=산업고용', '표준=N'})","frozenset({'형식=CSV', '국가중점=N'})",0.09232245080967227,0.6867564101227281,0.0700290918949355,0.7585272193358933,1.1045069374748744,1.0,0.006626057003152816,1.2972211154225275,0.10424256269211116,0.09876470588235295,0.22912139795513387,0.43024900336992955,도메인=산업고용 AND 표준=N,국가중점=N AND 형식=CSV,BI,0.05867027346955207,2316,['산업고용']
"frozenset({'형식=CSV', '도메인=환경기상'})",frozenset({'표준=N'}),0.05847575154061917,0.9968718392542465,0.05847575154061917,1.0,1.0031379768417308,1.0,0.0001829215505477974,inf,0.0033224431031617947,0.05865924709475643,1.0,0.5293296235473782,도메인=환경기상 AND 형식=CSV,표준=N,BR,0.05865924709475643,2318,['환경기상']
"frozenset({'형식=CSV', '도메인=환경기상', '유형=FILE'})",frozenset({'표준=N'}),0.05847575154061917,0.9968718392542465,0.05847575154061917,1.0,1.0031379768417308,1.0,0.0001829215505477974,inf,0.0033224431031617947,0.05865924709475643,1.0,0.5293296235473782,도메인=환경기상 AND 유형=FILE AND 형식=CSV,표준=N,BR,0.05865924709475643,2318,['환경기상']
"frozenset({'국가중점=N', '도메인=농축수산', '유형=FILE'})",frozenset({'표준=N'}),0.05832977070581734,0.9968718392542465,0.05832977070581734,1.0,1.0031379768417308,1.0,0.00018246489903073898,inf,0.003321928047038455,0.05851280817547567,1.0,0.5292564040877379,국가중점=N AND 도메인=농축수산 AND 유형=FILE,표준=N,BR,0.05851280817547566,2320,['농축수산']
frozenset({'도메인=산업고용'}),"frozenset({'형식=CSV', '국가중점=N', '유형=FILE'})",0.0924684316444741,0.6867564101227281,0.0700290918949355,0.7573297248534054,1.1027632413624875,1.0,0.006525803729097598,1.2908197746429582,0.10268187070757692,0.09874437615784985,0.22529851212063992,0.4296502561286857,도메인=산업고용,국가중점=N AND 유형=FILE AND 형식=CSV,BI,0.058485173003797755,2322,['산업고용']
frozenset({'도메인=산업고용'}),"frozenset({'형식=CSV', '국가중점=N', '표준=N'})",0.0924684316444741,0.6867564101227281,0.0700290918949355,0.7573297248534054,1.1027632413624875,1.0,0.006525803729097598,1.2908197746429582,0.10268187070757692,0.09874437615784985,0.22529851212063992,0.4296502561286857,도메인=산업고용,국가중점=N AND 표준=N AND 형식=CSV,BI,0.058485173003797755,2322,['산업고용']
frozenset({'도메인=산업고용'}),"frozenset({'형식=CSV', '국가중점=N', '표준=N', '유형=FILE'})",0.0924684316444741,0.6867564101227281,0.0700290918949355,0.7573297248534054,1.1027632413624875,1.0,0.006525803729097598,1.2908197746429582,0.10268187070757692,0.09874437615784985,0.22529851212063992,0.4296502561286857,도메인=산업고용,국가중점=N AND 유형=FILE AND 표준=N AND 형식=CSV,BI,0.058485173003797755,2322,['산업고용']
frozenset({'도메인=산업고용'}),"frozenset({'형식=CSV', '국가중점=N'})",0.0924684316444741,0.6867564101227281,0.0700290918949355,0.7573297248534054,1.1027632413624875,1.0,0.006525803729097598,1.2908197746429582,0.10268187070757692,0.09874437615784985,0.22529851212063992,0.4296502561286857,도메인=산업고용,국가중점=N AND 형식=CSV,BI,0.058485173003797755,2322,['산업고용']
"frozenset({'다운로드=L1(하)', '주기=연간'})",frozenset({'표준=N'}),0.0582046442759872,0.9968718392542465,0.0582046442759872,1.0,1.0031379768417308,1.0,0.00018207348344469187,inf,0.0033214866974458,0.058387289101806426,1.0,0.5291936445509032,다운로드=L1(하) AND 주기=연간,표준=N,BR,0.058387289101806426,2325,[]
"frozenset({'다운로드=L1(하)', '주기=연간', '유형=FILE'})",frozenset({'표준=N'}),0.0582046442759872,0.9968718392542465,0.0582046442759872,1.0,1.0031379768417308,1.0,0.00018207348344469187,inf,0.0033214866974458,0.058387289101806426,1.0,0.5291936445509032,다운로드=L1(하) AND 유형=FILE AND 주기=연간,표준=N,BR,0.058387289101806426,2325,[]
"frozenset({'다운로드=L1(하)', '국가중점=N', '주기=연간'})",frozenset({'표준=N'}),0.058142081061072125,0.9968718392542465,0.058142081061072125,1.0,1.0031379768417308,1.0,0.00018187777565166485,inf,0.003321266066624593,0.05832452956497181,1.0,0.529162264782486,국가중점=N AND 다운로드=L1(하) AND 주기=연간,표준=N,BR,0.058324529564971805,2327,[]
"frozenset({'다운로드=L1(하)', '국가중점=N', '주기=연간', '유형=FILE'})",frozenset({'표준=N'}),0.058142081061072125,0.9968718392542465,0.058142081061072125,1.0,1.0031379768417308,1.0,0.00018187777565166485,inf,0.003321266066624593,0.05832452956497181,1.0,0.529162264782486,국가중점=N AND 다운로드=L1(하) AND 유형=FILE AND 주기=연간,표준=N,BR,0.058324529564971805,2327,[]
"frozenset({'형식=CSV', '국가중점=N', '유형=FILE', '도메인=환경기상'})",frozenset({'표준=N'}),0.058027381833727826,0.9968718392542465,0.058027381833727826,1.0,1.0031379768417308,1.0,0.00018151897803111994,inf,0.003320861652903568,0.05820947041410833,1.0,0.5291047352070541,국가중점=N AND 도메인=환경기상 AND 유형=FILE AND 형식=CSV,표준=N,BR,0.05820947041410833,2329,['환경기상']
"frozenset({'형식=CSV', '국가중점=N', '도메인=환경기상'})",frozenset({'표준=N'}),0.058027381833727826,0.9968718392542465,0.058027381833727826,1.0,1.0031379768417308,1.0,0.00018151897803111994,inf,0.003320861652903568,0.05820947041410833,1.0,0.5291047352070541,국가중점=N AND 도메인=환경기상 AND 형식=CSV,표준=N,BR,0.05820947041410833,2329,['환경기상']
"frozenset({'형식=CSV', '도메인=공공행정', '주기=연간'})",frozenset({'표준=N'}),0.05795439141632691,0.9968718392542465,0.05795439141632691,1.0,1.0031379768417308,1.0,0.00018129065227259072,inf,0.003320604349991736,0.058136250954467956,1.0,0.529068125477234,도메인=공공행정 AND 주기=연간 AND 형식=CSV,표준=N,BR,0.05813625095446795,2331,['공공행정']
"frozenset({'형식=CSV', '도메인=공공행정', '주기=연간', '유형=FILE'})",frozenset({'표준=N'}),0.05795439141632691,0.9968718392542465,0.05795439141632691,1.0,1.0031379768417308,1.0,0.00018129065227259072,inf,0.003320604349991736,0.058136250954467956,1.0,0.529068125477234,도메인=공공행정 AND 유형=FILE AND 주기=연간 AND 형식=CSV,표준=N,BR,0.05813625095446795,2331,['공공행정']
"frozenset({'형식=CSV', '도메인=공공행정', '국가중점=N', '주기=연간'})",frozenset({'표준=N'}),0.057777128974067546,0.9968718392542465,0.057777128974067546,1.0,1.0031379768417308,1.0,0.0001807361468590188,inf,0.0033199796374582644,0.05795843226676987,1.0,0.5289792161333849,국가중점=N AND 도메인=공공행정 AND 주기=연간 AND 형식=CSV,표준=N,BR,0.05795843226676986,2333,['공공행정']
"frozenset({'국가중점=N', '형식=CSV', '주기=연간', '도메인=공공행정', '유형=FILE'})",frozenset({'표준=N'}),0.057777128974067546,0.9968718392542465,0.057777128974067546,1.0,1.0031379768417308,1.0,0.0001807361468590188,inf,0.0033199796374582644,0.05795843226676987,1.0,0.5289792161333849,국가중점=N AND 도메인=공공행정 AND 유형=FILE AND 주기=연간 AND 형식=CSV,표준=N,BR,0.05795843226676986,2333,['공공행정']
"frozenset({'조회수=L4(최대)', '표준=N', '주기=수시'})","frozenset({'국가중점=N', '유형=FILE'})",0.06635871661991805,0.8547803509796357,0.060175385545811914,0.9068196103079823,1.0608802709008298,1.0,0.0034532584628801863,1.5584786616620534,0.06146532133135968,0.06989305913841758,0.35834860970535126,0.48860913178617615,조회수=L4(최대) AND 주기=수시 AND 표준=N,국가중점=N AND 유형=FILE,BI,0.05789034766691918,2336,[]
"frozenset({'조회수=L4(최대)', '주기=수시'})","frozenset({'국가중점=N', '유형=FILE'})",0.06635871661991805,0.8547803509796357,0.060175385545811914,0.9068196103079823,1.0608802709008298,1.0,0.0034532584628801863,1.5584786616620534,0.06146532133135968,0.06989305913841758,0.35834860970535126,0.48860913178617615,조회수=L4(최대) AND 주기=수시,국가중점=N AND 유형=FILE,BI,0.05789034766691918,2336,[]
"frozenset({'조회수=L4(최대)', '주기=수시'})","frozenset({'국가중점=N', '표준=N', '유형=FILE'})",0.06635871661991805,0.8547803509796357,0.060175385545811914,0.9068196103079823,1.0608802709008298,1.0,0.0034532584628801863,1.5584786616620534,0.06146532133135968,0.06989305913841758,0.35834860970535126,0.48860913178617615,조회수=L4(최대) AND 주기=수시,국가중점=N AND 유형=FILE AND 표준=N,BI,0.05789034766691918,2336,[]
"frozenset({'형식=CSV', '도메인=공공행정', '주기=수시'})",frozenset({'유형=FILE'}),0.05027997038674494,0.8711614860848983,0.05027997038674494,1.0,1.1478928028534836,1.0,0.00647799666432354,inf,0.1356594679461139,0.05771601613463081,1.0,0.5288580080673154,도메인=공공행정 AND 주기=수시 AND 형식=CSV,유형=FILE,BR,0.05771601613463081,2339,['공공행정']
"frozenset({'형식=CSV', '도메인=공공행정', '표준=N', '주기=수시'})",frozenset({'유형=FILE'}),0.05027997038674494,0.8711614860848983,0.05027997038674494,1.0,1.1478928028534836,1.0,0.00647799666432354,inf,0.1356594679461139,0.05771601613463081,1.0,0.5288580080673154,도메인=공공행정 AND 주기=수시 AND 표준=N AND 형식=CSV,유형=FILE,BR,0.05771601613463081,2339,['공공행정']
"frozenset({'형식=CSV', '도메인=공공행정', '주기=수시'})","frozenset({'표준=N', '유형=FILE'})",0.05027997038674494,0.8711614860848983,0.05027997038674494,1.0,1.1478928028534836,1.0,0.00647799666432354,inf,0.1356594679461139,0.05771601613463081,1.0,0.5288580080673154,도메인=공공행정 AND 주기=수시 AND 형식=CSV,유형=FILE AND 표준=N,BR,0.05771601613463081,2339,['공공행정']
"frozenset({'다운로드=L3(상)', '주기=연간', '조회수=L3(상)'})","frozenset({'국가중점=N', '표준=N'})",0.05544143561723825,0.9578428203497283,0.055368445199837336,0.998683468121121,1.0426381520054415,1.0,0.0022642641439839656,32.02138917149999,0.04329481326918354,0.05780095137535785,0.9687708739104289,0.5282444120488035,다운로드=L3(상) AND 조회수=L3(상) AND 주기=연간,국가중점=N AND 표준=N,BR,0.057653250980150915,2341,[]
"frozenset({'유형=FILE', '다운로드=L3(상)', '주기=연간', '조회수=L3(상)'})","frozenset({'국가중점=N', '표준=N'})",0.05544143561723825,0.9578428203497283,0.055368445199837336,0.998683468121121,1.0426381520054415,1.0,0.0022642641439839656,32.02138917149999,0.04329481326918354,0.05780095137535785,0.9687708739104289,0.5282444120488035,다운로드=L3(상) AND 유형=FILE AND 조회수=L3(상) AND 주기=연간,국가중점=N AND 표준=N,BR,0.057653250980150915,2341,[]
"frozenset({'다운로드=L3(상)', '주기=연간', '조회수=L3(상)'})",frozenset({'국가중점=N'}),0.05544143561723825,0.9609709810954818,0.055368445199837336,0.998683468121121,1.0392441476043823,1.0,0.0020908344213979024,29.645327645046876,0.039978677439960655,0.05761281152690225,0.9662678715521945,0.5281503278105605,다운로드=L3(상) AND 조회수=L3(상) AND 주기=연간,국가중점=N,BR,0.05746557763711658,2344,[]
"frozenset({'다운로드=L3(상)', '조회수=L3(상)', '주기=연간', '표준=N', '유형=FILE'})",frozenset({'국가중점=N'}),0.05544143561723825,0.9609709810954818,0.055368445199837336,0.998683468121121,1.0392441476043823,1.0,0.0020908344213979024,29.645327645046876,0.039978677439960655,0.05761281152690225,0.9662678715521945,0.5281503278105605,다운로드=L3(상) AND 유형=FILE AND 조회수=L3(상) AND 주기=연간 AND 표준=N,국가중점=N,BR,0.05746557763711658,2344,[]
"frozenset({'유형=FILE', '다운로드=L3(상)', '주기=연간', '조회수=L3(상)'})",frozenset({'국가중점=N'}),0.05544143561723825,0.9609709810954818,0.055368445199837336,0.998683468121121,1.0392441476043823,1.0,0.0020908344213979024,29.645327645046876,0.039978677439960655,0.05761281152690225,0.9662678715521945,0.5281503278105605,다운로드=L3(상) AND 유형=FILE AND 조회수=L3(상) AND 주기=연간,국가중점=N,BR,0.05746557763711658,2344,[]
"frozenset({'다운로드=L3(상)', '표준=N', '주기=연간', '조회수=L3(상)'})",frozenset({'국가중점=N'}),0.05544143561723825,0.9609709810954818,0.055368445199837336,0.998683468121121,1.0392441476043823,1.0,0.0020908344213979024,29.645327645046876,0.039978677439960655,0.05761281152690225,0.9662678715521945,0.5281503278105605,다운로드=L3(상) AND 조회수=L3(상) AND 주기=연간 AND 표준=N,국가중점=N,BR,0.05746557763711658,2344,[]
frozenset({'심의=심의필요'}),frozenset({'표준=N'}),0.05692209837022825,0.9968718392542465,0.05692209837022825,1.0,1.0031379768417308,1.0,0.00017806147368766567,inf,0.003316969616558259,0.05710071859669675,1.0,0.5285503592983484,심의=심의필요,표준=N,BR,0.05710071859669675,2347,[]
"frozenset({'유형=API', '심의=심의필요'})",frozenset({'표준=N'}),0.05692209837022825,0.9968718392542465,0.05692209837022825,1.0,1.0031379768417308,1.0,0.00017806147368766567,inf,0.003316969616558259,0.05710071859669675,1.0,0.5285503592983484,심의=심의필요 AND 유형=API,표준=N,BR,0.05710071859669675,2347,[]
frozenset({'도메인=재정금융'}),frozenset({'표준=N'}),0.05674483592796888,0.9968718392542465,0.05674483592796888,1.0,1.0031379768417308,1.0,0.00017750696827409373,inf,0.003316346270768569,0.05692289990899867,1.0,0.5284614499544993,도메인=재정금융,표준=N,BR,0.05692289990899866,2349,['재정금융']
"frozenset({'형식=CSV', '국가중점=N', '도메인=교통물류'})",frozenset({'표준=N'}),0.056723981522997194,0.9968718392542465,0.056723981522997194,1.0,1.0031379768417308,1.0,0.00017744173234308935,inf,0.0033162729513724117,0.05690198006338713,1.0,0.5284509900316936,국가중점=N AND 도메인=교통물류 AND 형식=CSV,표준=N,BR,0.05690198006338713,2350,['교통물류']
"frozenset({'형식=CSV', '국가중점=N', '도메인=교통물류', '유형=FILE'})",frozenset({'표준=N'}),0.056723981522997194,0.9968718392542465,0.056723981522997194,1.0,1.0031379768417308,1.0,0.00017744173234308935,inf,0.0033162729513724117,0.05690198006338713,1.0,0.5284509900316936,국가중점=N AND 도메인=교통물류 AND 유형=FILE AND 형식=CSV,표준=N,BR,0.05690198006338713,2350,['교통물류']
"frozenset({'다운로드=L1(하)', '주기=연간', '형식=CSV'})","frozenset({'국가중점=N', '표준=N'})",0.05468024983577156,0.9578428203497283,0.05461768662085649,0.9988558352402745,1.0428181054544747,1.0,0.0022426019007332834,36.84537501433576,0.04343503273036763,0.05701783031807198,0.9728595515825006,0.5279386948898956,다운로드=L1(하) AND 주기=연간 AND 형식=CSV,국가중점=N AND 표준=N,BR,0.05689114508067708,2352,[]
"frozenset({'다운로드=L1(하)', '주기=연간', '유형=FILE', '형식=CSV'})","frozenset({'국가중점=N', '표준=N'})",0.05468024983577156,0.9578428203497283,0.05461768662085649,0.9988558352402745,1.0428181054544747,1.0,0.0022426019007332834,36.84537501433576,0.04343503273036763,0.05701783031807198,0.9728595515825006,0.5279386948898956,다운로드=L1(하) AND 유형=FILE AND 주기=연간 AND 형식=CSV,국가중점=N AND 표준=N,BR,0.05689114508067708,2352,[]
"frozenset({'다운로드=L1(하)', '조회수=L0(최소)'})","frozenset({'형식=CSV', '국가중점=N'})",0.06260492372501382,0.6867564101227281,0.05349154875238522,0.8544303797468354,1.2441534831748318,1.0,0.010497216078987522,2.1518472695916935,0.20934678546665333,0.07687005514265165,0.535283003523876,0.466160256831603,다운로드=L1(하) AND 조회수=L0(최소),국가중점=N AND 형식=CSV,BI,0.05686379148477225,2356,[]
"frozenset({'다운로드=L1(하)', '표준=N', '조회수=L0(최소)'})","frozenset({'형식=CSV', '국가중점=N'})",0.06260492372501382,0.6867564101227281,0.05349154875238522,0.8544303797468354,1.2441534831748318,1.0,0.010497216078987522,2.1518472695916935,0.20934678546665333,0.07687005514265165,0.535283003523876,0.466160256831603,다운로드=L1(하) AND 조회수=L0(최소) AND 표준=N,국가중점=N AND 형식=CSV,BI,0.05686379148477225,2356,[]
"frozenset({'다운로드=L1(하)', '표준=N', '조회수=L0(최소)'})","frozenset({'형식=CSV', '국가중점=N', '유형=FILE'})",0.06260492372501382,0.6867564101227281,0.05349154875238522,0.8544303797468354,1.2441534831748318,1.0,0.010497216078987522,2.1518472695916935,0.20934678546665333,0.07687005514265165,0.535283003523876,0.466160256831603,다운로드=L1(하) AND 조회수=L0(최소) AND 표준=N,국가중점=N AND 유형=FILE AND 형식=CSV,BI,0.05686379148477225,2356,[]
"frozenset({'다운로드=L1(하)', '조회수=L0(최소)'})","frozenset({'형식=CSV', '국가중점=N', '유형=FILE'})",0.06260492372501382,0.6867564101227281,0.05349154875238522,0.8544303797468354,1.2441534831748318,1.0,0.010497216078987522,2.1518472695916935,0.20934678546665333,0.07687005514265165,0.535283003523876,0.466160256831603,다운로드=L1(하) AND 조회수=L0(최소),국가중점=N AND 유형=FILE AND 형식=CSV,BI,0.05686379148477225,2356,[]
"frozenset({'다운로드=L1(하)', '조회수=L0(최소)'})","frozenset({'형식=CSV', '국가중점=N', '표준=N', '유형=FILE'})",0.06260492372501382,0.6867564101227281,0.05349154875238522,0.8544303797468354,1.2441534831748318,1.0,0.010497216078987522,2.1518472695916935,0.20934678546665333,0.07687005514265165,0.535283003523876,0.466160256831603,다운로드=L1(하) AND 조회수=L0(최소),국가중점=N AND 유형=FILE AND 표준=N AND 형식=CSV,BI,0.05686379148477225,2356,[]
"frozenset({'다운로드=L1(하)', '조회수=L0(최소)'})","frozenset({'형식=CSV', '국가중점=N', '표준=N'})",0.06260492372501382,0.6867564101227281,0.05349154875238522,0.8544303797468354,1.2441534831748318,1.0,0.010497216078987522,2.1518472695916935,0.20934678546665333,0.07687005514265165,0.535283003523876,0.466160256831603,다운로드=L1(하) AND 조회수=L0(최소),국가중점=N AND 표준=N AND 형식=CSV,BI,0.05686379148477225,2356,[]
"frozenset({'조회수=L1(하)', '다운로드=L1(하)', '유형=FILE', '형식=CSV'})","frozenset({'국가중점=N', '표준=N'})",0.05455512340594142,0.9578428203497283,0.05452384179848389,0.9994266055045872,1.0434139968180538,1.0,0.002268608530809478,73.52212131007599,0.0440085337371209,0.05692172038796904,0.9863986514238001,0.5281750924322414,다운로드=L1(하) AND 유형=FILE AND 조회수=L1(하) AND 형식=CSV,국가중점=N AND 표준=N,BR,0.0568583187411726,2360,[]
"frozenset({'조회수=L1(하)', '다운로드=L1(하)', '형식=CSV'})","frozenset({'국가중점=N', '표준=N'})",0.05455512340594142,0.9578428203497283,0.05452384179848389,0.9994266055045872,1.0434139968180538,1.0,0.002268608530809478,73.52212131007599,0.0440085337371209,0.05692172038796904,0.9863986514238001,0.5281750924322414,다운로드=L1(하) AND 조회수=L1(하) AND 형식=CSV,국가중점=N AND 표준=N,BR,0.0568583187411726,2360,[]
"frozenset({'다운로드=L1(하)', '표준=N', '주기=연간', '형식=CSV'})",frozenset({'국가중점=N'}),0.05468024983577156,0.9609709810954818,0.05461768662085649,0.9988558352402745,1.0394235152674485,1.0,0.002071553289629033,34.111362522547324,0.040122138890686256,0.05683223748453878,0.9706842551557708,0.5278458863701373,다운로드=L1(하) AND 주기=연간 AND 표준=N AND 형식=CSV,국가중점=N,BR,0.056705952551117586,2363,[]
"frozenset({'다운로드=L1(하)', '주기=연간', '유형=FILE', '형식=CSV'})",frozenset({'국가중점=N'}),0.05468024983577156,0.9609709810954818,0.05461768662085649,0.9988558352402745,1.0394235152674485,1.0,0.002071553289629033,34.111362522547324,0.040122138890686256,0.05683223748453878,0.9706842551557708,0.5278458863701373,다운로드=L1(하) AND 유형=FILE AND 주기=연간 AND 형식=CSV,국가중점=N,BR,0.056705952551117586,2363,[]
"frozenset({'다운로드=L1(하)', '형식=CSV', '주기=연간', '표준=N', '유형=FILE'})",frozenset({'국가중점=N'}),0.05468024983577156,0.9609709810954818,0.05461768662085649,0.9988558352402745,1.0394235152674485,1.0,0.002071553289629033,34.111362522547324,0.040122138890686256,0.05683223748453878,0.9706842551557708,0.5278458863701373,다운로드=L1(하) AND 유형=FILE AND 주기=연간 AND 표준=N AND 형식=CSV,국가중점=N,BR,0.056705952551117586,2363,[]
"frozenset({'형식=CSV', '다운로드=L1(하)', '주기=연간'})",frozenset({'국가중점=N'}),0.05468024983577156,0.9609709810954818,0.05461768662085649,0.9988558352402745,1.0394235152674485,1.0,0.002071553289629033,34.111362522547324,0.040122138890686256,0.05683223748453878,0.9706842551557708,0.5278458863701373,다운로드=L1(하) AND 주기=연간 AND 형식=CSV,국가중점=N,BR,0.056705952551117586,2363,[]
"frozenset({'형식=CSV', '도메인=교통물류', '표준=N'})","frozenset({'국가중점=N', '유형=FILE'})",0.061374513831684095,0.8547803509796357,0.056723981522997194,0.9242269792728508,1.0812449984532573,1.0,0.004262253048745758,1.916508641555749,0.08005347355956947,0.06600179563708718,0.4782178497310412,0.49529393269292976,도메인=교통물류 AND 표준=N AND 형식=CSV,국가중점=N AND 유형=FILE,BI,0.05668517090531441,2367,['교통물류']
"frozenset({'형식=CSV', '도메인=교통물류'})","frozenset({'국가중점=N', '유형=FILE'})",0.061374513831684095,0.8547803509796357,0.056723981522997194,0.9242269792728508,1.0812449984532573,1.0,0.004262253048745758,1.916508641555749,0.08005347355956947,0.06600179563708718,0.4782178497310412,0.49529393269292976,도메인=교통물류 AND 형식=CSV,국가중점=N AND 유형=FILE,BI,0.05668517090531441,2367,['교통물류']
"frozenset({'형식=CSV', '도메인=교통물류'})","frozenset({'국가중점=N', '표준=N', '유형=FILE'})",0.061374513831684095,0.8547803509796357,0.056723981522997194,0.9242269792728508,1.0812449984532573,1.0,0.004262253048745758,1.916508641555749,0.08005347355956947,0.06600179563708718,0.4782178497310412,0.49529393269292976,도메인=교통물류 AND 형식=CSV,국가중점=N AND 유형=FILE AND 표준=N,BI,0.05668517090531441,2367,['교통물류']
"frozenset({'다운로드=L1(하)', '조회수=L1(하)', '형식=CSV', '표준=N', '유형=FILE'})",frozenset({'국가중점=N'}),0.05455512340594142,0.9609709810954818,0.05452384179848389,0.9994266055045872,1.0400174668804951,1.0,0.0020979513352912746,68.06660896948172,0.04069797008347658,0.056736434360860656,0.9853085086044413,0.5280824433772936,다운로드=L1(하) AND 유형=FILE AND 조회수=L1(하) AND 표준=N AND 형식=CSV,국가중점=N,BR,0.05667323306818702,2370,[]
"frozenset({'조회수=L1(하)', '다운로드=L1(하)', '유형=FILE', '형식=CSV'})",frozenset({'국가중점=N'}),0.05455512340594142,0.9609709810954818,0.05452384179848389,0.9994266055045872,1.0400174668804951,1.0,0.0020979513352912746,68.06660896948172,0.04069797008347658,0.056736434360860656,0.9853085086044413,0.5280824433772936,다운로드=L1(하) AND 유형=FILE AND 조회수=L1(하) AND 형식=CSV,국가중점=N,BR,0.05667323306818702,2370,[]
"frozenset({'조회수=L1(하)', '다운로드=L1(하)', '표준=N', '형식=CSV'})",frozenset({'국가중점=N'}),0.05455512340594142,0.9609709810954818,0.05452384179848389,0.9994266055045872,1.0400174668804951,1.0,0.0020979513352912746,68.06660896948172,0.04069797008347658,0.056736434360860656,0.9853085086044413,0.5280824433772936,다운로드=L1(하) AND 조회수=L1(하) AND 표준=N AND 형식=CSV,국가중점=N,BR,0.05667323306818702,2370,[]
"frozenset({'조회수=L1(하)', '형식=CSV', '다운로드=L1(하)'})",frozenset({'국가중점=N'}),0.05455512340594142,0.9609709810954818,0.05452384179848389,0.9994266055045872,1.0400174668804951,1.0,0.0020979513352912746,68.06660896948172,0.04069797008347658,0.056736434360860656,0.9853085086044413,0.5280824433772936,다운로드=L1(하) AND 조회수=L1(하) AND 형식=CSV,국가중점=N,BR,0.05667323306818702,2370,[]
"frozenset({'국가중점=N', '주기=수시', '유형=FILE', '다운로드=L2(중)'})","frozenset({'형식=CSV', '표준=N'})",0.09351115189305861,0.6992794803082281,0.07022720874216656,0.7510035682426405,1.0739676901596105,1.0,0.004836779043364756,1.2077302376156787,0.07597809062048719,0.09719175709997692,0.17200052722517173,0.42571576202269656,국가중점=N AND 다운로드=L2(중) AND 유형=FILE AND 주기=수시,표준=N AND 형식=CSV,BI,0.056642005745660896,2377,[]
"frozenset({'국가중점=N', '주기=수시', '유형=FILE', '다운로드=L2(중)'})",frozenset({'형식=CSV'}),0.09351115189305861,0.6992794803082281,0.07022720874216656,0.7510035682426405,1.0739676901596105,1.0,0.004836779043364756,1.2077302376156787,0.07597809062048719,0.09719175709997692,0.17200052722517173,0.42571576202269656,국가중점=N AND 다운로드=L2(중) AND 유형=FILE AND 주기=수시,형식=CSV,BI,0.056642005745660896,2377,[]
"frozenset({'국가중점=N', '표준=N', '주기=수시', '다운로드=L2(중)'})","frozenset({'형식=CSV', '유형=FILE'})",0.09351115189305861,0.6992794803082281,0.07022720874216656,0.7510035682426405,1.0739676901596105,1.0,0.004836779043364756,1.2077302376156787,0.07597809062048719,0.09719175709997692,0.17200052722517173,0.42571576202269656,국가중점=N AND 다운로드=L2(중) AND 주기=수시 AND 표준=N,유형=FILE AND 형식=CSV,BI,0.056642005745660896,2377,[]
"frozenset({'국가중점=N', '주기=수시', '다운로드=L2(중)'})",frozenset({'형식=CSV'}),0.09351115189305861,0.6992794803082281,0.07022720874216656,0.7510035682426405,1.0739676901596105,1.0,0.004836779043364756,1.2077302376156787,0.07597809062048719,0.09719175709997692,0.17200052722517173,0.42571576202269656,국가중점=N AND 다운로드=L2(중) AND 주기=수시,형식=CSV,BI,0.056642005745660896,2377,[]
"frozenset({'국가중점=N', '주기=수시', '다운로드=L2(중)'})","frozenset({'형식=CSV', '표준=N'})",0.09351115189305861,0.6992794803082281,0.07022720874216656,0.7510035682426405,1.0739676901596105,1.0,0.004836779043364756,1.2077302376156787,0.07597809062048719,0.09719175709997692,0.17200052722517173,0.42571576202269656,국가중점=N AND 다운로드=L2(중) AND 주기=수시,표준=N AND 형식=CSV,BI,0.056642005745660896,2377,[]
"frozenset({'국가중점=N', '표준=N', '주기=수시', '다운로드=L2(중)'})",frozenset({'형식=CSV'}),0.09351115189305861,0.6992794803082281,0.07022720874216656,0.7510035682426405,1.0739676901596105,1.0,0.004836779043364756,1.2077302376156787,0.07597809062048719,0.09719175709997692,0.17200052722517173,0.42571576202269656,국가중점=N AND 다운로드=L2(중) AND 주기=수시 AND 표준=N,형식=CSV,BI,0.056642005745660896,2377,[]
"frozenset({'국가중점=N', '주기=수시', '다운로드=L2(중)', '표준=N', '유형=FILE'})",frozenset({'형식=CSV'}),0.09351115189305861,0.6992794803082281,0.07022720874216656,0.7510035682426405,1.0739676901596105,1.0,0.004836779043364756,1.2077302376156787,0.07597809062048719,0.09719175709997692,0.17200052722517173,0.42571576202269656,국가중점=N AND 다운로드=L2(중) AND 유형=FILE AND 주기=수시 AND 표준=N,형식=CSV,BI,0.056642005745660896,2377,[]
"frozenset({'국가중점=N', '주기=수시', '다운로드=L2(중)'})","frozenset({'형식=CSV', '표준=N', '유형=FILE'})",0.09351115189305861,0.6992794803082281,0.07022720874216656,0.7510035682426405,1.0739676901596105,1.0,0.004836779043364756,1.2077302376156787,0.07597809062048719,0.09719175709997692,0.17200052722517173,0.42571576202269656,국가중점=N AND 다운로드=L2(중) AND 주기=수시,유형=FILE AND 표준=N AND 형식=CSV,BI,0.056642005745660896,2377,[]
"frozenset({'국가중점=N', '주기=수시', '다운로드=L2(중)'})","frozenset({'형식=CSV', '유형=FILE'})",0.09351115189305861,0.6992794803082281,0.07022720874216656,0.7510035682426405,1.0739676901596105,1.0,0.004836779043364756,1.2077302376156787,0.07597809062048719,0.09719175709997692,0.17200052722517173,0.42571576202269656,국가중점=N AND 다운로드=L2(중) AND 주기=수시,유형=FILE AND 형식=CSV,BI,0.056642005745660896,2377,[]
frozenset({'도메인=국토관리'}),frozenset({'국가중점=N'}),0.059695734231463043,0.9609709810954818,0.057870973796440156,0.9694323144104804,1.008804983169578,1.0,0.0005051055048159725,1.276806475590667,0.009282242387877917,0.060107218281258465,0.21679595215289987,0.5148268342885736,도메인=국토관리,국가중점=N,BR,0.056595969160580475,2382,['국토관리']
"frozenset({'국가중점=N', '심의=자동승인'})",frozenset({'표준=N'}),0.056327747828535085,0.9968718392542465,0.056327747828535085,1.0,1.0031379768417308,1.0,0.00017620224965392284,inf,0.003314880498557956,0.056504502996767896,1.0,0.528252251498384,국가중점=N AND 심의=자동승인,표준=N,BR,0.05650450299676788,2383,[]
"frozenset({'유형=API', '국가중점=N', '심의=자동승인'})",frozenset({'표준=N'}),0.056327747828535085,0.9968718392542465,0.056327747828535085,1.0,1.0031379768417308,1.0,0.00017620224965392284,inf,0.003314880498557956,0.056504502996767896,1.0,0.528252251498384,국가중점=N AND 심의=자동승인 AND 유형=API,표준=N,BR,0.05650450299676788,2383,[]
"frozenset({'다운로드=L3(상)', '형식=CSV', '조회수=L3(상)', '주기=연간', '유형=FILE'})","frozenset({'국가중점=N', '표준=N'})",0.054294443343795296,0.9578428203497283,0.054221452926394374,0.998655655847897,1.042609115640985,1.0,0.0022159101846549525,31.358919205563765,0.04321405913923767,0.05660356820185704,0.9681111458770372,0.5276317687033955,다운로드=L3(상) AND 유형=FILE AND 조회수=L3(상) AND 주기=연간 AND 형식=CSV,국가중점=N AND 표준=N,BR,0.05645578291504861,2385,[]
"frozenset({'형식=CSV', '다운로드=L3(상)', '주기=연간', '조회수=L3(상)'})","frozenset({'국가중점=N', '표준=N'})",0.054294443343795296,0.9578428203497283,0.054221452926394374,0.998655655847897,1.042609115640985,1.0,0.0022159101846549525,31.358919205563765,0.04321405913923767,0.05660356820185704,0.9681111458770372,0.5276317687033955,다운로드=L3(상) AND 조회수=L3(상) AND 주기=연간 AND 형식=CSV,국가중점=N AND 표준=N,BR,0.05645578291504861,2385,[]
"frozenset({'도메인=국토관리', '표준=N'})",frozenset({'국가중점=N'}),0.05948719018174614,0.9609709810954818,0.057662429746723254,0.9693251533742331,1.0086934698790049,1.0,0.0004969662351571522,1.27234601628729,0.00916366553357589,0.05989061569285753,0.21405027626211032,0.5146647468260054,도메인=국토관리 AND 표준=N,국가중점=N,BR,0.056379553264874274,2387,['국토관리']
"frozenset({'다운로드=L3(상)', '형식=CSV', '조회수=L3(상)', '주기=연간', '유형=FILE'})",frozenset({'국가중점=N'}),0.054294443343795296,0.9609709810954818,0.054221452926394374,0.998655655847897,1.039215205759341,1.0,0.0020460684382743524,29.032014490829884,0.03990185302040279,0.05641932578905682,0.9655552665724983,0.527539633479504,다운로드=L3(상) AND 유형=FILE AND 조회수=L3(상) AND 주기=연간 AND 형식=CSV,국가중점=N,BR,0.056272007580038676,2389,[]
"frozenset({'형식=CSV', '다운로드=L3(상)', '주기=연간', '조회수=L3(상)'})",frozenset({'국가중점=N'}),0.054294443343795296,0.9609709810954818,0.054221452926394374,0.998655655847897,1.039215205759341,1.0,0.0020460684382743524,29.032014490829884,0.03990185302040279,0.05641932578905682,0.9655552665724983,0.527539633479504,다운로드=L3(상) AND 조회수=L3(상) AND 주기=연간 AND 형식=CSV,국가중점=N,BR,0.056272007580038676,2389,[]
"frozenset({'다운로드=L3(상)', '형식=CSV', '조회수=L3(상)', '주기=연간', '표준=N', '유형=FILE'})",frozenset({'국가중점=N'}),0.054294443343795296,0.9609709810954818,0.054221452926394374,0.998655655847897,1.039215205759341,1.0,0.0020460684382743524,29.032014490829884,0.03990185302040279,0.05641932578905682,0.9655552665724983,0.527539633479504,다운로드=L3(상) AND 유형=FILE AND 조회수=L3(상) AND 주기=연간 AND 표준=N AND 형식=CSV,국가중점=N,BR,0.056272007580038676,2389,[]
"frozenset({'다운로드=L3(상)', '형식=CSV', '조회수=L3(상)', '주기=연간', '표준=N'})",frozenset({'국가중점=N'}),0.054294443343795296,0.9609709810954818,0.054221452926394374,0.998655655847897,1.039215205759341,1.0,0.0020460684382743524,29.032014490829884,0.03990185302040279,0.05641932578905682,0.9655552665724983,0.527539633479504,다운로드=L3(상) AND 조회수=L3(상) AND 주기=연간 AND 표준=N AND 형식=CSV,국가중점=N,BR,0.056272007580038676,2389,[]
"frozenset({'형식=CSV', '다운로드=L3(상)', '주기=수시'})",frozenset({'표준=N'}),0.056087922171360646,0.9968718392542465,0.056087922171360646,1.0,1.0031379768417308,1.0,0.00017545203644733082,inf,0.003314038266095213,0.05626392477223517,1.0,0.5281319623861176,다운로드=L3(상) AND 주기=수시 AND 형식=CSV,표준=N,BR,0.05626392477223517,2392,[]
"frozenset({'형식=CSV', '다운로드=L3(상)', '주기=수시', '유형=FILE'})",frozenset({'표준=N'}),0.056087922171360646,0.9968718392542465,0.056087922171360646,1.0,1.0031379768417308,1.0,0.00017545203644733082,inf,0.003314038266095213,0.05626392477223517,1.0,0.5281319623861176,다운로드=L3(상) AND 유형=FILE AND 주기=수시 AND 형식=CSV,표준=N,BR,0.05626392477223517,2392,[]
frozenset({'도메인=국토관리'}),"frozenset({'국가중점=N', '표준=N'})",0.059695734231463043,0.9578428203497283,0.057662429746723254,0.965938864628821,1.0084523724635077,1.0,0.00048329930761086687,1.2376915563990007,0.008913634625061596,0.06007278257563413,0.19204425785253962,0.5130695847202454,도메인=국토관리,국가중점=N AND 표준=N,BR,0.05616916539090245,2394,['국토관리']
"frozenset({'다운로드=L1(하)', '조회수=L0(최소)', '형식=CSV'})","frozenset({'국가중점=N', '표준=N'})",0.05349154875238522,0.9578428203497283,0.05349154875238522,1.0,1.04401262791204,1.0,0.0022550528305255654,inf,0.04453967589481451,0.055845852384062714,1.0,0.5279229261920314,다운로드=L1(하) AND 조회수=L0(최소) AND 형식=CSV,국가중점=N AND 표준=N,BR,0.05584585238406271,2395,[]
"frozenset({'다운로드=L1(하)', '조회수=L0(최소)', '유형=FILE', '형식=CSV'})","frozenset({'국가중점=N', '표준=N'})",0.05349154875238522,0.9578428203497283,0.05349154875238522,1.0,1.04401262791204,1.0,0.0022550528305255654,inf,0.04453967589481451,0.055845852384062714,1.0,0.5279229261920314,다운로드=L1(하) AND 유형=FILE AND 조회수=L0(최소) AND 형식=CSV,국가중점=N AND 표준=N,BR,0.05584585238406271,2395,[]
"frozenset({'다운로드=L1(하)', '표준=N', '조회수=L0(최소)'})",frozenset({'형식=CSV'}),0.06260492372501382,0.6992794803082281,0.05349154875238522,0.8544303797468354,1.2218725185103674,1.0,0.0097132102252213,2.0658192222304335,0.19371129658674566,0.07551113531654328,0.5159305377552276,0.46546280778493376,다운로드=L1(하) AND 조회수=L0(최소) AND 표준=N,형식=CSV,BI,0.05584544435486139,2399,[]
"frozenset({'다운로드=L1(하)', '조회수=L0(최소)'})",frozenset({'형식=CSV'}),0.06260492372501382,0.6992794803082281,0.05349154875238522,0.8544303797468354,1.2218725185103674,1.0,0.0097132102252213,2.0658192222304335,0.19371129658674566,0.07551113531654328,0.5159305377552276,0.46546280778493376,다운로드=L1(하) AND 조회수=L0(최소),형식=CSV,BI,0.05584544435486139,2399,[]
"frozenset({'다운로드=L1(하)', '조회수=L0(최소)'})","frozenset({'형식=CSV', '유형=FILE'})",0.06260492372501382,0.6992794803082281,0.05349154875238522,0.8544303797468354,1.2218725185103674,1.0,0.0097132102252213,2.0658192222304335,0.19371129658674566,0.07551113531654328,0.5159305377552276,0.46546280778493376,다운로드=L1(하) AND 조회수=L0(최소),유형=FILE AND 형식=CSV,BI,0.05584544435486139,2399,[]
"frozenset({'다운로드=L1(하)', '표준=N', '조회수=L0(최소)'})","frozenset({'형식=CSV', '유형=FILE'})",0.06260492372501382,0.6992794803082281,0.05349154875238522,0.8544303797468354,1.2218725185103674,1.0,0.0097132102252213,2.0658192222304335,0.19371129658674566,0.07551113531654328,0.5159305377552276,0.46546280778493376,다운로드=L1(하) AND 조회수=L0(최소) AND 표준=N,유형=FILE AND 형식=CSV,BI,0.05584544435486139,2399,[]
"frozenset({'다운로드=L1(하)', '조회수=L0(최소)'})","frozenset({'형식=CSV', '표준=N', '유형=FILE'})",0.06260492372501382,0.6992794803082281,0.05349154875238522,0.8544303797468354,1.2218725185103674,1.0,0.0097132102252213,2.0658192222304335,0.19371129658674566,0.07551113531654328,0.5159305377552276,0.46546280778493376,다운로드=L1(하) AND 조회수=L0(최소),유형=FILE AND 표준=N AND 형식=CSV,BI,0.05584544435486139,2399,[]
"frozenset({'다운로드=L1(하)', '조회수=L0(최소)'})","frozenset({'형식=CSV', '표준=N'})",0.06260492372501382,0.6992794803082281,0.05349154875238522,0.8544303797468354,1.2218725185103674,1.0,0.0097132102252213,2.0658192222304335,0.19371129658674566,0.07551113531654328,0.5159305377552276,0.46546280778493376,다운로드=L1(하) AND 조회수=L0(최소),표준=N AND 형식=CSV,BI,0.05584544435486139,2399,[]
frozenset({'도메인=교육'}),frozenset({'국가중점=N'}),0.05367923839713044,0.9609709810954818,0.05363752958718705,0.9992229992229992,1.039805591302987,1.0,0.002053339200238355,50.230347330111776,0.040453263460414494,0.05581354975912503,0.9800917163994897,0.5275194857226106,도메인=교육,국가중점=N,BR,0.05572926781243926,2403,['교육']
"frozenset({'형식=CSV', '다운로드=L1(하)', '조회수=L0(최소)'})",frozenset({'국가중점=N'}),0.05349154875238522,0.9609709810954818,0.05349154875238522,1.0,1.0406141493055556,1.0,0.0020877226674888005,inf,0.04123472838839754,0.05566406250000001,1.0,0.52783203125,다운로드=L1(하) AND 조회수=L0(최소) AND 형식=CSV,국가중점=N,BR,0.05566406250000001,2405,[]
"frozenset({'다운로드=L1(하)', '조회수=L0(최소)', '표준=N', '형식=CSV'})",frozenset({'국가중점=N'}),0.05349154875238522,0.9609709810954818,0.05349154875238522,1.0,1.0406141493055556,1.0,0.0020877226674888005,inf,0.04123472838839754,0.05566406250000001,1.0,0.52783203125,다운로드=L1(하) AND 조회수=L0(최소) AND 표준=N AND 형식=CSV,국가중점=N,BR,0.05566406250000001,2405,[]
"frozenset({'다운로드=L1(하)', '조회수=L0(최소)', '유형=FILE', '형식=CSV'})",frozenset({'국가중점=N'}),0.05349154875238522,0.9609709810954818,0.05349154875238522,1.0,1.0406141493055556,1.0,0.0020877226674888005,inf,0.04123472838839754,0.05566406250000001,1.0,0.52783203125,다운로드=L1(하) AND 유형=FILE AND 조회수=L0(최소) AND 형식=CSV,국가중점=N,BR,0.05566406250000001,2405,[]
"frozenset({'다운로드=L1(하)', '형식=CSV', '조회수=L0(최소)', '표준=N', '유형=FILE'})",frozenset({'국가중점=N'}),0.05349154875238522,0.9609709810954818,0.05349154875238522,1.0,1.0406141493055556,1.0,0.0020877226674888005,inf,0.04123472838839754,0.05566406250000001,1.0,0.52783203125,다운로드=L1(하) AND 유형=FILE AND 조회수=L0(최소) AND 표준=N AND 형식=CSV,국가중점=N,BR,0.05566406250000001,2405,[]
"frozenset({'유형=FILE', '다운로드=L3(상)', '주기=연간', '조회수=L3(상)'})",frozenset({'표준=N'}),0.05544143561723825,0.9968718392542465,0.05544143561723825,1.0,1.0031379768417308,1.0,0.00017342972258606315,inf,0.003311770030689017,0.05561540955827746,1.0,0.5278077047791387,다운로드=L3(상) AND 유형=FILE AND 조회수=L3(상) AND 주기=연간,표준=N,BR,0.05561540955827745,2408,[]
"frozenset({'다운로드=L3(상)', '주기=연간', '조회수=L3(상)'})",frozenset({'표준=N'}),0.05544143561723825,0.9968718392542465,0.05544143561723825,1.0,1.0031379768417308,1.0,0.00017342972258606315,inf,0.003311770030689017,0.05561540955827746,1.0,0.5278077047791387,다운로드=L3(상) AND 조회수=L3(상) AND 주기=연간,표준=N,BR,0.05561540955827745,2408,[]
"frozenset({'다운로드=L3(상)', '국가중점=N', '조회수=L3(상)', '주기=연간', '유형=FILE'})",frozenset({'표준=N'}),0.055368445199837336,0.9968718392542465,0.055368445199837336,1.0,1.0031379768417308,1.0,0.00017320139682753394,inf,0.003311514134646122,0.05554219009863707,1.0,0.5277710950493185,국가중점=N AND 다운로드=L3(상) AND 유형=FILE AND 조회수=L3(상) AND 주기=연간,표준=N,BR,0.05554219009863707,2410,[]
"frozenset({'다운로드=L3(상)', '국가중점=N', '주기=연간', '조회수=L3(상)'})",frozenset({'표준=N'}),0.055368445199837336,0.9968718392542465,0.055368445199837336,1.0,1.0031379768417308,1.0,0.00017320139682753394,inf,0.003311514134646122,0.05554219009863707,1.0,0.5277710950493185,국가중점=N AND 다운로드=L3(상) AND 조회수=L3(상) AND 주기=연간,표준=N,BR,0.05554219009863707,2410,[]
"frozenset({'조회수=L4(최대)', '다운로드=L4(최대)', '주기=연간'})","frozenset({'국가중점=N', '표준=N', '유형=FILE'})",0.05913266529722741,0.8547803509796357,0.05494092989791769,0.9291130312114265,1.086961147558669,1.0,0.00439548950079232,2.0486085313295663,0.08503208935643271,0.0639612517905266,0.5118637920779376,0.49669397047055175,다운로드=L4(최대) AND 조회수=L4(최대) AND 주기=연간,국가중점=N AND 유형=FILE AND 표준=N,BI,0.0554853816909427,2413,[]
"frozenset({'조회수=L4(최대)', '표준=N', '다운로드=L4(최대)', '주기=연간'})","frozenset({'국가중점=N', '유형=FILE'})",0.05913266529722741,0.8547803509796357,0.05494092989791769,0.9291130312114265,1.086961147558669,1.0,0.00439548950079232,2.0486085313295663,0.08503208935643271,0.0639612517905266,0.5118637920779376,0.49669397047055175,다운로드=L4(최대) AND 조회수=L4(최대) AND 주기=연간 AND 표준=N,국가중점=N AND 유형=FILE,BI,0.0554853816909427,2413,[]
"frozenset({'조회수=L4(최대)', '다운로드=L4(최대)', '주기=연간'})","frozenset({'국가중점=N', '유형=FILE'})",0.05913266529722741,0.8547803509796357,0.05494092989791769,0.9291130312114265,1.086961147558669,1.0,0.00439548950079232,2.0486085313295663,0.08503208935643271,0.0639612517905266,0.5118637920779376,0.49669397047055175,다운로드=L4(최대) AND 조회수=L4(최대) AND 주기=연간,국가중점=N AND 유형=FILE,BI,0.0554853816909427,2413,[]
"frozenset({'도메인=교육', '표준=N'})",frozenset({'국가중점=N'}),0.05339770393001262,0.9609709810954818,0.053355995120069236,0.9992189025580941,1.0398013282555219,1.0,0.002042351186198943,49.96690145250736,0.04043706668465411,0.055520593724230724,0.9799867518110867,0.5273709530151581,도메인=교육 AND 표준=N,국가중점=N,BR,0.055436299595582134,2415,['교육']
"frozenset({'조회수=L4(최대)', '국가중점=N', '다운로드=L4(최대)', '주기=연간'})",frozenset({'표준=N'}),0.05494092989791769,0.9968718392542465,0.05494092989791769,1.0,1.0031379768417308,1.0,0.00017186406024186085,inf,0.003310016108745037,0.05511333326360052,1.0,0.5275566666318002,국가중점=N AND 다운로드=L4(최대) AND 조회수=L4(최대) AND 주기=연간,표준=N,BR,0.05511333326360051,2416,[]
"frozenset({'국가중점=N', '다운로드=L4(최대)', '주기=연간', '조회수=L4(최대)', '유형=FILE'})",frozenset({'표준=N'}),0.05494092989791769,0.9968718392542465,0.05494092989791769,1.0,1.0031379768417308,1.0,0.00017186406024186085,inf,0.003310016108745037,0.05511333326360052,1.0,0.5275566666318002,국가중점=N AND 다운로드=L4(최대) AND 유형=FILE AND 조회수=L4(최대) AND 주기=연간,표준=N,BR,0.05511333326360051,2416,[]
"frozenset({'국가중점=N', '도메인=재정금융'})",frozenset({'표준=N'}),0.054888793885488465,0.9968718392542465,0.054888793885488465,1.0,1.0031379768417308,1.0,0.00017170097041434296,inf,0.003309833515374216,0.055061033649571677,1.0,0.5275305168247858,국가중점=N AND 도메인=재정금융,표준=N,BR,0.05506103364957166,2418,['재정금융']
frozenset({'도메인=교육'}),"frozenset({'국가중점=N', '표준=N'})",0.05367923839713044,0.9578428203497283,0.053355995120069236,0.9939782439782439,1.0377258385831214,1.0,0.0019397220195363843,7.000811639986909,0.038416509573721495,0.05568554047730464,0.8571594193038637,0.5248412883292046,도메인=교육,국가중점=N AND 표준=N,BR,0.055035476803854885,2419,['교육']
"frozenset({'형식=CSV', '다운로드=L1(하)', '주기=연간'})",frozenset({'표준=N'}),0.05468024983577156,0.9968718392542465,0.05468024983577156,1.0,1.0031379768417308,1.0,0.0001710486111042575,inf,0.003309103343297439,0.05485183519345627,1.0,0.5274259175967282,다운로드=L1(하) AND 주기=연간 AND 형식=CSV,표준=N,BR,0.054851835193456266,2420,[]
"frozenset({'다운로드=L1(하)', '주기=연간', '유형=FILE', '형식=CSV'})",frozenset({'표준=N'}),0.05468024983577156,0.9968718392542465,0.05468024983577156,1.0,1.0031379768417308,1.0,0.0001710486111042575,inf,0.003309103343297439,0.05485183519345627,1.0,0.5274259175967282,다운로드=L1(하) AND 유형=FILE AND 주기=연간 AND 형식=CSV,표준=N,BR,0.054851835193456266,2420,[]
"frozenset({'다운로드=L1(하)', '국가중점=N', '형식=CSV', '주기=연간', '유형=FILE'})",frozenset({'표준=N'}),0.05461768662085649,0.9968718392542465,0.05461768662085649,1.0,1.0031379768417308,1.0,0.00017085290331123049,inf,0.0033088843544918085,0.05478907565662166,1.0,0.5273945378283108,국가중점=N AND 다운로드=L1(하) AND 유형=FILE AND 주기=연간 AND 형식=CSV,표준=N,BR,0.054789075656621646,2422,[]
"frozenset({'다운로드=L1(하)', '국가중점=N', '주기=연간', '형식=CSV'})",frozenset({'표준=N'}),0.05461768662085649,0.9968718392542465,0.05461768662085649,1.0,1.0031379768417308,1.0,0.00017085290331123049,inf,0.0033088843544918085,0.05478907565662166,1.0,0.5273945378283108,국가중점=N AND 다운로드=L1(하) AND 주기=연간 AND 형식=CSV,표준=N,BR,0.054789075656621646,2422,[]
"frozenset({'형식=CSV', '다운로드=L3(상)', '국가중점=N', '주기=수시'})",frozenset({'표준=N'}),0.0545968322158848,0.9968718392542465,0.0545968322158848,1.0,1.0031379768417308,1.0,0.00017078766738021917,inf,0.003308811364664044,0.05476815581101011,1.0,0.527384077905505,국가중점=N AND 다운로드=L3(상) AND 주기=수시 AND 형식=CSV,표준=N,BR,0.054768155811010105,2424,[]
"frozenset({'다운로드=L3(상)', '국가중점=N', '형식=CSV', '주기=수시', '유형=FILE'})",frozenset({'표준=N'}),0.0545968322158848,0.9968718392542465,0.0545968322158848,1.0,1.0031379768417308,1.0,0.00017078766738021917,inf,0.003308811364664044,0.05476815581101011,1.0,0.527384077905505,국가중점=N AND 다운로드=L3(상) AND 유형=FILE AND 주기=수시 AND 형식=CSV,표준=N,BR,0.054768155811010105,2424,[]
"frozenset({'조회수=L1(하)', '다운로드=L1(하)', '유형=FILE', '형식=CSV'})",frozenset({'표준=N'}),0.05455512340594142,0.9968718392542465,0.05455512340594142,1.0,1.0031379768417308,1.0,0.00017065719551820346,inf,0.003308665394668605,0.05472631611978703,1.0,0.5273631580598935,다운로드=L1(하) AND 유형=FILE AND 조회수=L1(하) AND 형식=CSV,표준=N,BR,0.05472631611978703,2426,[]
"frozenset({'조회수=L1(하)', '형식=CSV', '다운로드=L1(하)'})",frozenset({'표준=N'}),0.05455512340594142,0.9968718392542465,0.05455512340594142,1.0,1.0031379768417308,1.0,0.00017065719551820346,inf,0.003308665394668605,0.05472631611978703,1.0,0.5273631580598935,다운로드=L1(하) AND 조회수=L1(하) AND 형식=CSV,표준=N,BR,0.05472631611978703,2426,[]
"frozenset({'다운로드=L1(하)', '국가중점=N', '조회수=L1(하)', '형식=CSV', '유형=FILE'})",frozenset({'표준=N'}),0.05452384179848389,0.9968718392542465,0.05452384179848389,1.0,1.0031379768417308,1.0,0.00017055934162168995,inf,0.0033085559256236154,0.05469493635136973,1.0,0.5273474681756849,국가중점=N AND 다운로드=L1(하) AND 유형=FILE AND 조회수=L1(하) AND 형식=CSV,표준=N,BR,0.054694936351369725,2428,[]
"frozenset({'조회수=L1(하)', '다운로드=L1(하)', '국가중점=N', '형식=CSV'})",frozenset({'표준=N'}),0.05452384179848389,0.9968718392542465,0.05452384179848389,1.0,1.0031379768417308,1.0,0.00017055934162168995,inf,0.0033085559256236154,0.05469493635136973,1.0,0.5273474681756849,국가중점=N AND 다운로드=L1(하) AND 조회수=L1(하) AND 형식=CSV,표준=N,BR,0.054694936351369725,2428,[]
"frozenset({'형식=CSV', '다운로드=L3(상)', '주기=연간', '조회수=L3(상)'})",frozenset({'표준=N'}),0.054294443343795296,0.9968718392542465,0.054294443343795296,1.0,1.0031379768417308,1.0,0.00016984174638060012,inf,0.003307753373908463,0.0544648180496428,1.0,0.5272324090248214,다운로드=L3(상) AND 조회수=L3(상) AND 주기=연간 AND 형식=CSV,표준=N,BR,0.05446481804964279,2430,[]
"frozenset({'다운로드=L3(상)', '형식=CSV', '조회수=L3(상)', '주기=연간', '유형=FILE'})",frozenset({'표준=N'}),0.054294443343795296,0.9968718392542465,0.054294443343795296,1.0,1.0031379768417308,1.0,0.00016984174638060012,inf,0.003307753373908463,0.0544648180496428,1.0,0.5272324090248214,다운로드=L3(상) AND 유형=FILE AND 조회수=L3(상) AND 주기=연간 AND 형식=CSV,표준=N,BR,0.05446481804964279,2430,[]
"frozenset({'다운로드=L3(상)', '국가중점=N', '형식=CSV', '조회수=L3(상)', '주기=연간'})",frozenset({'표준=N'}),0.054221452926394374,0.9968718392542465,0.054221452926394374,1.0,1.0031379768417308,1.0,0.0001696134206220709,inf,0.0033074980981886246,0.0543915985900024,1.0,0.5271957992950012,국가중점=N AND 다운로드=L3(상) AND 조회수=L3(상) AND 주기=연간 AND 형식=CSV,표준=N,BR,0.054391598590002393,2432,[]
"frozenset({'다운로드=L3(상)', '국가중점=N', '형식=CSV', '조회수=L3(상)', '주기=연간', '유형=FILE'})",frozenset({'표준=N'}),0.054221452926394374,0.9968718392542465,0.054221452926394374,1.0,1.0031379768417308,1.0,0.0001696134206220709,inf,0.0033074980981886246,0.0543915985900024,1.0,0.5271957992950012,국가중점=N AND 다운로드=L3(상) AND 유형=FILE AND 조회수=L3(상) AND 주기=연간 AND 형식=CSV,표준=N,BR,0.054391598590002393,2432,[]
"frozenset({'조회수=L1(하)', '다운로드=L1(하)', '표준=N', '유형=FILE'})","frozenset({'형식=CSV', '국가중점=N'})",0.06599376453291346,0.6867564101227281,0.05452384179848389,0.8261968715436879,1.2030420966817634,1.0,0.009202200977375619,1.8022897093938683,0.18069889194779956,0.07808906544010036,0.44515024705084066,0.45279507419764337,다운로드=L1(하) AND 유형=FILE AND 조회수=L1(하) AND 표준=N,국가중점=N AND 형식=CSV,BI,0.05419395165191628,2435,[]
"frozenset({'조회수=L1(하)', '다운로드=L1(하)', '유형=FILE'})","frozenset({'형식=CSV', '국가중점=N'})",0.06599376453291346,0.6867564101227281,0.05452384179848389,0.8261968715436879,1.2030420966817634,1.0,0.009202200977375619,1.8022897093938683,0.18069889194779956,0.07808906544010036,0.44515024705084066,0.45279507419764337,다운로드=L1(하) AND 유형=FILE AND 조회수=L1(하),국가중점=N AND 형식=CSV,BI,0.05419395165191628,2435,[]
"frozenset({'조회수=L1(하)', '다운로드=L1(하)', '유형=FILE'})","frozenset({'형식=CSV', '국가중점=N', '표준=N'})",0.06599376453291346,0.6867564101227281,0.05452384179848389,0.8261968715436879,1.2030420966817634,1.0,0.009202200977375619,1.8022897093938683,0.18069889194779956,0.07808906544010036,0.44515024705084066,0.45279507419764337,다운로드=L1(하) AND 유형=FILE AND 조회수=L1(하),국가중점=N AND 표준=N AND 형식=CSV,BI,0.05419395165191628,2435,[]
"frozenset({'다운로드=L3(상)', '조회수=L2(중)'})","frozenset({'국가중점=N', '표준=N'})",0.05199003159442353,0.9578428203497283,0.051927468379508464,0.9987966305655838,1.0427562950264662,1.0,0.0021291898870343454,35.03261628937956,0.04325181540531285,0.05420939194043498,0.9714551721818402,0.5265047816446469,다운로드=L3(상) AND 조회수=L2(중),국가중점=N AND 표준=N,BR,0.05408253485696966,2437,[]
"frozenset({'다운로드=L0(최소)', '형식=CSV', '주기=수시', '조회수=L0(최소)', '유형=FILE'})","frozenset({'국가중점=N', '표준=N'})",0.05177106034222079,0.9578428203497283,0.05177106034222079,1.0,1.04401262791204,1.0,0.0021825218915320563,inf,0.044458862081858,0.05404964075767473,1.0,0.5270248203788374,다운로드=L0(최소) AND 유형=FILE AND 조회수=L0(최소) AND 주기=수시 AND 형식=CSV,국가중점=N AND 표준=N,BR,0.054049640757674725,2438,[]
"frozenset({'형식=CSV', '다운로드=L0(최소)', '주기=수시', '조회수=L0(최소)'})","frozenset({'국가중점=N', '표준=N'})",0.05177106034222079,0.9578428203497283,0.05177106034222079,1.0,1.04401262791204,1.0,0.0021825218915320563,inf,0.044458862081858,0.05404964075767473,1.0,0.5270248203788374,다운로드=L0(최소) AND 조회수=L0(최소) AND 주기=수시 AND 형식=CSV,국가중점=N AND 표준=N,BR,0.054049640757674725,2438,[]
"frozenset({'다운로드=L3(상)', '유형=FILE', '조회수=L2(중)'})","frozenset({'국가중점=N', '표준=N'})",0.051937895581994305,0.9578428203497283,0.05187533236707924,0.9987954226059025,1.042755033901305,1.0,0.002126991979792117,34.99748530633542,0.043248213527548526,0.054154964840093175,0.9714265184699149,0.5264769623371337,다운로드=L3(상) AND 유형=FILE AND 조회수=L2(중),국가중점=N AND 표준=N,BR,0.054028104438134716,2440,[]
"frozenset({'형식=CSV', '다운로드=L3(상)', '주기=수시', '유형=FILE'})","frozenset({'국가중점=N', '표준=N'})",0.056087922171360646,0.9578428203497283,0.0545968322158848,0.9734151329243353,1.0162576909736831,1.0,0.0008734186557126586,1.585758526844832,0.01694819591925852,0.056911187678662656,0.369386963354572,0.515207457600857,다운로드=L3(상) AND 유형=FILE AND 주기=수시 AND 형식=CSV,국가중점=N AND 표준=N,BR,0.054009403897103715,2441,[]
"frozenset({'형식=CSV', '다운로드=L3(상)', '주기=수시'})","frozenset({'국가중점=N', '표준=N'})",0.056087922171360646,0.9578428203497283,0.0545968322158848,0.9734151329243353,1.0162576909736831,1.0,0.0008734186557126586,1.585758526844832,0.01694819591925852,0.056911187678662656,0.369386963354572,0.515207457600857,다운로드=L3(상) AND 주기=수시 AND 형식=CSV,국가중점=N AND 표준=N,BR,0.054009403897103715,2441,[]
"frozenset({'도메인=국토관리', '유형=FILE'})",frozenset({'표준=N'}),0.05379393762447473,0.9968718392542465,0.05379393762447473,1.0,1.0031379768417308,1.0,0.00016827608403639782,inf,0.0033060037027241966,0.05396274175496584,1.0,0.5269813708774829,도메인=국토관리 AND 유형=FILE,표준=N,BR,0.05396274175496584,2443,['국토관리']
"frozenset({'형식=CSV', '다운로드=L4(최대)', '주기=연간', '조회수=L4(최대)', '유형=FILE'})",frozenset({'표준=N'}),0.05378351042198889,0.9968718392542465,0.05378351042198889,1.0,1.0031379768417308,1.0,0.0001682434660708887,inf,0.0033059672709239716,0.05395228183216008,1.0,0.52697614091608,다운로드=L4(최대) AND 유형=FILE AND 조회수=L4(최대) AND 주기=연간 AND 형식=CSV,표준=N,BR,0.053952281832160075,2444,[]
"frozenset({'형식=CSV', '조회수=L4(최대)', '다운로드=L4(최대)', '주기=연간'})",frozenset({'표준=N'}),0.05378351042198889,0.9968718392542465,0.05378351042198889,1.0,1.0031379768417308,1.0,0.0001682434660708887,inf,0.0033059672709239716,0.05395228183216008,1.0,0.52697614091608,다운로드=L4(최대) AND 조회수=L4(최대) AND 주기=연간 AND 형식=CSV,표준=N,BR,0.053952281832160075,2444,[]
"frozenset({'다운로드=L3(상)', '표준=N', '조회수=L2(중)'})",frozenset({'국가중점=N'}),0.05199003159442353,0.9609709810954818,0.051927468379508464,0.9987966305655838,1.0393619060452604,1.0,0.0019665567110301874,32.43311470965811,0.03994812692259645,0.05403294056376538,0.9691673152901896,0.5264165444494585,다운로드=L3(상) AND 조회수=L2(중) AND 표준=N,국가중점=N,BR,0.053906484938815474,2446,[]
"frozenset({'다운로드=L3(상)', '조회수=L2(중)'})",frozenset({'국가중점=N'}),0.05199003159442353,0.9609709810954818,0.051927468379508464,0.9987966305655838,1.0393619060452604,1.0,0.0019665567110301874,32.43311470965811,0.03994812692259645,0.05403294056376538,0.9691673152901896,0.5264165444494585,다운로드=L3(상) AND 조회수=L2(중),국가중점=N,BR,0.053906484938815474,2446,[]
"frozenset({'다운로드=L0(최소)', '형식=CSV', '주기=수시', '조회수=L0(최소)', '표준=N', '유형=FILE'})",frozenset({'국가중점=N'}),0.05177106034222079,0.9609709810954818,0.05177106034222079,1.0,1.0406141493055556,1.0,0.002020573692803486,inf,0.04115991114825492,0.05387369791666667,1.0,0.5269368489583334,다운로드=L0(최소) AND 유형=FILE AND 조회수=L0(최소) AND 주기=수시 AND 표준=N AND 형식=CSV,국가중점=N,BR,0.05387369791666667,2449,[]
"frozenset({'다운로드=L0(최소)', '형식=CSV', '주기=수시', '조회수=L0(최소)', '표준=N'})",frozenset({'국가중점=N'}),0.05177106034222079,0.9609709810954818,0.05177106034222079,1.0,1.0406141493055556,1.0,0.002020573692803486,inf,0.04115991114825492,0.05387369791666667,1.0,0.5269368489583334,다운로드=L0(최소) AND 조회수=L0(최소) AND 주기=수시 AND 표준=N AND 형식=CSV,국가중점=N,BR,0.05387369791666667,2449,[]
"frozenset({'다운로드=L0(최소)', '형식=CSV', '주기=수시', '조회수=L0(최소)', '유형=FILE'})",frozenset({'국가중점=N'}),0.05177106034222079,0.9609709810954818,0.05177106034222079,1.0,1.0406141493055556,1.0,0.002020573692803486,inf,0.04115991114825492,0.05387369791666667,1.0,0.5269368489583334,다운로드=L0(최소) AND 유형=FILE AND 조회수=L0(최소) AND 주기=수시 AND 형식=CSV,국가중점=N,BR,0.05387369791666667,2449,[]
"frozenset({'형식=CSV', '다운로드=L0(최소)', '주기=수시', '조회수=L0(최소)'})",frozenset({'국가중점=N'}),0.05177106034222079,0.9609709810954818,0.05177106034222079,1.0,1.0406141493055556,1.0,0.002020573692803486,inf,0.04115991114825492,0.05387369791666667,1.0,0.5269368489583334,다운로드=L0(최소) AND 조회수=L0(최소) AND 주기=수시 AND 형식=CSV,국가중점=N,BR,0.05387369791666667,2449,[]
"frozenset({'다운로드=L3(상)', '표준=N', '유형=FILE', '조회수=L2(중)'})",frozenset({'국가중점=N'}),0.051937895581994305,0.9609709810954818,0.05187533236707924,0.9987954226059025,1.0393606490253242,1.0,0.001964521893615477,32.40059052723561,0.03994470272658477,0.05397869062344032,0.9691363649943537,0.5263888137335068,다운로드=L3(상) AND 유형=FILE AND 조회수=L2(중) AND 표준=N,국가중점=N,BR,0.0538522317023335,2452,[]
"frozenset({'다운로드=L3(상)', '유형=FILE', '조회수=L2(중)'})",frozenset({'국가중점=N'}),0.051937895581994305,0.9609709810954818,0.05187533236707924,0.9987954226059025,1.0393606490253242,1.0,0.001964521893615477,32.40059052723561,0.03994470272658477,0.05397869062344032,0.9691363649943537,0.5263888137335068,다운로드=L3(상) AND 유형=FILE AND 조회수=L2(중),국가중점=N,BR,0.0538522317023335,2452,[]
"frozenset({'형식=CSV', '다운로드=L3(상)', '표준=N', '주기=수시'})",frozenset({'국가중점=N'}),0.056087922171360646,0.9609709810954818,0.0545968322158848,0.9734151329243353,1.0129495604692116,1.0,0.0006979666192653347,1.4680915572545656,0.013543648204719663,0.05672621691602658,0.3188435727604958,0.5151146845177232,다운로드=L3(상) AND 주기=수시 AND 표준=N AND 형식=CSV,국가중점=N,BR,0.0538335920354595,2455,[]
"frozenset({'형식=CSV', '다운로드=L3(상)', '주기=수시', '유형=FILE'})",frozenset({'국가중점=N'}),0.056087922171360646,0.9609709810954818,0.0545968322158848,0.9734151329243353,1.0129495604692116,1.0,0.0006979666192653347,1.4680915572545656,0.013543648204719663,0.05672621691602658,0.3188435727604958,0.5151146845177232,다운로드=L3(상) AND 유형=FILE AND 주기=수시 AND 형식=CSV,국가중점=N,BR,0.0538335920354595,2455,[]
"frozenset({'다운로드=L3(상)', '형식=CSV', '주기=수시', '표준=N', '유형=FILE'})",frozenset({'국가중점=N'}),0.056087922171360646,0.9609709810954818,0.0545968322158848,0.9734151329243353,1.0129495604692116,1.0,0.0006979666192653347,1.4680915572545656,0.013543648204719663,0.05672621691602658,0.3188435727604958,0.5151146845177232,다운로드=L3(상) AND 유형=FILE AND 주기=수시 AND 표준=N AND 형식=CSV,국가중점=N,BR,0.0538335920354595,2455,[]
"frozenset({'형식=CSV', '다운로드=L3(상)', '주기=수시'})",frozenset({'국가중점=N'}),0.056087922171360646,0.9609709810954818,0.0545968322158848,0.9734151329243353,1.0129495604692116,1.0,0.0006979666192653347,1.4680915572545656,0.013543648204719663,0.05672621691602658,0.3188435727604958,0.5151146845177232,다운로드=L3(상) AND 주기=수시 AND 형식=CSV,국가중점=N,BR,0.0538335920354595,2455,[]
"frozenset({'다운로드=L1(하)', '조회수=L0(최소)', '유형=FILE', '형식=CSV'})",frozenset({'표준=N'}),0.05349154875238522,0.9968718392542465,0.05349154875238522,1.0,1.0031379768417308,1.0,0.00016733016303677184,inf,0.0033049475064170987,0.05365940399359853,1.0,0.5268297019967992,다운로드=L1(하) AND 유형=FILE AND 조회수=L0(최소) AND 형식=CSV,표준=N,BR,0.053659403993598524,2459,[]
"frozenset({'다운로드=L1(하)', '국가중점=N', '조회수=L0(최소)', '형식=CSV'})",frozenset({'표준=N'}),0.05349154875238522,0.9968718392542465,0.05349154875238522,1.0,1.0031379768417308,1.0,0.00016733016303677184,inf,0.0033049475064170987,0.05365940399359853,1.0,0.5268297019967992,국가중점=N AND 다운로드=L1(하) AND 조회수=L0(최소) AND 형식=CSV,표준=N,BR,0.053659403993598524,2459,[]
"frozenset({'형식=CSV', '다운로드=L1(하)', '조회수=L0(최소)'})",frozenset({'표준=N'}),0.05349154875238522,0.9968718392542465,0.05349154875238522,1.0,1.0031379768417308,1.0,0.00016733016303677184,inf,0.0033049475064170987,0.05365940399359853,1.0,0.5268297019967992,다운로드=L1(하) AND 조회수=L0(최소) AND 형식=CSV,표준=N,BR,0.053659403993598524,2459,[]
"frozenset({'다운로드=L1(하)', '국가중점=N', '형식=CSV', '조회수=L0(최소)', '유형=FILE'})",frozenset({'표준=N'}),0.05349154875238522,0.9968718392542465,0.05349154875238522,1.0,1.0031379768417308,1.0,0.00016733016303677184,inf,0.0033049475064170987,0.05365940399359853,1.0,0.5268297019967992,국가중점=N AND 다운로드=L1(하) AND 유형=FILE AND 조회수=L0(최소) AND 형식=CSV,표준=N,BR,0.053659403993598524,2459,[]
frozenset({'도메인=재정금융'}),"frozenset({'국가중점=N', '표준=N'})",0.05674483592796888,0.9578428203497283,0.054888793885488465,0.9672914369717017,1.0098644750696397,1.0,0.0005361601999601534,1.2888728744762885,0.010355753234134896,0.05719376779156436,0.22412829084766575,0.5122980154595065,도메인=재정금융,국가중점=N AND 표준=N,BR,0.053617199426737816,2462,['재정금융']
"frozenset({'표준=N', '도메인=재정금융'})",frozenset({'국가중점=N'}),0.05674483592796888,0.9609709810954818,0.054888793885488465,0.9672914369717017,1.0065771558148557,1.0,0.00035865323168605967,1.1932355105527457,0.006927266075031069,0.057007949056726376,0.16194247392388836,0.5122047462636287,도메인=재정금융 AND 표준=N,국가중점=N,BR,0.053442664272353904,2463,['재정금융']
frozenset({'도메인=재정금융'}),frozenset({'국가중점=N'}),0.05674483592796888,0.9609709810954818,0.054888793885488465,0.9672914369717017,1.0065771558148557,1.0,0.00035865323168605967,1.1932355105527457,0.006927266075031069,0.057007949056726376,0.16194247392388836,0.5122047462636287,도메인=재정금융,국가중점=N,BR,0.053442664272353904,2463,['재정금융']
"frozenset({'조회수=L1(하)', '다운로드=L1(하)', '유형=FILE'})",frozenset({'형식=CSV'}),0.06599376453291346,0.6992794803082281,0.05455512340594142,0.8266708800758414,1.1821752294396826,1.0,0.008407038039782128,1.7349682489783276,0.1649900272946724,0.07676056338028169,0.42362057600254593,0.4523435369020634,다운로드=L1(하) AND 유형=FILE AND 조회수=L1(하),형식=CSV,BI,0.0533150765761567,2466,[]
"frozenset({'조회수=L1(하)', '다운로드=L1(하)', '표준=N', '유형=FILE'})",frozenset({'형식=CSV'}),0.06599376453291346,0.6992794803082281,0.05455512340594142,0.8266708800758414,1.1821752294396826,1.0,0.008407038039782128,1.7349682489783276,0.1649900272946724,0.07676056338028169,0.42362057600254593,0.4523435369020634,다운로드=L1(하) AND 유형=FILE AND 조회수=L1(하) AND 표준=N,형식=CSV,BI,0.0533150765761567,2466,[]
"frozenset({'조회수=L1(하)', '다운로드=L1(하)', '유형=FILE'})","frozenset({'형식=CSV', '표준=N'})",0.06599376453291346,0.6992794803082281,0.05455512340594142,0.8266708800758414,1.1821752294396826,1.0,0.008407038039782128,1.7349682489783276,0.1649900272946724,0.07676056338028169,0.42362057600254593,0.4523435369020634,다운로드=L1(하) AND 유형=FILE AND 조회수=L1(하),표준=N AND 형식=CSV,BI,0.0533150765761567,2466,[]
"frozenset({'다운로드=L1(하)', '국가중점=N', '조회수=L1(하)', '표준=N', '유형=FILE'})",frozenset({'형식=CSV'}),0.06594162852048424,0.6992794803082281,0.05452384179848389,0.8268500948766604,1.1824315143813484,1.0,0.008412214076001436,1.73676398769933,0.16517710496048527,0.07671880043428506,0.4242165273563233,0.45241077727445445,국가중점=N AND 다운로드=L1(하) AND 유형=FILE AND 조회수=L1(하) AND 표준=N,형식=CSV,BI,0.05330761171092479,2469,[]
"frozenset({'조회수=L1(하)', '다운로드=L1(하)', '국가중점=N', '유형=FILE'})",frozenset({'형식=CSV'}),0.06594162852048424,0.6992794803082281,0.05452384179848389,0.8268500948766604,1.1824315143813484,1.0,0.008412214076001436,1.73676398769933,0.16517710496048527,0.07671880043428506,0.4242165273563233,0.45241077727445445,국가중점=N AND 다운로드=L1(하) AND 유형=FILE AND 조회수=L1(하),형식=CSV,BI,0.05330761171092479,2469,[]
"frozenset({'조회수=L1(하)', '다운로드=L1(하)', '국가중점=N', '유형=FILE'})","frozenset({'형식=CSV', '표준=N'})",0.06594162852048424,0.6992794803082281,0.05452384179848389,0.8268500948766604,1.1824315143813484,1.0,0.008412214076001436,1.73676398769933,0.16517710496048527,0.07671880043428506,0.4242165273563233,0.45241077727445445,국가중점=N AND 다운로드=L1(하) AND 유형=FILE AND 조회수=L1(하),표준=N AND 형식=CSV,BI,0.05330761171092479,2469,[]
"frozenset({'유형=API', '다운로드=L0(최소)', '국가중점=N'})",frozenset({'표준=N'}),0.05245925570628656,0.9968718392542465,0.05245925570628656,1.0,1.0031379768417308,1.0,0.00016410098445185373,inf,0.003301346949555452,0.052623871635827324,1.0,0.5263119358179137,국가중점=N AND 다운로드=L0(최소) AND 유형=API,표준=N,BR,0.052623871635827324,2471,[]
"frozenset({'도메인=국토관리', '국가중점=N', '유형=FILE'})",frozenset({'표준=N'}),0.05244882850380071,0.9968718392542465,0.05244882850380071,1.0,1.0031379768417308,1.0,0.0001640683664863446,inf,0.003301310620316201,0.05261341171302156,1.0,0.5263067058565107,국가중점=N AND 도메인=국토관리 AND 유형=FILE,표준=N,BR,0.05261341171302155,2472,['국토관리']
"frozenset({'다운로드=L3(상)', '조회수=L2(중)'})",frozenset({'표준=N'}),0.05199003159442353,0.9968718392542465,0.05199003159442353,1.0,1.0031379768417308,1.0,0.000162633176004158,inf,0.0032997129249754645,0.052153175109567684,1.0,0.5260765875547838,다운로드=L3(상) AND 조회수=L2(중),표준=N,BR,0.052153175109567684,2473,[]
"frozenset({'다운로드=L3(상)', '유형=FILE', '조회수=L2(중)'})",frozenset({'표준=N'}),0.051937895581994305,0.9968718392542465,0.051937895581994305,1.0,1.0031379768417308,1.0,0.0001624700861766401,inf,0.0032995314665317577,0.05210087549553884,1.0,0.5260504377477694,다운로드=L3(상) AND 유형=FILE AND 조회수=L2(중),표준=N,BR,0.05210087549553884,2474,[]
"frozenset({'다운로드=L3(상)', '국가중점=N', '조회수=L2(중)'})",frozenset({'표준=N'}),0.051927468379508464,0.9968718392542465,0.051927468379508464,1.0,1.0031379768417308,1.0,0.00016243746821113791,inf,0.003299495177237929,0.05209041557273308,1.0,0.5260452077863665,국가중점=N AND 다운로드=L3(상) AND 조회수=L2(중),표준=N,BR,0.05209041557273307,2475,[]
"frozenset({'도메인=국토관리', '유형=FILE'})","frozenset({'국가중점=N', '표준=N'})",0.05379393762447473,0.9578428203497283,0.05244882850380071,0.9749951540996317,1.0179072530330608,1.0,0.0009226915718564752,1.6859603861686132,0.018592382056072318,0.05468045092347998,0.4068662536772143,0.5148761966883962,도메인=국토관리 AND 유형=FILE,국가중점=N AND 표준=N,BR,0.05205308316029125,2476,['국토관리']
"frozenset({'다운로드=L3(상)', '국가중점=N', '유형=FILE', '조회수=L2(중)'})",frozenset({'표준=N'}),0.05187533236707924,0.9968718392542465,0.05187533236707924,1.0,1.0031379768417308,1.0,0.00016227437838361308,inf,0.0032993137427414832,0.05203811595870422,1.0,0.5260190579793521,국가중점=N AND 다운로드=L3(상) AND 유형=FILE AND 조회수=L2(중),표준=N,BR,0.05203811595870422,2477,[]
"frozenset({'다운로드=L0(최소)', '국가중점=N', '형식=CSV', '주기=수시', '조회수=L0(최소)', '유형=FILE'})",frozenset({'표준=N'}),0.05177106034222079,0.9968718392542465,0.05177106034222079,1.0,1.0031379768417308,1.0,0.00016194819872857036,inf,0.003298950933603082,0.051933516730646535,1.0,0.5259667583653233,국가중점=N AND 다운로드=L0(최소) AND 유형=FILE AND 조회수=L0(최소) AND 주기=수시 AND 형식=CSV,표준=N,BR,0.05193351673064652,2479,[]
"frozenset({'다운로드=L0(최소)', '형식=CSV', '주기=수시', '조회수=L0(최소)', '유형=FILE'})",frozenset({'표준=N'}),0.05177106034222079,0.9968718392542465,0.05177106034222079,1.0,1.0031379768417308,1.0,0.00016194819872857036,inf,0.003298950933603082,0.051933516730646535,1.0,0.5259667583653233,다운로드=L0(최소) AND 유형=FILE AND 조회수=L0(최소) AND 주기=수시 AND 형식=CSV,표준=N,BR,0.05193351673064652,2479,[]
"frozenset({'다운로드=L0(최소)', '국가중점=N', '형식=CSV', '주기=수시', '조회수=L0(최소)'})",frozenset({'표준=N'}),0.05177106034222079,0.9968718392542465,0.05177106034222079,1.0,1.0031379768417308,1.0,0.00016194819872857036,inf,0.003298950933603082,0.051933516730646535,1.0,0.5259667583653233,국가중점=N AND 다운로드=L0(최소) AND 조회수=L0(최소) AND 주기=수시 AND 형식=CSV,표준=N,BR,0.05193351673064652,2479,[]
"frozenset({'형식=CSV', '다운로드=L0(최소)', '주기=수시', '조회수=L0(최소)'})",frozenset({'표준=N'}),0.05177106034222079,0.9968718392542465,0.05177106034222079,1.0,1.0031379768417308,1.0,0.00016194819872857036,inf,0.003298950933603082,0.051933516730646535,1.0,0.5259667583653233,다운로드=L0(최소) AND 조회수=L0(최소) AND 주기=수시 AND 형식=CSV,표준=N,BR,0.05193351673064652,2479,[]
"frozenset({'도메인=국토관리', '표준=N', '유형=FILE'})",frozenset({'국가중점=N'}),0.05379393762447473,0.9609709810954818,0.05244882850380071,0.9749951540996317,1.0145937528604274,1.0,0.0007544154878200773,1.5608582056465798,0.015201592174888595,0.05450270346411815,0.3593268136834033,0.5147870735775936,도메인=국토관리 AND 유형=FILE AND 표준=N,국가중점=N,BR,0.051883639530212196,2482,['국토관리']
"frozenset({'도메인=국토관리', '유형=FILE'})",frozenset({'국가중점=N'}),0.05379393762447473,0.9609709810954818,0.05244882850380071,0.9749951540996317,1.0145937528604274,1.0,0.0007544154878200773,1.5608582056465798,0.015201592174888595,0.05450270346411815,0.3593268136834033,0.5147870735775936,도메인=국토관리 AND 유형=FILE,국가중점=N,BR,0.051883639530212196,2482,['국토관리']
"frozenset({'다운로드=L0(최소)', '주기=수시', '유형=FILE', '조회수=L0(최소)'})","frozenset({'형식=CSV', '국가중점=N', '표준=N'})",0.06250065170015537,0.6867564101227281,0.05177106034222079,0.8283283283283283,1.2061457543298362,1.0,0.008848337150291104,1.8246667422005507,0.1823071189234339,0.07422523209400368,0.4519547176083242,0.45185661200965926,다운로드=L0(최소) AND 유형=FILE AND 조회수=L0(최소) AND 주기=수시,국가중점=N AND 표준=N AND 형식=CSV,BI,0.05172367410453861,2488,[]
"frozenset({'다운로드=L0(최소)', '표준=N', '주기=수시', '조회수=L0(최소)'})","frozenset({'형식=CSV', '국가중점=N'})",0.06250065170015537,0.6867564101227281,0.05177106034222079,0.8283283283283283,1.2061457543298362,1.0,0.008848337150291104,1.8246667422005507,0.1823071189234339,0.07422523209400368,0.4519547176083242,0.45185661200965926,다운로드=L0(최소) AND 조회수=L0(최소) AND 주기=수시 AND 표준=N,국가중점=N AND 형식=CSV,BI,0.05172367410453861,2488,[]
"frozenset({'다운로드=L0(최소)', '주기=수시', '조회수=L0(최소)'})","frozenset({'형식=CSV', '국가중점=N', '표준=N'})",0.06250065170015537,0.6867564101227281,0.05177106034222079,0.8283283283283283,1.2061457543298362,1.0,0.008848337150291104,1.8246667422005507,0.1823071189234339,0.07422523209400368,0.4519547176083242,0.45185661200965926,다운로드=L0(최소) AND 조회수=L0(최소) AND 주기=수시,국가중점=N AND 표준=N AND 형식=CSV,BI,0.05172367410453861,2488,[]
"frozenset({'다운로드=L0(최소)', '주기=수시', '유형=FILE', '조회수=L0(최소)'})","frozenset({'형식=CSV', '국가중점=N'})",0.06250065170015537,0.6867564101227281,0.05177106034222079,0.8283283283283283,1.2061457543298362,1.0,0.008848337150291104,1.8246667422005507,0.1823071189234339,0.07422523209400368,0.4519547176083242,0.45185661200965926,다운로드=L0(최소) AND 유형=FILE AND 조회수=L0(최소) AND 주기=수시,국가중점=N AND 형식=CSV,BI,0.05172367410453861,2488,[]
"frozenset({'다운로드=L0(최소)', '주기=수시', '조회수=L0(최소)'})","frozenset({'형식=CSV', '국가중점=N'})",0.06250065170015537,0.6867564101227281,0.05177106034222079,0.8283283283283283,1.2061457543298362,1.0,0.008848337150291104,1.8246667422005507,0.1823071189234339,0.07422523209400368,0.4519547176083242,0.45185661200965926,다운로드=L0(최소) AND 조회수=L0(최소) AND 주기=수시,국가중점=N AND 형식=CSV,BI,0.05172367410453861,2488,[]
"frozenset({'다운로드=L0(최소)', '표준=N', '주기=수시', '조회수=L0(최소)'})","frozenset({'형식=CSV', '국가중점=N', '유형=FILE'})",0.06250065170015537,0.6867564101227281,0.05177106034222079,0.8283283283283283,1.2061457543298362,1.0,0.008848337150291104,1.8246667422005507,0.1823071189234339,0.07422523209400368,0.4519547176083242,0.45185661200965926,다운로드=L0(최소) AND 조회수=L0(최소) AND 주기=수시 AND 표준=N,국가중점=N AND 유형=FILE AND 형식=CSV,BI,0.05172367410453861,2488,[]
"frozenset({'다운로드=L0(최소)', '주기=수시', '조회수=L0(최소)'})","frozenset({'형식=CSV', '국가중점=N', '표준=N', '유형=FILE'})",0.06250065170015537,0.6867564101227281,0.05177106034222079,0.8283283283283283,1.2061457543298362,1.0,0.008848337150291104,1.8246667422005507,0.1823071189234339,0.07422523209400368,0.4519547176083242,0.45185661200965926,다운로드=L0(최소) AND 조회수=L0(최소) AND 주기=수시,국가중점=N AND 유형=FILE AND 표준=N AND 형식=CSV,BI,0.05172367410453861,2488,[]
"frozenset({'다운로드=L0(최소)', '주기=수시', '조회수=L0(최소)', '표준=N', '유형=FILE'})","frozenset({'형식=CSV', '국가중점=N'})",0.06250065170015537,0.6867564101227281,0.05177106034222079,0.8283283283283283,1.2061457543298362,1.0,0.008848337150291104,1.8246667422005507,0.1823071189234339,0.07422523209400368,0.4519547176083242,0.45185661200965926,다운로드=L0(최소) AND 유형=FILE AND 조회수=L0(최소) AND 주기=수시 AND 표준=N,국가중점=N AND 형식=CSV,BI,0.05172367410453861,2488,[]
"frozenset({'다운로드=L0(최소)', '주기=수시', '조회수=L0(최소)'})","frozenset({'형식=CSV', '국가중점=N', '유형=FILE'})",0.06250065170015537,0.6867564101227281,0.05177106034222079,0.8283283283283283,1.2061457543298362,1.0,0.008848337150291104,1.8246667422005507,0.1823071189234339,0.07422523209400368,0.4519547176083242,0.45185661200965926,다운로드=L0(최소) AND 조회수=L0(최소) AND 주기=수시,국가중점=N AND 유형=FILE AND 형식=CSV,BI,0.05172367410453861,2488,[]
"frozenset({'도메인=교통물류', '유형=FILE'})","frozenset({'형식=CSV', '국가중점=N', '표준=N'})",0.0717600075075858,0.6867564101227281,0.056723981522997194,0.7904678872420807,1.1510163947371364,1.0,0.007442336376707555,1.494966980260322,0.1413456061590226,0.0808272910971116,0.3310889048359665,0.436532416184886,도메인=교통물류 AND 유형=FILE,국가중점=N AND 표준=N AND 형식=CSV,BI,0.051609832306028,2494,['교통물류']
"frozenset({'도메인=교통물류', '표준=N', '유형=FILE'})","frozenset({'형식=CSV', '국가중점=N'})",0.0717600075075858,0.6867564101227281,0.056723981522997194,0.7904678872420807,1.1510163947371364,1.0,0.007442336376707555,1.494966980260322,0.1413456061590226,0.0808272910971116,0.3310889048359665,0.436532416184886,도메인=교통물류 AND 유형=FILE AND 표준=N,국가중점=N AND 형식=CSV,BI,0.051609832306028,2494,['교통물류']
"frozenset({'도메인=교통물류', '유형=FILE'})","frozenset({'형식=CSV', '국가중점=N'})",0.0717600075075858,0.6867564101227281,0.056723981522997194,0.7904678872420807,1.1510163947371364,1.0,0.007442336376707555,1.494966980260322,0.1413456061590226,0.0808272910971116,0.3310889048359665,0.436532416184886,도메인=교통물류 AND 유형=FILE,국가중점=N AND 형식=CSV,BI,0.051609832306028,2494,['교통물류']
frozenset({'도메인=사회복지'}),frozenset({'국가중점=N'}),0.05471153144322909,0.9609709810954818,0.05271993576843269,0.9635982466171146,1.0027339696757938,1.0,0.00014374172019652326,1.0721741476021305,0.002884321089152846,0.054747647562018824,0.06731569471577427,0.5092296788641129,도메인=사회복지,국가중점=N,BR,0.0509397256179185,2496,['사회복지']
"frozenset({'다운로드=L0(최소)', '국가중점=N', '주기=수시', '조회수=L0(최소)'})","frozenset({'형식=CSV', '표준=N'})",0.06247979729518367,0.6992794803082281,0.05177106034222079,0.8286048064085448,1.1849408280124463,1.0,0.008080220159881316,1.7545446484840297,0.16647748215777858,0.07291819650462623,0.43005155162963515,0.45131983457477476,국가중점=N AND 다운로드=L0(최소) AND 조회수=L0(최소) AND 주기=수시,표준=N AND 형식=CSV,BI,0.05083129473233518,2501,[]
"frozenset({'다운로드=L0(최소)', '국가중점=N', '주기=수시', '조회수=L0(최소)', '표준=N'})",frozenset({'형식=CSV'}),0.06247979729518367,0.6992794803082281,0.05177106034222079,0.8286048064085448,1.1849408280124463,1.0,0.008080220159881316,1.7545446484840297,0.16647748215777858,0.07291819650462623,0.43005155162963515,0.45131983457477476,국가중점=N AND 다운로드=L0(최소) AND 조회수=L0(최소) AND 주기=수시 AND 표준=N,형식=CSV,BI,0.05083129473233518,2501,[]
"frozenset({'다운로드=L0(최소)', '국가중점=N', '주기=수시', '조회수=L0(최소)'})","frozenset({'형식=CSV', '유형=FILE'})",0.06247979729518367,0.6992794803082281,0.05177106034222079,0.8286048064085448,1.1849408280124463,1.0,0.008080220159881316,1.7545446484840297,0.16647748215777858,0.07291819650462623,0.43005155162963515,0.45131983457477476,국가중점=N AND 다운로드=L0(최소) AND 조회수=L0(최소) AND 주기=수시,유형=FILE AND 형식=CSV,BI,0.05083129473233518,2501,[]
"frozenset({'다운로드=L0(최소)', '국가중점=N', '주기=수시', '조회수=L0(최소)', '표준=N', '유형=FILE'})",frozenset({'형식=CSV'}),0.06247979729518367,0.6992794803082281,0.05177106034222079,0.8286048064085448,1.1849408280124463,1.0,0.008080220159881316,1.7545446484840297,0.16647748215777858,0.07291819650462623,0.43005155162963515,0.45131983457477476,국가중점=N AND 다운로드=L0(최소) AND 유형=FILE AND 조회수=L0(최소) AND 주기=수시 AND 표준=N,형식=CSV,BI,0.05083129473233518,2501,[]
"frozenset({'다운로드=L0(최소)', '국가중점=N', '주기=수시', '조회수=L0(최소)', '표준=N'})","frozenset({'형식=CSV', '유형=FILE'})",0.06247979729518367,0.6992794803082281,0.05177106034222079,0.8286048064085448,1.1849408280124463,1.0,0.008080220159881316,1.7545446484840297,0.16647748215777858,0.07291819650462623,0.43005155162963515,0.45131983457477476,국가중점=N AND 다운로드=L0(최소) AND 조회수=L0(최소) AND 주기=수시 AND 표준=N,유형=FILE AND 형식=CSV,BI,0.05083129473233518,2501,[]
"frozenset({'다운로드=L0(최소)', '국가중점=N', '주기=수시', '조회수=L0(최소)', '유형=FILE'})","frozenset({'형식=CSV', '표준=N'})",0.06247979729518367,0.6992794803082281,0.05177106034222079,0.8286048064085448,1.1849408280124463,1.0,0.008080220159881316,1.7545446484840297,0.16647748215777858,0.07291819650462623,0.43005155162963515,0.45131983457477476,국가중점=N AND 다운로드=L0(최소) AND 유형=FILE AND 조회수=L0(최소) AND 주기=수시,표준=N AND 형식=CSV,BI,0.05083129473233518,2501,[]
"frozenset({'다운로드=L0(최소)', '국가중점=N', '주기=수시', '조회수=L0(최소)'})","frozenset({'형식=CSV', '표준=N', '유형=FILE'})",0.06247979729518367,0.6992794803082281,0.05177106034222079,0.8286048064085448,1.1849408280124463,1.0,0.008080220159881316,1.7545446484840297,0.16647748215777858,0.07291819650462623,0.43005155162963515,0.45131983457477476,국가중점=N AND 다운로드=L0(최소) AND 조회수=L0(최소) AND 주기=수시,유형=FILE AND 표준=N AND 형식=CSV,BI,0.05083129473233518,2501,[]
"frozenset({'다운로드=L0(최소)', '국가중점=N', '주기=수시', '조회수=L0(최소)', '유형=FILE'})",frozenset({'형식=CSV'}),0.06247979729518367,0.6992794803082281,0.05177106034222079,0.8286048064085448,1.1849408280124463,1.0,0.008080220159881316,1.7545446484840297,0.16647748215777858,0.07291819650462623,0.43005155162963515,0.45131983457477476,국가중점=N AND 다운로드=L0(최소) AND 유형=FILE AND 조회수=L0(최소) AND 주기=수시,형식=CSV,BI,0.05083129473233518,2501,[]
"frozenset({'다운로드=L0(최소)', '국가중점=N', '주기=수시', '조회수=L0(최소)'})",frozenset({'형식=CSV'}),0.06247979729518367,0.6992794803082281,0.05177106034222079,0.8286048064085448,1.1849408280124463,1.0,0.008080220159881316,1.7545446484840297,0.16647748215777858,0.07291819650462623,0.43005155162963515,0.45131983457477476,국가중점=N AND 다운로드=L0(최소) AND 조회수=L0(최소) AND 주기=수시,형식=CSV,BI,0.05083129473233518,2501,[]
"frozenset({'다운로드=L0(최소)', '주기=수시', '조회수=L0(최소)', '표준=N', '유형=FILE'})",frozenset({'형식=CSV'}),0.06250065170015537,0.6992794803082281,0.05177106034222079,0.8283283283283283,1.1845454523607901,1.0,0.008065637102410574,1.7517189456097961,0.16618072271059986,0.07291605474945662,0.4291321661467291,0.4511815955346665,다운로드=L0(최소) AND 유형=FILE AND 조회수=L0(최소) AND 주기=수시 AND 표준=N,형식=CSV,BI,0.05079737894029677,2510,[]
"frozenset({'다운로드=L0(최소)', '표준=N', '주기=수시', '조회수=L0(최소)'})",frozenset({'형식=CSV'}),0.06250065170015537,0.6992794803082281,0.05177106034222079,0.8283283283283283,1.1845454523607901,1.0,0.008065637102410574,1.7517189456097961,0.16618072271059986,0.07291605474945662,0.4291321661467291,0.4511815955346665,다운로드=L0(최소) AND 조회수=L0(최소) AND 주기=수시 AND 표준=N,형식=CSV,BI,0.05079737894029677,2510,[]
"frozenset({'다운로드=L0(최소)', '주기=수시', '조회수=L0(최소)'})",frozenset({'형식=CSV'}),0.06250065170015537,0.6992794803082281,0.05177106034222079,0.8283283283283283,1.1845454523607901,1.0,0.008065637102410574,1.7517189456097961,0.16618072271059986,0.07291605474945662,0.4291321661467291,0.4511815955346665,다운로드=L0(최소) AND 조회수=L0(최소) AND 주기=수시,형식=CSV,BI,0.05079737894029677,2510,[]
"frozenset({'다운로드=L0(최소)', '표준=N', '주기=수시', '조회수=L0(최소)'})","frozenset({'형식=CSV', '유형=FILE'})",0.06250065170015537,0.6992794803082281,0.05177106034222079,0.8283283283283283,1.1845454523607901,1.0,0.008065637102410574,1.7517189456097961,0.16618072271059986,0.07291605474945662,0.4291321661467291,0.4511815955346665,다운로드=L0(최소) AND 조회수=L0(최소) AND 주기=수시 AND 표준=N,유형=FILE AND 형식=CSV,BI,0.05079737894029677,2510,[]
"frozenset({'다운로드=L0(최소)', '주기=수시', '조회수=L0(최소)'})","frozenset({'형식=CSV', '유형=FILE'})",0.06250065170015537,0.6992794803082281,0.05177106034222079,0.8283283283283283,1.1845454523607901,1.0,0.008065637102410574,1.7517189456097961,0.16618072271059986,0.07291605474945662,0.4291321661467291,0.4511815955346665,다운로드=L0(최소) AND 조회수=L0(최소) AND 주기=수시,유형=FILE AND 형식=CSV,BI,0.05079737894029677,2510,[]
"frozenset({'다운로드=L0(최소)', '주기=수시', '조회수=L0(최소)'})","frozenset({'형식=CSV', '표준=N'})",0.06250065170015537,0.6992794803082281,0.05177106034222079,0.8283283283283283,1.1845454523607901,1.0,0.008065637102410574,1.7517189456097961,0.16618072271059986,0.07291605474945662,0.4291321661467291,0.4511815955346665,다운로드=L0(최소) AND 조회수=L0(최소) AND 주기=수시,표준=N AND 형식=CSV,BI,0.05079737894029677,2510,[]
"frozenset({'다운로드=L0(최소)', '주기=수시', '유형=FILE', '조회수=L0(최소)'})",frozenset({'형식=CSV'}),0.06250065170015537,0.6992794803082281,0.05177106034222079,0.8283283283283283,1.1845454523607901,1.0,0.008065637102410574,1.7517189456097961,0.16618072271059986,0.07291605474945662,0.4291321661467291,0.4511815955346665,다운로드=L0(최소) AND 유형=FILE AND 조회수=L0(최소) AND 주기=수시,형식=CSV,BI,0.05079737894029677,2510,[]
"frozenset({'다운로드=L0(최소)', '주기=수시', '조회수=L0(최소)'})","frozenset({'형식=CSV', '표준=N', '유형=FILE'})",0.06250065170015537,0.6992794803082281,0.05177106034222079,0.8283283283283283,1.1845454523607901,1.0,0.008065637102410574,1.7517189456097961,0.16618072271059986,0.07291605474945662,0.4291321661467291,0.4511815955346665,다운로드=L0(최소) AND 조회수=L0(최소) AND 주기=수시,유형=FILE AND 표준=N AND 형식=CSV,BI,0.05079737894029677,2510,[]
"frozenset({'다운로드=L0(최소)', '주기=수시', '유형=FILE', '조회수=L0(최소)'})","frozenset({'형식=CSV', '표준=N'})",0.06250065170015537,0.6992794803082281,0.05177106034222079,0.8283283283283283,1.1845454523607901,1.0,0.008065637102410574,1.7517189456097961,0.16618072271059986,0.07291605474945662,0.4291321661467291,0.4511815955346665,다운로드=L0(최소) AND 유형=FILE AND 조회수=L0(최소) AND 주기=수시,표준=N AND 형식=CSV,BI,0.05079737894029677,2510,[]
"frozenset({'도메인=사회복지', '표준=N'})",frozenset({'국가중점=N'}),0.0544821329885405,0.9609709810954818,0.0524905373137441,0.9634449760765551,1.0025744741826157,1.0,0.00013478852357181464,1.0676786585136533,0.0027158273518412663,0.05450942599430434,0.06338860290405246,0.5090336859549442,도메인=사회복지 AND 표준=N,국가중점=N,BR,0.05070194011698451,2515,['사회복지']
"frozenset({'조회수=L1(하)', '다운로드=L1(하)', '국가중점=N', '표준=N'})",frozenset({'형식=CSV'}),0.06774553455053543,0.6992794803082281,0.05452384179848389,0.8048329998460829,1.1509461131210785,1.0,0.007150779604782359,1.5408369214806337,0.1406800362300237,0.07652456425341354,0.35100205215807534,0.4414022297591657,국가중점=N AND 다운로드=L1(하) AND 조회수=L1(하) AND 표준=N,형식=CSV,BI,0.05050649312297496,2516,[]
"frozenset({'조회수=L1(하)', '다운로드=L1(하)', '국가중점=N', '표준=N'})","frozenset({'형식=CSV', '유형=FILE'})",0.06774553455053543,0.6992794803082281,0.05452384179848389,0.8048329998460829,1.1509461131210785,1.0,0.007150779604782359,1.5408369214806337,0.1406800362300237,0.07652456425341354,0.35100205215807534,0.4414022297591657,국가중점=N AND 다운로드=L1(하) AND 조회수=L1(하) AND 표준=N,유형=FILE AND 형식=CSV,BI,0.05050649312297496,2516,[]
"frozenset({'도메인=국토관리', '표준=N'})",frozenset({'유형=FILE'}),0.05948719018174614,0.8711614860848983,0.05379393762447473,0.9042944785276074,1.0380331235619846,1.0,0.0019709886227297913,1.3461972928308703,0.03895705040648849,0.061348744842020145,0.2571668318414639,0.4830220761819456,도메인=국토관리 AND 표준=N,유형=FILE,BI,0.050495703395657225,2518,['국토관리']
frozenset({'도메인=사회복지'}),"frozenset({'국가중점=N', '표준=N'})",0.05471153144322909,0.9578428203497283,0.0524905373137441,0.9594053744997142,1.0016313262643817,1.0,8.54897305086963e-05,1.0384916508214825,0.0017229337154017553,0.054674008667035943,0.03706495934852658,0.5071030791505756,도메인=사회복지,국가중점=N AND 표준=N,BR,0.050441856716348016,2519,['사회복지']
"frozenset({'형식=CSV', '도메인=공공행정', '주기=수시'})",frozenset({'표준=N'}),0.05027997038674494,0.9968718392542465,0.05027997038674494,1.0,1.0031379768417308,1.0,0.00015728382966146565,inf,0.0032937714781348594,0.050437747769421455,1.0,0.5252188738847108,도메인=공공행정 AND 주기=수시 AND 형식=CSV,표준=N,BR,0.050437747769421455,2520,['공공행정']
"frozenset({'형식=CSV', '도메인=공공행정', '주기=수시', '유형=FILE'})",frozenset({'표준=N'}),0.05027997038674494,0.9968718392542465,0.05027997038674494,1.0,1.0031379768417308,1.0,0.00015728382966146565,inf,0.0032937714781348594,0.050437747769421455,1.0,0.5252188738847108,도메인=공공행정 AND 유형=FILE AND 주기=수시 AND 형식=CSV,표준=N,BR,0.050437747769421455,2520,['공공행정']
"frozenset({'조회수=L1(하)', '다운로드=L1(하)', '국가중점=N'})","frozenset({'형식=CSV', '표준=N', '유형=FILE'})",0.06781852496793635,0.6992794803082281,0.05452384179848389,0.8039667896678968,1.1497073949796506,1.0,0.0070997389036347655,1.534028439274734,0.13968682960762208,0.07651672568702626,0.3481216029653367,0.44096912467007265,국가중점=N AND 다운로드=L1(하) AND 조회수=L1(하),유형=FILE AND 표준=N AND 형식=CSV,BI,0.05039783531291592,2523,[]
"frozenset({'조회수=L1(하)', '다운로드=L1(하)', '국가중점=N'})",frozenset({'형식=CSV'}),0.06781852496793635,0.6992794803082281,0.05452384179848389,0.8039667896678968,1.1497073949796506,1.0,0.0070997389036347655,1.534028439274734,0.13968682960762208,0.07651672568702626,0.3481216029653367,0.44096912467007265,국가중점=N AND 다운로드=L1(하) AND 조회수=L1(하),형식=CSV,BI,0.05039783531291592,2523,[]
"frozenset({'조회수=L1(하)', '다운로드=L1(하)', '국가중점=N'})","frozenset({'형식=CSV', '유형=FILE'})",0.06781852496793635,0.6992794803082281,0.05452384179848389,0.8039667896678968,1.1497073949796506,1.0,0.0070997389036347655,1.534028439274734,0.13968682960762208,0.07651672568702626,0.3481216029653367,0.44096912467007265,국가중점=N AND 다운로드=L1(하) AND 조회수=L1(하),유형=FILE AND 형식=CSV,BI,0.05039783531291592,2523,[]
"frozenset({'조회수=L1(하)', '다운로드=L1(하)', '국가중점=N'})","frozenset({'형식=CSV', '표준=N'})",0.06781852496793635,0.6992794803082281,0.05452384179848389,0.8039667896678968,1.1497073949796506,1.0,0.0070997389036347655,1.534028439274734,0.13968682960762208,0.07651672568702626,0.3481216029653367,0.44096912467007265,국가중점=N AND 다운로드=L1(하) AND 조회수=L1(하),표준=N AND 형식=CSV,BI,0.05039783531291592,2523,[]
"frozenset({'도메인=재정금융', '유형=FILE'})",frozenset({'표준=N'}),0.05009228074199973,0.9968718392542465,0.05009228074199973,1.0,1.0031379768417308,1.0,0.00015669670628238458,inf,0.0032931206709183656,0.0502494691589176,1.0,0.5251247345794589,도메인=재정금융 AND 유형=FILE,표준=N,BR,0.0502494691589176,2526,['재정금융']
frozenset({'도메인=국토관리'}),frozenset({'유형=FILE'}),0.059695734231463043,0.8711614860848983,0.05379393762447473,0.9011353711790393,1.0344068069731218,1.0,0.0017893130784642497,1.303181081561762,0.035374034488555174,0.06133415762129516,0.23264693284100074,0.4814425225076615,도메인=국토관리,유형=FILE,BI,0.05014351124688059,2527,['국토관리']
frozenset({'도메인=국토관리'}),"frozenset({'표준=N', '유형=FILE'})",0.059695734231463043,0.8711614860848983,0.05379393762447473,0.9011353711790393,1.0344068069731218,1.0,0.0017893130784642497,1.303181081561762,0.035374034488555174,0.06133415762129516,0.23264693284100074,0.4814425225076615,도메인=국토관리,유형=FILE AND 표준=N,BI,0.05014351124688059,2527,['국토관리']
"frozenset({'조회수=L1(하)', '다운로드=L1(하)', '표준=N'})","frozenset({'형식=CSV', '국가중점=N'})",0.06870483717923319,0.6867564101227281,0.05452384179848389,0.7935953862498103,1.1555704097585187,1.0,0.007340354459207159,1.5176191277215767,0.1445583677645139,0.077787034006724,0.3410731442866602,0.43649433155070455,다운로드=L1(하) AND 조회수=L1(하) AND 표준=N,국가중점=N AND 형식=CSV,BI,0.05000138058782846,2529,[]
"frozenset({'조회수=L1(하)', '다운로드=L1(하)', '표준=N'})","frozenset({'형식=CSV', '국가중점=N', '유형=FILE'})",0.06870483717923319,0.6867564101227281,0.05452384179848389,0.7935953862498103,1.1555704097585187,1.0,0.007340354459207159,1.5176191277215767,0.1445583677645139,0.077787034006724,0.3410731442866602,0.43649433155070455,다운로드=L1(하) AND 조회수=L1(하) AND 표준=N,국가중점=N AND 유형=FILE AND 형식=CSV,BI,0.05000138058782846,2529,[]
"frozenset({'조회수=L1(하)', '다운로드=L1(하)'})","frozenset({'형식=CSV', '국가중점=N'})",0.0687778275966341,0.6867564101227281,0.05452384179848389,0.7927531837477259,1.1543440615371254,1.0,0.00729022782217955,1.511451879173727,0.1435824446439921,0.07777893468592424,0.3383844938902884,0.43607323029966233,다운로드=L1(하) AND 조회수=L1(하),국가중점=N AND 형식=CSV,BI,0.04989530904738897,2532,[]
"frozenset({'조회수=L1(하)', '다운로드=L1(하)'})","frozenset({'형식=CSV', '국가중점=N', '표준=N'})",0.0687778275966341,0.6867564101227281,0.05452384179848389,0.7927531837477259,1.1543440615371254,1.0,0.00729022782217955,1.511451879173727,0.1435824446439921,0.07777893468592424,0.3383844938902884,0.43607323029966233,다운로드=L1(하) AND 조회수=L1(하),국가중점=N AND 표준=N AND 형식=CSV,BI,0.04989530904738897,2532,[]
"frozenset({'조회수=L1(하)', '다운로드=L1(하)'})","frozenset({'형식=CSV', '국가중점=N', '유형=FILE'})",0.0687778275966341,0.6867564101227281,0.05452384179848389,0.7927531837477259,1.1543440615371254,1.0,0.00729022782217955,1.511451879173727,0.1435824446439921,0.07777893468592424,0.3383844938902884,0.43607323029966233,다운로드=L1(하) AND 조회수=L1(하),국가중점=N AND 유형=FILE AND 형식=CSV,BI,0.04989530904738897,2532,[]
"frozenset({'조회수=L1(하)', '다운로드=L1(하)'})","frozenset({'형식=CSV', '국가중점=N', '표준=N', '유형=FILE'})",0.0687778275966341,0.6867564101227281,0.05452384179848389,0.7927531837477259,1.1543440615371254,1.0,0.00729022782217955,1.511451879173727,0.1435824446439921,0.07777893468592424,0.3383844938902884,0.43607323029966233,다운로드=L1(하) AND 조회수=L1(하),국가중점=N AND 유형=FILE AND 표준=N AND 형식=CSV,BI,0.04989530904738897,2532,[]
"frozenset({'도메인=국토관리', '국가중점=N', '표준=N'})",frozenset({'유형=FILE'}),0.057662429746723254,0.8711614860848983,0.05244882850380071,0.9095840867992766,1.044105026826948,1.0,0.0022155405143792356,1.4249539639010238,0.044826764903810594,0.059847466298618625,0.29822294240134534,0.48489485977844304,국가중점=N AND 도메인=국토관리 AND 표준=N,유형=FILE,BI,0.04981072152346732,2535,['국토관리']
"frozenset({'도메인=국토관리', '국가중점=N'})","frozenset({'표준=N', '유형=FILE'})",0.057870973796440156,0.8711614860848983,0.05244882850380071,0.9063063063063063,1.0403424861897337,1.0,0.002033864970113694,1.3751033696707964,0.04116005438267853,0.05983322825841293,0.2727819434844358,0.4832559695319579,국가중점=N AND 도메인=국토관리,유형=FILE AND 표준=N,BI,0.04945237217229126,2536,['국토관리']
"frozenset({'도메인=국토관리', '국가중점=N'})",frozenset({'유형=FILE'}),0.057870973796440156,0.8711614860848983,0.05244882850380071,0.9063063063063063,1.0403424861897337,1.0,0.002033864970113694,1.3751033696707964,0.04116005438267853,0.05983322825841293,0.2727819434844358,0.4832559695319579,국가중점=N AND 도메인=국토관리,유형=FILE,BI,0.04945237217229126,2536,['국토관리']
"frozenset({'조회수=L1(하)', '다운로드=L1(하)', '표준=N'})","frozenset({'형식=CSV', '유형=FILE'})",0.06870483717923319,0.6992794803082281,0.05455512340594142,0.7940506905448474,1.1355269429539763,1.0,0.006511240568585812,1.4601676523574687,0.12815656299778422,0.07646886875182696,0.31514713506666114,0.4360334421365664,다운로드=L1(하) AND 조회수=L1(하) AND 표준=N,유형=FILE AND 형식=CSV,BI,0.04919049734693717,2538,[]
"frozenset({'조회수=L1(하)', '다운로드=L1(하)', '표준=N'})",frozenset({'형식=CSV'}),0.06870483717923319,0.6992794803082281,0.05455512340594142,0.7940506905448474,1.1355269429539763,1.0,0.006511240568585812,1.4601676523574687,0.12815656299778422,0.07646886875182696,0.31514713506666114,0.4360334421365664,다운로드=L1(하) AND 조회수=L1(하) AND 표준=N,형식=CSV,BI,0.04919049734693717,2538,[]
"frozenset({'조회수=L1(하)', '다운로드=L1(하)'})","frozenset({'형식=CSV', '유형=FILE'})",0.0687778275966341,0.6992794803082281,0.05455512340594142,0.7932080048514251,1.1343218658465357,1.0,0.006460199867438218,1.4542174104742869,0.12716192802143614,0.07646104607830242,0.31234491294265676,0.4356120992898552,다운로드=L1(하) AND 조회수=L1(하),유형=FILE AND 형식=CSV,BI,0.04908614599168991,2541,[]
"frozenset({'조회수=L1(하)', '다운로드=L1(하)'})",frozenset({'형식=CSV'}),0.0687778275966341,0.6992794803082281,0.05455512340594142,0.7932080048514251,1.1343218658465357,1.0,0.006460199867438218,1.4542174104742869,0.12716192802143614,0.07646104607830242,0.31234491294265676,0.4356120992898552,다운로드=L1(하) AND 조회수=L1(하),형식=CSV,BI,0.04908614599168991,2541,[]
"frozenset({'조회수=L1(하)', '다운로드=L1(하)'})","frozenset({'형식=CSV', '표준=N', '유형=FILE'})",0.0687778275966341,0.6992794803082281,0.05455512340594142,0.7932080048514251,1.1343218658465357,1.0,0.006460199867438218,1.4542174104742869,0.12716192802143614,0.07646104607830242,0.31234491294265676,0.4356120992898552,다운로드=L1(하) AND 조회수=L1(하),유형=FILE AND 표준=N AND 형식=CSV,BI,0.04908614599168991,2541,[]
"frozenset({'조회수=L1(하)', '다운로드=L1(하)'})","frozenset({'형식=CSV', '표준=N'})",0.0687778275966341,0.6992794803082281,0.05455512340594142,0.7932080048514251,1.1343218658465357,1.0,0.006460199867438218,1.4542174104742869,0.12716192802143614,0.07646104607830242,0.31234491294265676,0.4356120992898552,다운로드=L1(하) AND 조회수=L1(하),표준=N AND 형식=CSV,BI,0.04908614599168991,2541,[]
"frozenset({'도메인=국토관리', '표준=N'})","frozenset({'국가중점=N', '유형=FILE'})",0.05948719018174614,0.8547803509796357,0.05244882850380071,0.8816827344434706,1.0314728613415165,1.0,0.0016003472014554099,1.2273749594980414,0.032442454741825485,0.060858307824466724,0.18525305387607938,0.4715210783567016,도메인=국토관리 AND 표준=N,국가중점=N AND 유형=FILE,BI,0.047698633190263594,2544,['국토관리']
"frozenset({'국가중점=N', '표준=N', '도메인=환경기상'})",frozenset({'형식=CSV'}),0.07662951106847544,0.6992794803082281,0.058027381833727826,0.7572458837937133,1.0828944722644154,1.0,0.004441937157490708,1.2387864905912727,0.08290170143238365,0.08083140877598151,0.19275839089696556,0.42011377887104506,국가중점=N AND 도메인=환경기상 AND 표준=N,형식=CSV,BI,0.04758346171850102,2545,['환경기상']
"frozenset({'국가중점=N', '표준=N', '도메인=환경기상'})","frozenset({'형식=CSV', '유형=FILE'})",0.07662951106847544,0.6992794803082281,0.058027381833727826,0.7572458837937133,1.0828944722644154,1.0,0.004441937157490708,1.2387864905912727,0.08290170143238365,0.08083140877598151,0.19275839089696556,0.42011377887104506,국가중점=N AND 도메인=환경기상 AND 표준=N,유형=FILE AND 형식=CSV,BI,0.04758346171850102,2545,['환경기상']
frozenset({'도메인=국토관리'}),"frozenset({'국가중점=N', '유형=FILE'})",0.059695734231463043,0.8547803509796357,0.05244882850380071,0.8786026200873361,1.0278694626992755,1.0,0.0014220878454436828,1.196233799484295,0.02883515073148674,0.06084358481208646,0.16404301531096416,0.4699810211786344,도메인=국토관리,국가중점=N AND 유형=FILE,BI,0.04736594975410351,2547,['국토관리']
frozenset({'도메인=국토관리'}),"frozenset({'국가중점=N', '표준=N', '유형=FILE'})",0.059695734231463043,0.8547803509796357,0.05244882850380071,0.8786026200873361,1.0278694626992755,1.0,0.0014220878454436828,1.196233799484295,0.02883515073148674,0.06084358481208646,0.16404301531096416,0.4699810211786344,도메인=국토관리,국가중점=N AND 유형=FILE AND 표준=N,BI,0.04736594975410351,2547,['국토관리']
"frozenset({'국가중점=N', '도메인=환경기상'})","frozenset({'형식=CSV', '표준=N'})",0.07697360875050832,0.6992794803082281,0.058027381833727826,0.7538607423462477,1.0780535731063656,1.0,0.004201316709223489,1.2217495191880356,0.07844013399676242,0.08079268292682927,0.18150162181803722,0.41842120814731226,국가중점=N AND 도메인=환경기상,표준=N AND 형식=CSV,BI,0.04715898475918018,2550,['환경기상']
"frozenset({'도메인=환경기상', '국가중점=N'})","frozenset({'형식=CSV', '유형=FILE'})",0.07697360875050832,0.6992794803082281,0.058027381833727826,0.7538607423462477,1.0780535731063656,1.0,0.004201316709223489,1.2217495191880356,0.07844013399676242,0.08079268292682927,0.18150162181803722,0.41842120814731226,국가중점=N AND 도메인=환경기상,유형=FILE AND 형식=CSV,BI,0.04715898475918018,2550,['환경기상']
"frozenset({'국가중점=N', '도메인=환경기상'})",frozenset({'형식=CSV'}),0.07697360875050832,0.6992794803082281,0.058027381833727826,0.7538607423462477,1.0780535731063656,1.0,0.004201316709223489,1.2217495191880356,0.07844013399676242,0.08079268292682927,0.18150162181803722,0.41842120814731226,국가중점=N AND 도메인=환경기상,형식=CSV,BI,0.04715898475918018,2550,['환경기상']
"frozenset({'국가중점=N', '도메인=환경기상'})","frozenset({'형식=CSV', '표준=N', '유형=FILE'})",0.07697360875050832,0.6992794803082281,0.058027381833727826,0.7538607423462477,1.0780535731063656,1.0,0.004201316709223489,1.2217495191880356,0.07844013399676242,0.08079268292682927,0.18150162181803722,0.41842120814731226,국가중점=N AND 도메인=환경기상,유형=FILE AND 표준=N AND 형식=CSV,BI,0.04715898475918018,2550,['환경기상']
"frozenset({'다운로드=L3(상)', '주기=수시'})",frozenset({'형식=CSV'}),0.07362647675255206,0.6992794803082281,0.056087922171360646,0.7617901147146297,1.08939291966475,1.0,0.004602437770910205,1.2624183053172424,0.08857933993533512,0.07824569059567968,0.20786953437854128,0.4209991385943606,다운로드=L3(상) AND 주기=수시,형식=CSV,BI,0.04654673602700445,2557,[]
"frozenset({'다운로드=L3(상)', '주기=수시'})","frozenset({'형식=CSV', '표준=N'})",0.07362647675255206,0.6992794803082281,0.056087922171360646,0.7617901147146297,1.08939291966475,1.0,0.004602437770910205,1.2624183053172424,0.08857933993533512,0.07824569059567968,0.20786953437854128,0.4209991385943606,다운로드=L3(상) AND 주기=수시,표준=N AND 형식=CSV,BI,0.04654673602700445,2557,[]
"frozenset({'다운로드=L3(상)', '주기=수시'})","frozenset({'형식=CSV', '유형=FILE'})",0.07362647675255206,0.6992794803082281,0.056087922171360646,0.7617901147146297,1.08939291966475,1.0,0.004602437770910205,1.2624183053172424,0.08857933993533512,0.07824569059567968,0.20786953437854128,0.4209991385943606,다운로드=L3(상) AND 주기=수시,유형=FILE AND 형식=CSV,BI,0.04654673602700445,2557,[]
"frozenset({'다운로드=L3(상)', '주기=수시'})","frozenset({'형식=CSV', '표준=N', '유형=FILE'})",0.07362647675255206,0.6992794803082281,0.056087922171360646,0.7617901147146297,1.08939291966475,1.0,0.004602437770910205,1.2624183053172424,0.08857933993533512,0.07824569059567968,0.20786953437854128,0.4209991385943606,다운로드=L3(상) AND 주기=수시,유형=FILE AND 표준=N AND 형식=CSV,BI,0.04654673602700445,2557,[]
"frozenset({'다운로드=L3(상)', '주기=수시', '유형=FILE'})",frozenset({'형식=CSV'}),0.07362647675255206,0.6992794803082281,0.056087922171360646,0.7617901147146297,1.08939291966475,1.0,0.004602437770910205,1.2624183053172424,0.08857933993533512,0.07824569059567968,0.20786953437854128,0.4209991385943606,다운로드=L3(상) AND 유형=FILE AND 주기=수시,형식=CSV,BI,0.04654673602700445,2557,[]
"frozenset({'다운로드=L3(상)', '표준=N', '주기=수시'})",frozenset({'형식=CSV'}),0.07362647675255206,0.6992794803082281,0.056087922171360646,0.7617901147146297,1.08939291966475,1.0,0.004602437770910205,1.2624183053172424,0.08857933993533512,0.07824569059567968,0.20786953437854128,0.4209991385943606,다운로드=L3(상) AND 주기=수시 AND 표준=N,형식=CSV,BI,0.04654673602700445,2557,[]
"frozenset({'다운로드=L3(상)', '주기=수시', '유형=FILE'})","frozenset({'형식=CSV', '표준=N'})",0.07362647675255206,0.6992794803082281,0.056087922171360646,0.7617901147146297,1.08939291966475,1.0,0.004602437770910205,1.2624183053172424,0.08857933993533512,0.07824569059567968,0.20786953437854128,0.4209991385943606,다운로드=L3(상) AND 유형=FILE AND 주기=수시,표준=N AND 형식=CSV,BI,0.04654673602700445,2557,[]
"frozenset({'다운로드=L3(상)', '표준=N', '주기=수시', '유형=FILE'})",frozenset({'형식=CSV'}),0.07362647675255206,0.6992794803082281,0.056087922171360646,0.7617901147146297,1.08939291966475,1.0,0.004602437770910205,1.2624183053172424,0.08857933993533512,0.07824569059567968,0.20786953437854128,0.4209991385943606,다운로드=L3(상) AND 유형=FILE AND 주기=수시 AND 표준=N,형식=CSV,BI,0.04654673602700445,2557,[]
"frozenset({'다운로드=L3(상)', '표준=N', '주기=수시'})","frozenset({'형식=CSV', '유형=FILE'})",0.07362647675255206,0.6992794803082281,0.056087922171360646,0.7617901147146297,1.08939291966475,1.0,0.004602437770910205,1.2624183053172424,0.08857933993533512,0.07824569059567968,0.20786953437854128,0.4209991385943606,다운로드=L3(상) AND 주기=수시 AND 표준=N,유형=FILE AND 형식=CSV,BI,0.04654673602700445,2557,[]
"frozenset({'다운로드=L3(상)', '국가중점=N', '주기=수시'})",frozenset({'형식=CSV'}),0.07138462821809537,0.6992794803082281,0.0545968322158848,0.7648261758691207,1.0937346188565422,1.0,0.004679026493539004,1.2787159489502307,0.09228947824619217,0.0762453948422233,0.2179654904430058,0.4214510075027276,국가중점=N AND 다운로드=L3(상) AND 주기=수시,형식=CSV,BI,0.04567117097634221,2566,[]
"frozenset({'다운로드=L3(상)', '국가중점=N', '표준=N', '주기=수시'})",frozenset({'형식=CSV'}),0.07138462821809537,0.6992794803082281,0.0545968322158848,0.7648261758691207,1.0937346188565422,1.0,0.004679026493539004,1.2787159489502307,0.09228947824619217,0.0762453948422233,0.2179654904430058,0.4214510075027276,국가중점=N AND 다운로드=L3(상) AND 주기=수시 AND 표준=N,형식=CSV,BI,0.04567117097634221,2566,[]
"frozenset({'다운로드=L3(상)', '국가중점=N', '주기=수시'})","frozenset({'형식=CSV', '표준=N'})",0.07138462821809537,0.6992794803082281,0.0545968322158848,0.7648261758691207,1.0937346188565422,1.0,0.004679026493539004,1.2787159489502307,0.09228947824619217,0.0762453948422233,0.2179654904430058,0.4214510075027276,국가중점=N AND 다운로드=L3(상) AND 주기=수시,표준=N AND 형식=CSV,BI,0.04567117097634221,2566,[]
"frozenset({'다운로드=L3(상)', '국가중점=N', '주기=수시', '유형=FILE'})",frozenset({'형식=CSV'}),0.07138462821809537,0.6992794803082281,0.0545968322158848,0.7648261758691207,1.0937346188565422,1.0,0.004679026493539004,1.2787159489502307,0.09228947824619217,0.0762453948422233,0.2179654904430058,0.4214510075027276,국가중점=N AND 다운로드=L3(상) AND 유형=FILE AND 주기=수시,형식=CSV,BI,0.04567117097634221,2566,[]
"frozenset({'다운로드=L3(상)', '국가중점=N', '주기=수시'})","frozenset({'형식=CSV', '유형=FILE'})",0.07138462821809537,0.6992794803082281,0.0545968322158848,0.7648261758691207,1.0937346188565422,1.0,0.004679026493539004,1.2787159489502307,0.09228947824619217,0.0762453948422233,0.2179654904430058,0.4214510075027276,국가중점=N AND 다운로드=L3(상) AND 주기=수시,유형=FILE AND 형식=CSV,BI,0.04567117097634221,2566,[]
"frozenset({'다운로드=L3(상)', '국가중점=N', '주기=수시', '유형=FILE'})","frozenset({'형식=CSV', '표준=N'})",0.07138462821809537,0.6992794803082281,0.0545968322158848,0.7648261758691207,1.0937346188565422,1.0,0.004679026493539004,1.2787159489502307,0.09228947824619217,0.0762453948422233,0.2179654904430058,0.4214510075027276,국가중점=N AND 다운로드=L3(상) AND 유형=FILE AND 주기=수시,표준=N AND 형식=CSV,BI,0.04567117097634221,2566,[]
"frozenset({'다운로드=L3(상)', '국가중점=N', '주기=수시'})","frozenset({'형식=CSV', '표준=N', '유형=FILE'})",0.07138462821809537,0.6992794803082281,0.0545968322158848,0.7648261758691207,1.0937346188565422,1.0,0.004679026493539004,1.2787159489502307,0.09228947824619217,0.0762453948422233,0.2179654904430058,0.4214510075027276,국가중점=N AND 다운로드=L3(상) AND 주기=수시,유형=FILE AND 표준=N AND 형식=CSV,BI,0.04567117097634221,2566,[]
"frozenset({'다운로드=L3(상)', '국가중점=N', '주기=수시', '표준=N', '유형=FILE'})",frozenset({'형식=CSV'}),0.07138462821809537,0.6992794803082281,0.0545968322158848,0.7648261758691207,1.0937346188565422,1.0,0.004679026493539004,1.2787159489502307,0.09228947824619217,0.0762453948422233,0.2179654904430058,0.4214510075027276,국가중점=N AND 다운로드=L3(상) AND 유형=FILE AND 주기=수시 AND 표준=N,형식=CSV,BI,0.04567117097634221,2566,[]
"frozenset({'다운로드=L3(상)', '국가중점=N', '표준=N', '주기=수시'})","frozenset({'형식=CSV', '유형=FILE'})",0.07138462821809537,0.6992794803082281,0.0545968322158848,0.7648261758691207,1.0937346188565422,1.0,0.004679026493539004,1.2787159489502307,0.09228947824619217,0.0762453948422233,0.2179654904430058,0.4214510075027276,국가중점=N AND 다운로드=L3(상) AND 주기=수시 AND 표준=N,유형=FILE AND 형식=CSV,BI,0.04567117097634221,2566,[]
"frozenset({'표준=N', '도메인=재정금융'})",frozenset({'유형=FILE'}),0.05674483592796888,0.8711614860848983,0.05009228074199973,0.8827636898199192,1.0133180861646702,1.0,0.000658365147346629,1.0989642519216043,0.013933712156478279,0.057064797766823064,0.09005229401098294,0.4701321291810884,도메인=재정금융 AND 표준=N,유형=FILE,BI,0.04480856764261738,2572,['재정금융']
frozenset({'도메인=재정금융'}),"frozenset({'표준=N', '유형=FILE'})",0.05674483592796888,0.8711614860848983,0.05009228074199973,0.8827636898199192,1.0133180861646702,1.0,0.000658365147346629,1.0989642519216043,0.013933712156478279,0.057064797766823064,0.09005229401098294,0.4701321291810884,도메인=재정금융,유형=FILE AND 표준=N,BI,0.04480856764261738,2572,['재정금융']
frozenset({'도메인=재정금융'}),frozenset({'유형=FILE'}),0.05674483592796888,0.8711614860848983,0.05009228074199973,0.8827636898199192,1.0133180861646702,1.0,0.000658365147346629,1.0989642519216043,0.013933712156478279,0.057064797766823064,0.09005229401098294,0.4701321291810884,도메인=재정금융,유형=FILE,BI,0.04480856764261738,2572,['재정금융']
